0	66
1	68
2	68
3	66
4	67
8	68
16	68
18	68
19	68
20	69
24	68
26	68
27	68
28	67
32	67
34	69
35	67
36	68
64	68
65	70
66	70
67	68
68	69
128	68
129	70
130	70
131	68
132	69
144	68
152	68
154	70
155	70
156	69
160	69
162	71
163	67
164	70
192	66
193	68
194	68
195	66
196	67
208	68
216	68
218	70
219	68
220	69
224	67
226	67
227	67
228	68
256	67
257	69
258	69
259	67
260	68
272	69
280	69
282	69
283	69
284	68
288	68
290	70
291	68
292	69
512	68
513	70
514	70
515	68
516	69
520	70
528	70
530	70
531	70
532	71
536	70
538	70
539	70
540	69
544	69
546	69
547	69
548	70
1024	68
1025	70
1026	70
1027	68
1028	69
1032	70
1040	70
1042	70
1043	70
1044	71
1048	70
1050	70
1051	70
1052	69
1056	69
1058	71
1059	69
1060	70
1152	68
1153	70
1154	70
1155	70
1156	69
1216	68
1217	70
1218	70
1219	68
1220	69
1232	70
1240	70
1242	70
1243	70
1244	71
1248	69
1250	69
1251	69
1252	70
1280	69
1281	71
1282	71
1283	69
1284	70
1296	71
1304	69
1306	71
1307	71
1308	70
1312	70
1314	70
1315	70
1316	71
1536	68
1537	68
1538	70
1539	68
1540	69
1544	70
1552	70
1554	70
1555	70
1556	71
1560	68
1562	68
1563	70
1564	67
1568	69
1570	69
1571	69
1572	70
1664	68
1665	70
1666	70
1667	70
1668	69
1728	68
1729	70
1730	70
1731	68
1732	69
1744	70
1752	70
1754	70
1755	70
1756	69
1760	69
1762	71
1763	69
1764	70
1792	69
1793	69
1794	69
1795	69
1796	68
1808	69
1816	69
1818	69
1819	69
1820	68
1824	70
1826	70
1827	70
1828	69
2048	67
2049	69
2050	69
2051	67
2052	68
2056	69
2064	69
2066	69
2067	69
2068	70
2072	69
2074	69
2075	69
2076	68
2080	68
2082	70
2083	68
2084	69
2176	69
2177	71
2178	71
2179	69
2180	70
2240	67
2241	69
2242	69
2243	67
2244	68
2256	69
2264	69
2266	71
2267	69
2268	70
2272	68
2274	68
2275	68
2276	69
2304	68
2305	70
2306	70
2307	68
2308	69
2320	70
2328	70
2330	70
2331	70
2332	69
2336	69
2338	71
2339	69
2340	70
4096	68
4097	70
4098	70
4099	68
4100	69
4104	70
4112	70
4114	70
4115	70
4116	71
4120	70
4122	70
4123	70
4124	69
4128	69
4130	71
4131	69
4132	70
4160	70
4161	72
4162	72
4163	70
4164	71
4224	70
4225	72
4226	72
4227	70
4228	71
4240	70
4248	70
4250	72
4251	72
4252	71
4256	71
4258	73
4259	69
4260	72
4288	68
4289	70
4290	70
4291	68
4292	69
4304	70
4312	70
4314	72
4315	70
4316	71
4320	69
4322	69
4323	69
4324	70
4352	69
4353	71
4354	71
4355	69
4356	70
4368	71
4376	71
4378	71
4379	71
4380	70
4384	70
4386	72
4387	70
4388	71
8192	68
8193	70
8194	70
8195	68
8196	69
8200	70
8208	70
8210	70
8211	70
8212	71
8216	70
8218	70
8219	70
8220	69
8224	69
8226	71
8227	69
8228	70
8256	70
8257	72
8258	72
8259	70
8260	71
8320	70
8321	72
8322	72
8323	70
8324	71
8336	70
8344	70
8346	72
8347	72
8348	71
8352	71
8354	73
8355	69
8356	72
8384	68
8385	70
8386	70
8387	68
8388	69
8400	70
8408	70
8410	72
8411	70
8412	71
8416	69
8418	69
8419	69
8420	70
8448	69
8449	71
8450	71
8451	69
8452	70
8464	71
8472	71
8474	71
8475	71
8476	70
8480	70
8482	72
8483	70
8484	71
9216	68
9217	70
9218	70
9219	68
9220	69
9224	70
9232	70
9234	70
9235	70
9236	71
9240	70
9242	70
9243	70
9244	69
9248	69
9250	71
9251	69
9252	70
9728	68
9729	70
9730	70
9731	68
9732	69
9736	70
9744	70
9746	70
9747	70
9748	71
9752	70
9754	70
9755	70
9756	69
9760	69
9762	71
9763	69
9764	70
9856	70
9857	72
9858	72
9859	70
9860	71
9920	70
9921	72
9922	72
9923	70
9924	71
9936	70
9944	70
9946	72
9947	72
9948	71
9952	71
9954	73
9955	69
9956	72
9984	69
9985	71
9986	71
9987	69
9988	70
10000	71
10008	71
10010	71
10011	71
10012	70
10016	70
10018	72
10019	70
10020	71
10240	69
10241	71
10242	71
10243	69
10244	70
10248	69
10256	71
10258	71
10259	69
10260	70
10264	69
10266	71
10267	71
10268	70
10272	70
10274	72
10275	68
10276	71
10368	71
10369	73
10370	73
10371	71
10372	72
10432	67
10433	69
10434	69
10435	67
10436	68
10448	69
10456	71
10458	73
10459	69
10460	72
10464	68
10466	70
10467	68
10468	69
10496	70
10497	72
10498	72
10499	70
10500	71
10512	70
10520	70
10522	72
10523	72
10524	71
10528	71
10530	73
10531	69
10532	72
12288	66
12289	68
12290	68
12291	68
12292	67
12296	68
12304	68
12306	68
12307	68
12308	69
12312	68
12314	68
12315	68
12316	69
12320	67
12322	69
12323	67
12324	68
12352	68
12353	70
12354	70
12355	70
12356	69
12416	68
12417	70
12418	70
12419	68
12420	69
12432	70
12440	70
12442	70
12443	70
12444	69
12448	69
12450	71
12451	69
12452	70
12480	66
12481	68
12482	68
12483	66
12484	67
12496	68
12504	68
12506	70
12507	68
12508	69
12512	67
12514	67
12515	67
12516	68
12544	67
12545	69
12546	69
12547	69
12548	68
12560	69
12568	69
12570	69
12571	69
12572	70
12576	68
12578	70
12579	68
12580	69
13312	68
13313	70
13314	70
13315	68
13316	69
13320	70
13328	70
13330	70
13331	70
13332	71
13336	70
13338	70
13339	70
13340	69
13344	69
13346	69
13347	69
13348	70
13824	68
13825	70
13826	70
13827	68
13828	69
13832	70
13840	70
13842	70
13843	70
13844	71
13848	70
13850	70
13851	70
13852	69
13856	69
13858	71
13859	69
13860	70
13952	70
13953	72
13954	72
13955	70
13956	71
14016	68
14017	70
14018	70
14019	68
14020	69
14032	70
14040	70
14042	72
14043	70
14044	71
14048	69
14050	69
14051	69
14052	70
14080	69
14081	71
14082	71
14083	69
14084	70
14096	71
14104	71
14106	71
14107	71
14108	70
14112	70
14114	72
14115	70
14116	71
14336	67
14337	69
14338	69
14339	67
14340	68
14344	69
14352	69
14354	69
14355	69
14356	70
14360	69
14362	69
14363	69
14364	70
14368	68
14370	68
14371	68
14372	69
14464	67
14465	69
14466	69
14467	69
14468	68
14528	67
14529	69
14530	69
14531	67
14532	68
14544	69
14552	69
14554	69
14555	69
14556	70
14560	68
14562	68
14563	68
14564	69
14592	68
14593	70
14594	70
14595	68
14596	69
14608	70
14616	70
14618	70
14619	70
14620	71
14624	69
14626	69
14627	69
14628	70
16384	67
16385	69
16386	69
16387	67
16388	68
16392	69
16400	69
16402	69
16403	69
16404	70
16408	69
16410	69
16411	69
16412	68
16416	68
16418	70
16419	68
16420	69
16448	69
16449	71
16450	71
16451	69
16452	70
16512	69
16513	71
16514	71
16515	69
16516	70
16528	69
16536	69
16538	71
16539	71
16540	70
16544	70
16546	72
16547	68
16548	71
16576	67
16577	69
16578	69
16579	67
16580	68
16592	69
16600	69
16602	71
16603	69
16604	70
16608	68
16610	68
16611	68
16612	69
16640	68
16641	70
16642	70
16643	68
16644	69
16656	70
16664	70
16666	70
16667	70
16668	69
16672	69
16674	71
16675	69
16676	70
17408	69
17409	71
17410	71
17411	69
17412	70
17416	71
17424	71
17426	71
17427	71
17428	72
17432	71
17434	71
17435	71
17436	70
17440	70
17442	70
17443	70
17444	71
17920	69
17921	69
17922	71
17923	69
17924	70
17928	71
17936	71
17938	71
17939	71
17940	72
17944	69
17946	69
17947	71
17948	68
17952	70
17954	70
17955	70
17956	71
18048	69
18049	71
18050	71
18051	71
18052	70
18112	69
18113	71
18114	71
18115	69
18116	70
18128	71
18136	71
18138	71
18139	71
18140	70
18144	70
18146	72
18147	70
18148	71
18176	70
18177	70
18178	70
18179	70
18180	69
18192	70
18200	70
18202	70
18203	70
18204	69
18208	71
18210	71
18211	71
18212	70
18432	68
18433	70
18434	70
18435	68
18436	69
18440	70
18448	70
18450	70
18451	70
18452	71
18456	70
18458	70
18459	70
18460	69
18464	69
18466	71
18467	69
18468	70
18560	70
18561	72
18562	72
18563	70
18564	71
18624	68
18625	70
18626	70
18627	68
18628	69
18640	70
18648	70
18650	72
18651	70
18652	71
18656	69
18658	69
18659	69
18660	70
18688	69
18689	71
18690	71
18691	69
18692	70
18704	71
18712	71
18714	71
18715	71
18716	70
18720	70
18722	72
18723	70
18724	71
32768	68
32769	70
32770	70
32771	68
32772	69
32776	70
32784	70
32786	70
32787	70
32788	71
32792	70
32794	70
32795	70
32796	69
32800	69
32802	71
32803	69
32804	70
32832	70
32833	72
32834	72
32835	70
32836	71
32896	70
32897	72
32898	72
32899	70
32900	71
32912	70
32920	70
32922	72
32923	72
32924	71
32928	71
32930	73
32931	69
32932	72
32960	68
32961	70
32962	70
32963	68
32964	69
32976	70
32984	70
32986	72
32987	70
32988	71
32992	69
32994	69
32995	69
32996	70
33024	69
33025	71
33026	71
33027	69
33028	70
33040	71
33048	71
33050	71
33051	71
33052	70
33056	70
33058	72
33059	70
33060	71
33280	70
33281	72
33282	72
33283	70
33284	71
33288	72
33296	72
33298	72
33299	72
33300	73
33304	72
33306	72
33307	72
33308	71
33312	71
33314	71
33315	71
33316	72
33792	70
33793	72
33794	72
33795	70
33796	71
33800	72
33808	72
33810	72
33811	72
33812	73
33816	72
33818	72
33819	72
33820	71
33824	71
33826	71
33827	71
33828	72
33920	70
33921	72
33922	72
33923	72
33924	71
33984	70
33985	72
33986	72
33987	70
33988	71
34000	72
34008	72
34010	72
34011	72
34012	73
34016	71
34018	71
34019	71
34020	72
34048	71
34049	73
34050	73
34051	71
34052	72
34064	73
34072	71
34074	73
34075	73
34076	72
34080	72
34082	72
34083	72
34084	73
34304	70
34305	70
34306	72
34307	70
34308	71
34312	72
34320	72
34322	72
34323	72
34324	73
34328	70
34330	70
34331	72
34332	69
34336	71
34338	71
34339	71
34340	72
34432	70
34433	72
34434	72
34435	72
34436	71
34496	70
34497	72
34498	72
34499	70
34500	71
34512	72
34520	72
34522	72
34523	72
34524	71
34528	71
34530	71
34531	71
34532	72
34560	71
34561	71
34562	71
34563	71
34564	70
34576	71
34584	71
34586	71
34587	71
34588	70
34592	72
34594	72
34595	72
34596	71
34816	69
34817	71
34818	71
34819	69
34820	70
34824	71
34832	71
34834	71
34835	71
34836	72
34840	71
34842	71
34843	71
34844	70
34848	70
34850	70
34851	70
34852	71
34944	69
34945	71
34946	71
34947	71
34948	70
35008	69
35009	71
35010	71
35011	69
35012	70
35024	71
35032	71
35034	71
35035	71
35036	72
35040	70
35042	70
35043	70
35044	71
35072	70
35073	72
35074	72
35075	70
35076	71
35088	72
35096	72
35098	72
35099	72
35100	71
35104	71
35106	71
35107	71
35108	72
65536	68
65537	70
65538	70
65539	68
65540	69
65544	70
65552	70
65554	70
65555	70
65556	71
65560	70
65562	70
65563	70
65564	69
65568	69
65570	71
65571	69
65572	70
65600	70
65601	72
65602	72
65603	70
65604	71
65664	70
65665	72
65666	72
65667	70
65668	71
65680	70
65688	70
65690	72
65691	72
65692	71
65696	71
65698	73
65699	69
65700	72
65728	68
65729	70
65730	70
65731	68
65732	69
65744	70
65752	70
65754	72
65755	70
65756	71
65760	69
65762	69
65763	69
65764	70
65792	69
65793	71
65794	71
65795	69
65796	70
65808	71
65816	71
65818	71
65819	71
65820	70
65824	70
65826	72
65827	70
65828	71
66048	70
66049	72
66050	72
66051	70
66052	71
66056	72
66064	72
66066	72
66067	72
66068	73
66072	72
66074	72
66075	72
66076	71
66080	71
66082	71
66083	71
66084	72
66560	70
66561	72
66562	72
66563	70
66564	71
66568	72
66576	72
66578	72
66579	72
66580	73
66584	72
66586	72
66587	72
66588	71
66592	71
66594	73
66595	71
66596	72
66688	70
66689	72
66690	72
66691	72
66692	71
66752	70
66753	72
66754	72
66755	70
66756	71
66768	72
66776	72
66778	72
66779	72
66780	73
66784	71
66786	71
66787	71
66788	72
66816	71
66817	73
66818	73
66819	71
66820	72
66832	73
66840	71
66842	73
66843	73
66844	72
66848	72
66850	72
66851	72
66852	73
67072	70
67073	70
67074	72
67075	70
67076	71
67080	72
67088	72
67090	72
67091	72
67092	73
67096	70
67098	70
67099	72
67100	69
67104	71
67106	71
67107	71
67108	72
67200	70
67201	72
67202	72
67203	72
67204	71
67264	70
67265	72
67266	72
67267	70
67268	71
67280	72
67288	72
67290	72
67291	72
67292	71
67296	71
67298	73
67299	71
67300	72
67328	71
67329	71
67330	71
67331	71
67332	70
67344	71
67352	71
67354	71
67355	71
67356	70
67360	72
67362	72
67363	72
67364	71
67584	69
67585	71
67586	71
67587	69
67588	70
67592	71
67600	71
67602	71
67603	71
67604	72
67608	71
67610	71
67611	71
67612	70
67616	70
67618	72
67619	70
67620	71
67712	71
67713	73
67714	73
67715	71
67716	72
67776	69
67777	71
67778	71
67779	69
67780	70
67792	71
67800	71
67802	73
67803	71
67804	72
67808	70
67810	70
67811	70
67812	71
67840	70
67841	72
67842	72
67843	70
67844	71
67856	72
67864	72
67866	72
67867	72
67868	71
67872	71
67874	73
67875	71
67876	72
73728	68
73729	70
73730	70
73731	70
73732	69
73736	70
73744	70
73746	70
73747	70
73748	71
73752	70
73754	70
73755	70
73756	71
73760	69
73762	71
73763	71
73764	70
73792	70
73793	72
73794	72
73795	72
73796	71
73856	70
73857	72
73858	72
73859	72
73860	71
73872	72
73880	72
73882	72
73883	72
73884	73
73888	71
73890	73
73891	71
73892	72
73920	70
73921	72
73922	72
73923	70
73924	71
73936	72
73944	70
73946	72
73947	72
73948	71
73952	71
73954	71
73955	71
73956	72
73984	69
73985	71
73986	71
73987	71
73988	70
74000	71
74008	71
74010	71
74011	71
74012	72
74016	70
74018	72
74019	72
74020	71
77824	68
77825	70
77826	70
77827	70
77828	69
77832	70
77840	70
77842	70
77843	70
77844	71
77848	70
77850	70
77851	70
77852	71
77856	69
77858	71
77859	69
77860	70
77888	70
77889	72
77890	72
77891	72
77892	71
77952	70
77953	72
77954	72
77955	70
77956	71
77968	72
77976	72
77978	72
77979	72
77980	71
77984	71
77986	73
77987	71
77988	72
78016	68
78017	70
78018	70
78019	68
78020	69
78032	70
78040	70
78042	72
78043	70
78044	71
78048	69
78050	69
78051	69
78052	70
78080	69
78081	71
78082	71
78083	71
78084	70
78096	71
78104	71
78106	71
78107	71
78108	72
78112	70
78114	72
78115	70
78116	71
78848	70
78849	72
78850	72
78851	70
78852	71
78856	72
78864	72
78866	72
78867	72
78868	73
78872	72
78874	72
78875	72
78876	71
78880	71
78882	71
78883	71
78884	72
79360	70
79361	72
79362	72
79363	70
79364	71
79368	72
79376	72
79378	72
79379	72
79380	73
79384	72
79386	72
79387	72
79388	71
79392	71
79394	71
79395	71
79396	72
79488	70
79489	72
79490	72
79491	72
79492	71
79552	70
79553	72
79554	72
79555	70
79556	71
79568	72
79576	72
79578	72
79579	72
79580	73
79584	71
79586	71
79587	71
79588	72
79616	71
79617	73
79618	73
79619	71
79620	72
79632	73
79640	71
79642	73
79643	73
79644	72
79648	72
79650	72
79651	72
79652	73
79872	69
79873	71
79874	71
79875	69
79876	70
79880	71
79888	71
79890	71
79891	71
79892	72
79896	71
79898	71
79899	71
79900	72
79904	70
79906	70
79907	70
79908	71
80000	69
80001	71
80002	71
80003	71
80004	70
80064	69
80065	71
80066	71
80067	69
80068	70
80080	71
80088	71
80090	71
80091	71
80092	72
80096	70
80098	70
80099	70
80100	71
80128	70
80129	72
80130	72
80131	70
80132	71
80144	72
80152	72
80154	72
80155	72
80156	73
80160	71
80162	71
80163	71
80164	72
81920	69
81921	71
81922	71
81923	69
81924	70
81928	71
81936	71
81938	71
81939	71
81940	72
81944	71
81946	71
81947	71
81948	70
81952	70
81954	72
81955	70
81956	71
81984	71
81985	73
81986	73
81987	71
81988	72
82048	71
82049	73
82050	73
82051	71
82052	72
82064	71
82072	71
82074	73
82075	73
82076	72
82080	72
82082	74
82083	70
82084	73
82112	69
82113	71
82114	71
82115	69
82116	70
82128	71
82136	71
82138	73
82139	71
82140	72
82144	70
82146	70
82147	70
82148	71
82176	70
82177	72
82178	72
82179	70
82180	71
82192	72
82200	70
82202	72
82203	72
82204	71
82208	71
82210	73
82211	71
82212	72
82944	71
82945	73
82946	73
82947	71
82948	72
82952	73
82960	73
82962	73
82963	73
82964	74
82968	73
82970	73
82971	73
82972	72
82976	72
82978	72
82979	72
82980	73
83456	69
83457	71
83458	71
83459	71
83460	70
83464	71
83472	71
83474	71
83475	71
83476	72
83480	69
83482	71
83483	71
83484	70
83488	70
83490	72
83491	72
83492	71
83584	71
83585	73
83586	73
83587	71
83588	72
83648	71
83649	73
83650	73
83651	71
83652	72
83664	73
83672	71
83674	73
83675	73
83676	72
83680	72
83682	72
83683	72
83684	73
83712	70
83713	72
83714	72
83715	72
83716	71
83728	72
83736	70
83738	72
83739	72
83740	71
83744	71
83746	73
83747	73
83748	72
83968	70
83969	72
83970	72
83971	70
83972	71
83976	72
83984	72
83986	72
83987	72
83988	73
83992	72
83994	72
83995	72
83996	71
84000	71
84002	71
84003	71
84004	72
84096	70
84097	72
84098	72
84099	72
84100	71
84160	70
84161	72
84162	72
84163	70
84164	71
84176	72
84184	72
84186	72
84187	72
84188	73
84192	71
84194	71
84195	71
84196	72
84224	71
84225	73
84226	73
84227	71
84228	72
84240	73
84248	71
84250	73
84251	73
84252	72
84256	72
84258	72
84259	72
84260	73
98304	68
98305	70
98306	70
98307	68
98308	69
98312	70
98320	70
98322	70
98323	70
98324	71
98328	70
98330	70
98331	70
98332	69
98336	69
98338	69
98339	69
98340	70
98368	70
98369	70
98370	70
98371	70
98372	69
98432	70
98433	72
98434	72
98435	70
98436	71
98448	70
98456	70
98458	70
98459	70
98460	71
98464	69
98466	71
98467	69
98468	70
98496	68
98497	70
98498	70
98499	68
98500	69
98512	70
98520	70
98522	70
98523	70
98524	71
98528	69
98530	69
98531	69
98532	70
98560	69
98561	71
98562	71
98563	69
98564	70
98576	71
98584	69
98586	71
98587	71
98588	70
98592	70
98594	70
98595	70
98596	71
98816	70
98817	72
98818	72
98819	70
98820	71
98824	72
98832	72
98834	72
98835	72
98836	73
98840	72
98842	72
98843	72
98844	71
98848	71
98850	71
98851	71
98852	72
99328	70
99329	70
99330	72
99331	70
99332	71
99336	72
99344	72
99346	72
99347	72
99348	73
99352	70
99354	70
99355	72
99356	69
99360	71
99362	71
99363	71
99364	72
99456	70
99457	72
99458	72
99459	72
99460	71
99520	70
99521	72
99522	72
99523	70
99524	71
99536	72
99544	72
99546	72
99547	72
99548	73
99552	71
99554	71
99555	71
99556	72
99584	71
99585	73
99586	73
99587	71
99588	72
99600	73
99608	71
99610	73
99611	73
99612	72
99616	72
99618	72
99619	72
99620	73
99840	68
99841	68
99842	70
99843	68
99844	69
99848	70
99856	70
99858	70
99859	70
99860	71
99864	68
99866	68
99867	70
99868	67
99872	69
99874	69
99875	69
99876	70
99968	70
99969	70
99970	70
99971	70
99972	69
100032	70
100033	72
100034	72
100035	70
100036	71
100048	72
100056	70
100058	72
100059	72
100060	71
100064	71
100066	71
100067	71
100068	72
100096	69
100097	69
100098	69
100099	69
100100	68
100112	69
100120	69
100122	69
100123	69
100124	68
100128	70
100130	70
100131	70
100132	69
100352	69
100353	71
100354	71
100355	69
100356	70
100360	71
100368	71
100370	71
100371	71
100372	72
100376	71
100378	71
100379	71
100380	70
100384	70
100386	70
100387	70
100388	71
100480	69
100481	71
100482	71
100483	71
100484	70
100544	69
100545	71
100546	71
100547	69
100548	70
100560	71
100568	71
100570	71
100571	71
100572	72
100576	70
100578	70
100579	70
100580	71
100608	70
100609	72
100610	72
100611	70
100612	71
100624	72
100632	70
100634	72
100635	72
100636	71
100640	71
100642	71
100643	71
100644	72
106496	68
106497	70
106498	70
106499	70
106500	69
106504	70
106512	70
106514	70
106515	70
106516	71
106520	70
106522	70
106523	70
106524	69
106528	69
106530	71
106531	71
106532	70
106560	70
106561	72
106562	72
106563	72
106564	71
106624	70
106625	72
106626	72
106627	72
106628	71
106640	72
106648	72
106650	72
106651	72
106652	71
106656	71
106658	73
106659	71
106660	72
106688	70
106689	72
106690	72
106691	70
106692	71
106704	72
106712	70
106714	72
106715	72
106716	71
106720	71
106722	71
106723	71
106724	72
106752	69
106753	71
106754	71
106755	71
106756	70
106768	71
106776	71
106778	71
106779	71
106780	70
106784	70
106786	72
106787	72
106788	71
110592	68
110593	70
110594	70
110595	68
110596	69
110600	70
110608	70
110610	70
110611	70
110612	71
110616	70
110618	70
110619	70
110620	69
110624	69
110626	71
110627	69
110628	70
110656	70
110657	72
110658	72
110659	70
110660	71
110720	70
110721	72
110722	72
110723	70
110724	71
110736	70
110744	70
110746	72
110747	72
110748	71
110752	71
110754	73
110755	69
110756	72
110784	68
110785	70
110786	70
110787	68
110788	69
110800	70
110808	70
110810	72
110811	70
110812	71
110816	69
110818	69
110819	69
110820	70
110848	69
110849	71
110850	71
110851	69
110852	70
110864	71
110872	71
110874	71
110875	71
110876	70
110880	70
110882	72
110883	70
110884	71
111616	70
111617	72
111618	72
111619	70
111620	71
111624	72
111632	72
111634	72
111635	72
111636	73
111640	72
111642	72
111643	72
111644	71
111648	71
111650	71
111651	71
111652	72
112128	70
112129	70
112130	72
112131	70
112132	71
112136	72
112144	72
112146	72
112147	72
112148	73
112152	70
112154	70
112155	72
112156	69
112160	71
112162	71
112163	71
112164	72
112256	70
112257	72
112258	72
112259	72
112260	71
112320	70
112321	72
112322	72
112323	70
112324	71
112336	72
112344	72
112346	72
112347	72
112348	71
112352	71
112354	73
112355	71
112356	72
112384	71
112385	71
112386	71
112387	71
112388	70
112400	71
112408	71
112410	71
112411	71
112412	70
112416	72
112418	72
112419	72
112420	71
112640	69
112641	71
112642	71
112643	69
112644	70
112648	71
112656	71
112658	71
112659	71
112660	72
112664	71
112666	71
112667	71
112668	70
112672	70
112674	72
112675	70
112676	71
112768	71
112769	73
112770	73
112771	71
112772	72
112832	69
112833	71
112834	71
112835	69
112836	70
112848	71
112856	71
112858	73
112859	71
112860	72
112864	70
112866	70
112867	70
112868	71
112896	70
112897	72
112898	72
112899	70
112900	71
112912	72
112920	72
112922	72
112923	72
112924	71
112928	71
112930	73
112931	71
112932	72
114688	69
114689	69
114690	71
114691	69
114692	70
114696	71
114704	71
114706	71
114707	71
114708	72
114712	69
114714	69
114715	71
114716	68
114720	70
114722	70
114723	70
114724	71
114752	71
114753	71
114754	71
114755	71
114756	70
114816	71
114817	71
114818	71
114819	71
114820	70
114832	71
114840	71
114842	71
114843	71
114844	70
114848	70
114850	72
114851	70
114852	71
114880	69
114881	71
114882	71
114883	69
114884	70
114896	71
114904	71
114906	71
114907	71
114908	70
114912	70
114914	70
114915	70
114916	71
114944	70
114945	70
114946	70
114947	70
114948	69
114960	70
114968	70
114970	70
114971	70
114972	69
114976	71
114978	71
114979	71
114980	70
115712	69
115713	71
115714	71
115715	69
115716	70
115720	71
115728	71
115730	71
115731	71
115732	72
115736	71
115738	71
115739	71
115740	70
115744	70
115746	70
115747	70
115748	71
116224	69
116225	69
116226	71
116227	69
116228	70
116232	71
116240	71
116242	71
116243	71
116244	72
116248	69
116250	69
116251	71
116252	68
116256	70
116258	70
116259	70
116260	71
116352	71
116353	71
116354	71
116355	71
116356	70
116416	71
116417	71
116418	71
116419	71
116420	70
116432	71
116440	71
116442	71
116443	71
116444	70
116448	72
116450	72
116451	72
116452	71
116480	70
116481	70
116482	70
116483	70
116484	69
116496	70
116504	70
116506	70
116507	70
116508	69
116512	71
116514	71
116515	71
116516	70
116736	70
116737	70
116738	72
116739	70
116740	71
116744	72
116752	72
116754	72
116755	72
116756	73
116760	70
116762	70
116763	72
116764	69
116768	71
116770	71
116771	71
116772	72
116864	70
116865	72
116866	72
116867	72
116868	71
116928	70
116929	72
116930	72
116931	70
116932	71
116944	72
116952	72
116954	72
116955	72
116956	71
116960	71
116962	71
116963	71
116964	72
116992	71
116993	71
116994	71
116995	71
116996	70
117008	71
117016	71
117018	71
117019	71
117020	70
117024	72
117026	72
117027	72
117028	71
131072	67
131073	69
131074	69
131075	67
131076	68
131080	69
131088	69
131090	69
131091	69
131092	70
131096	69
131098	69
131099	69
131100	68
131104	68
131106	70
131107	68
131108	69
131136	69
131137	71
131138	71
131139	69
131140	70
131200	69
131201	71
131202	71
131203	69
131204	70
131216	69
131224	69
131226	71
131227	71
131228	70
131232	70
131234	72
131235	68
131236	71
131264	67
131265	69
131266	69
131267	67
131268	68
131280	69
131288	69
131290	71
131291	69
131292	70
131296	68
131298	68
131299	68
131300	69
131328	68
131329	70
131330	70
131331	68
131332	69
131344	70
131352	70
131354	70
131355	70
131356	69
131360	69
131362	71
131363	69
131364	70
131584	69
131585	71
131586	71
131587	69
131588	70
131592	71
131600	71
131602	71
131603	71
131604	72
131608	71
131610	71
131611	71
131612	70
131616	70
131618	70
131619	70
131620	71
132096	69
132097	71
132098	71
132099	69
132100	70
132104	71
132112	71
132114	71
132115	71
132116	72
132120	71
132122	71
132123	71
132124	70
132128	70
132130	72
132131	70
132132	71
132224	69
132225	71
132226	71
132227	71
132228	70
132288	69
132289	71
132290	71
132291	69
132292	70
132304	71
132312	71
132314	71
132315	71
132316	72
132320	70
132322	70
132323	70
132324	71
132352	70
132353	72
132354	72
132355	70
132356	71
132368	72
132376	70
132378	72
132379	72
132380	71
132384	71
132386	71
132387	71
132388	72
132608	69
132609	69
132610	71
132611	69
132612	70
132616	71
132624	71
132626	71
132627	71
132628	72
132632	69
132634	69
132635	71
132636	68
132640	70
132642	70
132643	70
132644	71
132736	69
132737	71
132738	71
132739	71
132740	70
132800	69
132801	71
132802	71
132803	69
132804	70
132816	71
132824	71
132826	71
132827	71
132828	70
132832	70
132834	72
132835	70
132836	71
132864	70
132865	70
132866	70
132867	70
132868	69
132880	70
132888	70
132890	70
132891	70
132892	69
132896	71
132898	71
132899	71
132900	70
133120	68
133121	70
133122	70
133123	68
133124	69
133128	70
133136	70
133138	70
133139	70
133140	71
133144	70
133146	70
133147	70
133148	69
133152	69
133154	71
133155	69
133156	70
133248	70
133249	72
133250	72
133251	70
133252	71
133312	68
133313	70
133314	70
133315	68
133316	69
133328	70
133336	70
133338	72
133339	70
133340	71
133344	69
133346	69
133347	69
133348	70
133376	69
133377	71
133378	71
133379	69
133380	70
133392	71
133400	71
133402	71
133403	71
133404	70
133408	70
133410	72
133411	70
133412	71
139264	69
139265	71
139266	71
139267	69
139268	70
139272	71
139280	71
139282	71
139283	71
139284	72
139288	69
139290	71
139291	71
139292	70
139296	70
139298	72
139299	70
139300	71
139328	71
139329	73
139330	73
139331	71
139332	72
139392	71
139393	73
139394	73
139395	71
139396	72
139408	71
139416	71
139418	73
139419	73
139420	72
139424	72
139426	74
139427	70
139428	73
139456	69
139457	71
139458	71
139459	69
139460	70
139472	71
139480	71
139482	73
139483	71
139484	72
139488	70
139490	70
139491	70
139492	71
139520	70
139521	72
139522	72
139523	70
139524	71
139536	72
139544	70
139546	72
139547	72
139548	71
139552	71
139554	73
139555	71
139556	72
143360	67
143361	69
143362	69
143363	69
143364	68
143368	69
143376	69
143378	69
143379	69
143380	70
143384	69
143386	69
143387	69
143388	70
143392	68
143394	70
143395	68
143396	69
143424	69
143425	71
143426	71
143427	71
143428	70
143488	69
143489	71
143490	71
143491	69
143492	70
143504	71
143512	71
143514	71
143515	71
143516	70
143520	70
143522	72
143523	70
143524	71
143552	67
143553	69
143554	69
143555	67
143556	68
143568	69
143576	69
143578	71
143579	69
143580	70
143584	68
143586	68
143587	68
143588	69
143616	68
143617	70
143618	70
143619	70
143620	69
143632	70
143640	70
143642	70
143643	70
143644	71
143648	69
143650	71
143651	69
143652	70
144384	69
144385	71
144386	71
144387	69
144388	70
144392	71
144400	71
144402	71
144403	71
144404	72
144408	71
144410	71
144411	71
144412	70
144416	70
144418	70
144419	70
144420	71
144896	69
144897	71
144898	71
144899	69
144900	70
144904	71
144912	71
144914	71
144915	71
144916	72
144920	71
144922	71
144923	71
144924	70
144928	70
144930	72
144931	70
144932	71
145024	71
145025	73
145026	73
145027	71
145028	72
145088	69
145089	71
145090	71
145091	69
145092	70
145104	71
145112	71
145114	73
145115	71
145116	72
145120	70
145122	70
145123	70
145124	71
145152	70
145153	72
145154	72
145155	70
145156	71
145168	72
145176	72
145178	72
145179	72
145180	71
145184	71
145186	73
145187	71
145188	72
145408	68
145409	70
145410	70
145411	68
145412	69
145416	70
145424	70
145426	70
145427	70
145428	71
145432	70
145434	70
145435	70
145436	71
145440	69
145442	69
145443	69
145444	70
145536	68
145537	70
145538	70
145539	70
145540	69
145600	68
145601	70
145602	70
145603	68
145604	69
145616	70
145624	70
145626	70
145627	70
145628	71
145632	69
145634	69
145635	69
145636	70
145664	69
145665	71
145666	71
145667	69
145668	70
145680	71
145688	71
145690	71
145691	71
145692	72
145696	70
145698	70
145699	70
145700	71
147456	68
147457	70
147458	70
147459	68
147460	69
147464	70
147472	70
147474	70
147475	70
147476	71
147480	70
147482	70
147483	70
147484	69
147488	69
147490	71
147491	69
147492	70
147520	70
147521	72
147522	72
147523	70
147524	71
147584	70
147585	72
147586	72
147587	70
147588	71
147600	70
147608	70
147610	72
147611	72
147612	71
147616	71
147618	73
147619	69
147620	72
147648	68
147649	70
147650	70
147651	68
147652	69
147664	70
147672	70
147674	72
147675	70
147676	71
147680	69
147682	69
147683	69
147684	70
147712	69
147713	71
147714	71
147715	69
147716	70
147728	71
147736	71
147738	71
147739	71
147740	70
147744	70
147746	72
147747	70
147748	71
148480	70
148481	72
148482	72
148483	70
148484	71
148488	72
148496	72
148498	72
148499	72
148500	73
148504	72
148506	72
148507	72
148508	71
148512	71
148514	71
148515	71
148516	72
148992	70
148993	70
148994	72
148995	70
148996	71
149000	72
149008	72
149010	72
149011	72
149012	73
149016	70
149018	70
149019	72
149020	69
149024	71
149026	71
149027	71
149028	72
149120	70
149121	72
149122	72
149123	72
149124	71
149184	70
149185	72
149186	72
149187	70
149188	71
149200	72
149208	72
149210	72
149211	72
149212	71
149216	71
149218	73
149219	71
149220	72
149248	71
149249	71
149250	71
149251	71
149252	70
149264	71
149272	71
149274	71
149275	71
149276	70
149280	72
149282	72
149283	72
149284	71
149504	69
149505	71
149506	71
149507	69
149508	70
149512	71
149520	71
149522	71
149523	71
149524	72
149528	71
149530	71
149531	71
149532	70
149536	70
149538	72
149539	70
149540	71
149632	71
149633	73
149634	73
149635	71
149636	72
149696	69
149697	71
149698	71
149699	69
149700	70
149712	71
149720	71
149722	73
149723	71
149724	72
149728	70
149730	70
149731	70
149732	71
149760	70
149761	72
149762	72
149763	70
149764	71
149776	72
149784	72
149786	72
149787	72
149788	71
149792	71
149794	73
149795	71
149796	72
262144	68
262145	70
262146	70
262147	68
262148	69
262152	70
262160	70
262162	70
262163	70
262164	71
262168	70
262170	70
262171	70
262172	69
262176	69
262178	71
262179	69
262180	70
262208	70
262209	72
262210	72
262211	70
262212	71
262272	70
262273	72
262274	72
262275	70
262276	71
262288	70
262296	70
262298	72
262299	72
262300	71
262304	71
262306	73
262307	69
262308	72
262336	68
262337	70
262338	70
262339	68
262340	69
262352	70
262360	70
262362	72
262363	70
262364	71
262368	69
262370	69
262371	69
262372	70
262400	69
262401	71
262402	71
262403	69
262404	70
262416	71
262424	69
262426	71
262427	71
262428	70
262432	70
262434	72
262435	70
262436	71
262656	70
262657	72
262658	72
262659	70
262660	71
262664	72
262672	72
262674	72
262675	72
262676	73
262680	72
262682	72
262683	72
262684	71
262688	71
262690	71
262691	71
262692	72
263168	70
263169	72
263170	72
263171	70
263172	71
263176	72
263184	72
263186	72
263187	72
263188	73
263192	70
263194	72
263195	72
263196	71
263200	71
263202	73
263203	71
263204	72
263296	70
263297	72
263298	72
263299	72
263300	71
263360	70
263361	72
263362	72
263363	70
263364	71
263376	72
263384	72
263386	72
263387	72
263388	73
263392	71
263394	71
263395	71
263396	72
263424	71
263425	73
263426	73
263427	71
263428	72
263440	73
263448	71
263450	73
263451	73
263452	72
263456	72
263458	72
263459	72
263460	73
263680	68
263681	70
263682	70
263683	70
263684	69
263688	70
263696	70
263698	70
263699	70
263700	71
263704	68
263706	70
263707	70
263708	69
263712	69
263714	71
263715	71
263716	70
263808	70
263809	72
263810	72
263811	70
263812	71
263872	70
263873	72
263874	72
263875	70
263876	71
263888	72
263896	70
263898	72
263899	72
263900	71
263904	71
263906	73
263907	71
263908	72
263936	69
263937	71
263938	71
263939	71
263940	70
263952	71
263960	69
263962	71
263963	71
263964	70
263968	70
263970	72
263971	72
263972	71
264192	69
264193	71
264194	71
264195	69
264196	70
264200	71
264208	71
264210	71
264211	71
264212	72
264216	71
264218	71
264219	71
264220	70
264224	70
264226	72
264227	70
264228	71
264320	71
264321	73
264322	73
264323	71
264324	72
264384	69
264385	71
264386	71
264387	69
264388	70
264400	71
264408	71
264410	73
264411	71
264412	72
264416	70
264418	70
264419	70
264420	71
264448	70
264449	72
264450	72
264451	70
264452	71
264464	72
264472	70
264474	72
264475	72
264476	71
264480	71
264482	73
264483	71
264484	72
266240	70
266241	72
266242	72
266243	70
266244	71
266248	72
266256	72
266258	72
266259	72
266260	73
266264	70
266266	72
266267	72
266268	71
266272	71
266274	73
266275	71
266276	72
266304	72
266305	74
266306	74
266307	72
266308	73
266368	72
266369	74
266370	74
266371	72
266372	73
266384	72
266392	72
266394	74
266395	74
266396	73
266400	73
266402	75
266403	71
266404	74
266432	70
266433	72
266434	72
266435	70
266436	71
266448	72
266456	72
266458	74
266459	72
266460	73
266464	71
266466	71
266467	71
266468	72
266496	71
266497	73
266498	73
266499	71
266500	72
266512	73
266520	71
266522	73
266523	73
266524	72
266528	72
266530	74
266531	72
266532	73
270336	70
270337	72
270338	72
270339	70
270340	71
270344	72
270352	72
270354	72
270355	72
270356	73
270360	72
270362	72
270363	72
270364	71
270368	71
270370	73
270371	71
270372	72
270400	72
270401	74
270402	74
270403	72
270404	73
270464	72
270465	74
270466	74
270467	72
270468	73
270480	72
270488	72
270490	74
270491	74
270492	73
270496	73
270498	75
270499	71
270500	74
270528	70
270529	72
270530	72
270531	70
270532	71
270544	72
270552	72
270554	74
270555	72
270556	73
270560	71
270562	71
270563	71
270564	72
270592	71
270593	73
270594	73
270595	71
270596	72
270608	73
270616	71
270618	73
270619	73
270620	72
270624	72
270626	74
270627	72
270628	73
271360	70
271361	72
271362	72
271363	70
271364	71
271368	72
271376	72
271378	72
271379	72
271380	73
271384	72
271386	72
271387	72
271388	71
271392	71
271394	73
271395	71
271396	72
271872	70
271873	72
271874	72
271875	70
271876	71
271880	72
271888	72
271890	72
271891	72
271892	73
271896	70
271898	72
271899	72
271900	71
271904	71
271906	73
271907	71
271908	72
272000	72
272001	74
272002	74
272003	72
272004	73
272064	72
272065	74
272066	74
272067	72
272068	73
272080	72
272088	72
272090	74
272091	74
272092	73
272096	73
272098	75
272099	71
272100	74
272128	71
272129	73
272130	73
272131	71
272132	72
272144	73
272152	71
272154	73
272155	73
272156	72
272160	72
272162	74
272163	72
272164	73
272384	71
272385	73
272386	73
272387	71
272388	72
272392	71
272400	73
272402	73
272403	71
272404	72
272408	71
272410	73
272411	73
272412	72
272416	72
272418	74
272419	70
272420	73
272512	73
272513	75
272514	75
272515	73
272516	74
272576	69
272577	71
272578	71
272579	69
272580	70
272592	71
272600	73
272602	75
272603	71
272604	74
272608	70
272610	72
272611	70
272612	71
272640	72
272641	74
272642	74
272643	72
272644	73
272656	72
272664	72
272666	74
272667	74
272668	73
272672	73
272674	75
272675	71
272676	74
274432	68
274433	70
274434	70
274435	70
274436	69
274440	70
274448	70
274450	70
274451	70
274452	71
274456	70
274458	70
274459	70
274460	71
274464	69
274466	71
274467	69
274468	70
274496	70
274497	72
274498	72
274499	72
274500	71
274560	70
274561	72
274562	72
274563	70
274564	71
274576	72
274584	72
274586	72
274587	72
274588	71
274592	71
274594	73
274595	71
274596	72
274624	68
274625	70
274626	70
274627	68
274628	69
274640	70
274648	70
274650	72
274651	70
274652	71
274656	69
274658	69
274659	69
274660	70
274688	69
274689	71
274690	71
274691	71
274692	70
274704	71
274712	71
274714	71
274715	71
274716	72
274720	70
274722	72
274723	70
274724	71
275456	70
275457	72
275458	72
275459	70
275460	71
275464	72
275472	72
275474	72
275475	72
275476	73
275480	72
275482	72
275483	72
275484	71
275488	71
275490	71
275491	71
275492	72
275968	70
275969	72
275970	72
275971	70
275972	71
275976	72
275984	72
275986	72
275987	72
275988	73
275992	72
275994	72
275995	72
275996	71
276000	71
276002	73
276003	71
276004	72
276096	72
276097	74
276098	74
276099	72
276100	73
276160	70
276161	72
276162	72
276163	70
276164	71
276176	72
276184	72
276186	74
276187	72
276188	73
276192	71
276194	71
276195	71
276196	72
276224	71
276225	73
276226	73
276227	71
276228	72
276240	73
276248	71
276250	73
276251	73
276252	72
276256	72
276258	74
276259	72
276260	73
276480	69
276481	71
276482	71
276483	69
276484	70
276488	71
276496	71
276498	71
276499	71
276500	72
276504	71
276506	71
276507	71
276508	72
276512	70
276514	70
276515	70
276516	71
276608	69
276609	71
276610	71
276611	71
276612	70
276672	69
276673	71
276674	71
276675	69
276676	70
276688	71
276696	71
276698	71
276699	71
276700	72
276704	70
276706	70
276707	70
276708	71
276736	70
276737	72
276738	72
276739	70
276740	71
276752	72
276760	72
276762	72
276763	72
276764	73
276768	71
276770	71
276771	71
276772	72
278528	69
278529	71
278530	71
278531	69
278532	70
278536	71
278544	71
278546	71
278547	71
278548	72
278552	71
278554	71
278555	71
278556	70
278560	70
278562	72
278563	70
278564	71
278592	71
278593	73
278594	73
278595	71
278596	72
278656	71
278657	73
278658	73
278659	71
278660	72
278672	71
278680	71
278682	73
278683	73
278684	72
278688	72
278690	74
278691	70
278692	73
278720	69
278721	71
278722	71
278723	69
278724	70
278736	71
278744	71
278746	73
278747	71
278748	72
278752	70
278754	70
278755	70
278756	71
278784	70
278785	72
278786	72
278787	70
278788	71
278800	72
278808	70
278810	72
278811	72
278812	71
278816	71
278818	73
278819	71
278820	72
279552	71
279553	73
279554	73
279555	71
279556	72
279560	73
279568	73
279570	73
279571	73
279572	74
279576	73
279578	73
279579	73
279580	72
279584	72
279586	72
279587	72
279588	73
280064	69
280065	71
280066	71
280067	71
280068	70
280072	71
280080	71
280082	71
280083	71
280084	72
280088	69
280090	71
280091	71
280092	70
280096	70
280098	72
280099	72
280100	71
280192	71
280193	73
280194	73
280195	71
280196	72
280256	71
280257	73
280258	73
280259	71
280260	72
280272	73
280280	71
280282	73
280283	73
280284	72
280288	72
280290	74
280291	72
280292	73
280320	70
280321	72
280322	72
280323	72
280324	71
280336	72
280344	70
280346	72
280347	72
280348	71
280352	71
280354	73
280355	73
280356	72
280576	70
280577	72
280578	72
280579	70
280580	71
280584	72
280592	72
280594	72
280595	72
280596	73
280600	72
280602	72
280603	72
280604	71
280608	71
280610	73
280611	71
280612	72
280704	72
280705	74
280706	74
280707	72
280708	73
280768	70
280769	72
280770	72
280771	70
280772	71
280784	72
280792	72
280794	74
280795	72
280796	73
280800	71
280802	71
280803	71
280804	72
280832	71
280833	73
280834	73
280835	71
280836	72
280848	73
280856	71
280858	73
280859	73
280860	72
280864	72
280866	74
280867	72
280868	73
524288	68
524289	70
524290	70
524291	68
524292	69
524296	70
524304	70
524306	70
524307	70
524308	71
524312	70
524314	70
524315	70
524316	69
524320	69
524322	71
524323	69
524324	70
524352	70
524353	72
524354	72
524355	70
524356	71
524416	70
524417	72
524418	72
524419	70
524420	71
524432	70
524440	70
524442	72
524443	72
524444	71
524448	71
524450	73
524451	69
524452	72
524480	68
524481	70
524482	70
524483	68
524484	69
524496	70
524504	70
524506	72
524507	70
524508	71
524512	69
524514	69
524515	69
524516	70
524544	69
524545	71
524546	71
524547	69
524548	70
524560	71
524568	71
524570	71
524571	71
524572	70
524576	70
524578	72
524579	70
524580	71
524800	70
524801	72
524802	72
524803	70
524804	71
524808	72
524816	72
524818	72
524819	72
524820	73
524824	72
524826	72
524827	72
524828	71
524832	71
524834	71
524835	71
524836	72
525312	70
525313	72
525314	72
525315	70
525316	71
525320	72
525328	72
525330	72
525331	72
525332	73
525336	72
525338	72
525339	72
525340	71
525344	71
525346	73
525347	71
525348	72
525440	70
525441	72
525442	72
525443	72
525444	71
525504	70
525505	72
525506	72
525507	70
525508	71
525520	72
525528	72
525530	72
525531	72
525532	73
525536	71
525538	71
525539	71
525540	72
525568	71
525569	73
525570	73
525571	71
525572	72
525584	73
525592	71
525594	73
525595	73
525596	72
525600	72
525602	72
525603	72
525604	73
525824	70
525825	70
525826	72
525827	70
525828	71
525832	72
525840	72
525842	72
525843	72
525844	73
525848	70
525850	70
525851	72
525852	69
525856	71
525858	71
525859	71
525860	72
525952	70
525953	72
525954	72
525955	72
525956	71
526016	70
526017	72
526018	72
526019	70
526020	71
526032	72
526040	72
526042	72
526043	72
526044	71
526048	71
526050	73
526051	71
526052	72
526080	71
526081	71
526082	71
526083	71
526084	70
526096	71
526104	71
526106	71
526107	71
526108	70
526112	72
526114	72
526115	72
526116	71
526336	69
526337	71
526338	71
526339	69
526340	70
526344	71
526352	71
526354	71
526355	71
526356	72
526360	71
526362	71
526363	71
526364	70
526368	70
526370	72
526371	70
526372	71
526464	71
526465	73
526466	73
526467	71
526468	72
526528	69
526529	71
526530	71
526531	69
526532	70
526544	71
526552	71
526554	73
526555	71
526556	72
526560	70
526562	70
526563	70
526564	71
526592	70
526593	72
526594	72
526595	70
526596	71
526608	72
526616	72
526618	72
526619	72
526620	71
526624	71
526626	73
526627	71
526628	72
528384	70
528385	72
528386	72
528387	70
528388	71
528392	72
528400	72
528402	72
528403	72
528404	73
528408	70
528410	72
528411	72
528412	71
528416	71
528418	73
528419	71
528420	72
528448	72
528449	74
528450	74
528451	72
528452	73
528512	72
528513	74
528514	74
528515	72
528516	73
528528	72
528536	72
528538	74
528539	74
528540	73
528544	73
528546	75
528547	71
528548	74
528576	70
528577	72
528578	72
528579	70
528580	71
528592	72
528600	72
528602	74
528603	72
528604	73
528608	71
528610	71
528611	71
528612	72
528640	71
528641	73
528642	73
528643	71
528644	72
528656	73
528664	71
528666	73
528667	73
528668	72
528672	72
528674	74
528675	72
528676	73
532480	70
532481	72
532482	72
532483	70
532484	71
532488	72
532496	72
532498	72
532499	72
532500	73
532504	72
532506	72
532507	72
532508	71
532512	71
532514	73
532515	71
532516	72
532544	72
532545	74
532546	74
532547	72
532548	73
532608	72
532609	74
532610	74
532611	72
532612	73
532624	72
532632	72
532634	74
532635	74
532636	73
532640	73
532642	75
532643	71
532644	74
532672	70
532673	72
532674	72
532675	70
532676	71
532688	72
532696	72
532698	74
532699	72
532700	73
532704	71
532706	71
532707	71
532708	72
532736	71
532737	73
532738	73
532739	71
532740	72
532752	73
532760	71
532762	73
532763	73
532764	72
532768	72
532770	74
532771	72
532772	73
533504	70
533505	72
533506	72
533507	70
533508	71
533512	72
533520	72
533522	72
533523	72
533524	73
533528	72
533530	72
533531	72
533532	71
533536	71
533538	73
533539	71
533540	72
534016	70
534017	72
534018	72
534019	70
534020	71
534024	72
534032	72
534034	72
534035	72
534036	73
534040	70
534042	72
534043	72
534044	71
534048	71
534050	73
534051	71
534052	72
534144	72
534145	74
534146	74
534147	72
534148	73
534208	72
534209	74
534210	74
534211	72
534212	73
534224	72
534232	72
534234	74
534235	74
534236	73
534240	73
534242	75
534243	71
534244	74
534272	71
534273	73
534274	73
534275	71
534276	72
534288	73
534296	71
534298	73
534299	73
534300	72
534304	72
534306	74
534307	72
534308	73
534528	71
534529	73
534530	73
534531	71
534532	72
534536	71
534544	73
534546	73
534547	71
534548	72
534552	71
534554	73
534555	73
534556	72
534560	72
534562	74
534563	70
534564	73
534656	73
534657	75
534658	75
534659	73
534660	74
534720	69
534721	71
534722	71
534723	69
534724	70
534736	71
534744	73
534746	75
534747	71
534748	74
534752	70
534754	72
534755	70
534756	71
534784	72
534785	74
534786	74
534787	72
534788	73
534800	72
534808	72
534810	74
534811	74
534812	73
534816	73
534818	75
534819	71
534820	74
536576	68
536577	70
536578	70
536579	70
536580	69
536584	70
536592	70
536594	70
536595	70
536596	71
536600	70
536602	70
536603	70
536604	71
536608	69
536610	71
536611	69
536612	70
536640	70
536641	72
536642	72
536643	72
536644	71
536704	70
536705	72
536706	72
536707	70
536708	71
536720	72
536728	72
536730	72
536731	72
536732	71
536736	71
536738	73
536739	71
536740	72
536768	68
536769	70
536770	70
536771	68
536772	69
536784	70
536792	70
536794	72
536795	70
536796	71
536800	69
536802	69
536803	69
536804	70
536832	69
536833	71
536834	71
536835	71
536836	70
536848	71
536856	71
536858	71
536859	71
536860	72
536864	70
536866	72
536867	70
536868	71
537600	70
537601	72
537602	72
537603	70
537604	71
537608	72
537616	72
537618	72
537619	72
537620	73
537624	72
537626	72
537627	72
537628	71
537632	71
537634	71
537635	71
537636	72
538112	70
538113	72
538114	72
538115	70
538116	71
538120	72
538128	72
538130	72
538131	72
538132	73
538136	72
538138	72
538139	72
538140	71
538144	71
538146	73
538147	71
538148	72
538240	72
538241	74
538242	74
538243	72
538244	73
538304	70
538305	72
538306	72
538307	70
538308	71
538320	72
538328	72
538330	74
538331	72
538332	73
538336	71
538338	71
538339	71
538340	72
538368	71
538369	73
538370	73
538371	71
538372	72
538384	73
538392	71
538394	73
538395	73
538396	72
538400	72
538402	74
538403	72
538404	73
538624	69
538625	71
538626	71
538627	69
538628	70
538632	71
538640	71
538642	71
538643	71
538644	72
538648	71
538650	71
538651	71
538652	72
538656	70
538658	70
538659	70
538660	71
538752	69
538753	71
538754	71
538755	71
538756	70
538816	69
538817	71
538818	71
538819	69
538820	70
538832	71
538840	71
538842	71
538843	71
538844	72
538848	70
538850	70
538851	70
538852	71
538880	70
538881	72
538882	72
538883	70
538884	71
538896	72
538904	72
538906	72
538907	72
538908	73
538912	71
538914	71
538915	71
538916	72
540672	69
540673	71
540674	71
540675	69
540676	70
540680	71
540688	71
540690	71
540691	71
540692	72
540696	71
540698	71
540699	71
540700	70
540704	70
540706	72
540707	70
540708	71
540736	71
540737	73
540738	73
540739	71
540740	72
540800	71
540801	73
540802	73
540803	71
540804	72
540816	71
540824	71
540826	73
540827	73
540828	72
540832	72
540834	74
540835	70
540836	73
540864	69
540865	71
540866	71
540867	69
540868	70
540880	71
540888	71
540890	73
540891	71
540892	72
540896	70
540898	70
540899	70
540900	71
540928	70
540929	72
540930	72
540931	70
540932	71
540944	72
540952	70
540954	72
540955	72
540956	71
540960	71
540962	73
540963	71
540964	72
541696	71
541697	73
541698	73
541699	71
541700	72
541704	73
541712	73
541714	73
541715	73
541716	74
541720	73
541722	73
541723	73
541724	72
541728	72
541730	72
541731	72
541732	73
542208	69
542209	71
542210	71
542211	71
542212	70
542216	71
542224	71
542226	71
542227	71
542228	72
542232	69
542234	71
542235	71
542236	70
542240	70
542242	72
542243	72
542244	71
542336	71
542337	73
542338	73
542339	71
542340	72
542400	71
542401	73
542402	73
542403	71
542404	72
542416	73
542424	71
542426	73
542427	73
542428	72
542432	72
542434	74
542435	72
542436	73
542464	70
542465	72
542466	72
542467	72
542468	71
542480	72
542488	70
542490	72
542491	72
542492	71
542496	71
542498	73
542499	73
542500	72
542720	70
542721	72
542722	72
542723	70
542724	71
542728	72
542736	72
542738	72
542739	72
542740	73
542744	72
542746	72
542747	72
542748	71
542752	71
542754	73
542755	71
542756	72
542848	72
542849	74
542850	74
542851	72
542852	73
542912	70
542913	72
542914	72
542915	70
542916	71
542928	72
542936	72
542938	74
542939	72
542940	73
542944	71
542946	71
542947	71
542948	72
542976	71
542977	73
542978	73
542979	71
542980	72
542992	73
543000	71
543002	73
543003	73
543004	72
543008	72
543010	74
543011	72
543012	73
589824	68
589825	70
589826	70
589827	68
589828	69
589832	70
589840	70
589842	70
589843	70
589844	71
589848	70
589850	70
589851	70
589852	69
589856	69
589858	71
589859	69
589860	70
589888	70
589889	72
589890	72
589891	70
589892	71
589952	70
589953	72
589954	72
589955	70
589956	71
589968	70
589976	70
589978	72
589979	72
589980	71
589984	71
589986	73
589987	69
589988	72
590016	68
590017	70
590018	70
590019	68
590020	69
590032	70
590040	70
590042	72
590043	70
590044	71
590048	69
590050	71
590051	69
590052	70
590080	69
590081	71
590082	71
590083	69
590084	70
590096	71
590104	71
590106	71
590107	71
590108	70
590112	70
590114	72
590115	70
590116	71
590336	70
590337	72
590338	72
590339	70
590340	71
590344	72
590352	72
590354	72
590355	72
590356	73
590360	72
590362	72
590363	72
590364	71
590368	71
590370	71
590371	71
590372	72
590848	70
590849	72
590850	72
590851	70
590852	71
590856	72
590864	72
590866	72
590867	72
590868	73
590872	72
590874	72
590875	72
590876	71
590880	71
590882	73
590883	71
590884	72
590976	70
590977	72
590978	72
590979	72
590980	71
591040	70
591041	72
591042	72
591043	70
591044	71
591056	72
591064	72
591066	72
591067	72
591068	73
591072	71
591074	73
591075	71
591076	72
591104	71
591105	73
591106	73
591107	71
591108	72
591120	73
591128	71
591130	73
591131	73
591132	72
591136	72
591138	72
591139	72
591140	73
591360	70
591361	70
591362	72
591363	70
591364	71
591368	72
591376	72
591378	72
591379	72
591380	73
591384	70
591386	70
591387	72
591388	69
591392	71
591394	71
591395	71
591396	72
591488	70
591489	72
591490	72
591491	72
591492	71
591552	70
591553	72
591554	72
591555	70
591556	71
591568	72
591576	72
591578	72
591579	72
591580	71
591584	71
591586	73
591587	71
591588	72
591616	71
591617	71
591618	71
591619	71
591620	70
591632	71
591640	71
591642	71
591643	71
591644	70
591648	72
591650	72
591651	72
591652	71
591872	69
591873	71
591874	71
591875	69
591876	70
591880	71
591888	71
591890	71
591891	71
591892	72
591896	71
591898	71
591899	71
591900	70
591904	70
591906	72
591907	70
591908	71
592000	71
592001	73
592002	73
592003	71
592004	72
592064	69
592065	71
592066	71
592067	69
592068	70
592080	71
592088	71
592090	73
592091	71
592092	72
592096	70
592098	72
592099	70
592100	71
592128	70
592129	72
592130	72
592131	70
592132	71
592144	72
592152	72
592154	72
592155	72
592156	71
592160	71
592162	73
592163	71
592164	72
622592	68
622593	70
622594	70
622595	68
622596	69
622600	70
622608	70
622610	70
622611	70
622612	71
622616	70
622618	70
622619	70
622620	69
622624	69
622626	71
622627	69
622628	70
622656	70
622657	72
622658	72
622659	70
622660	71
622720	70
622721	72
622722	72
622723	70
622724	71
622736	70
622744	70
622746	72
622747	72
622748	71
622752	71
622754	73
622755	69
622756	72
622784	68
622785	70
622786	70
622787	68
622788	69
622800	70
622808	70
622810	72
622811	70
622812	71
622816	69
622818	71
622819	69
622820	70
622848	69
622849	71
622850	71
622851	69
622852	70
622864	71
622872	69
622874	71
622875	71
622876	70
622880	70
622882	72
622883	70
622884	71
623104	70
623105	72
623106	72
623107	70
623108	71
623112	72
623120	72
623122	72
623123	72
623124	73
623128	72
623130	72
623131	72
623132	71
623136	71
623138	71
623139	71
623140	72
623616	70
623617	72
623618	72
623619	70
623620	71
623624	72
623632	72
623634	72
623635	72
623636	73
623640	70
623642	72
623643	72
623644	71
623648	71
623650	73
623651	71
623652	72
623744	70
623745	72
623746	72
623747	72
623748	71
623808	70
623809	72
623810	72
623811	70
623812	71
623824	72
623832	72
623834	72
623835	72
623836	73
623840	71
623842	71
623843	71
623844	72
623872	71
623873	73
623874	73
623875	71
623876	72
623888	73
623896	71
623898	73
623899	73
623900	72
623904	72
623906	72
623907	72
623908	73
624128	68
624129	70
624130	70
624131	70
624132	69
624136	70
624144	70
624146	70
624147	70
624148	71
624152	68
624154	70
624155	70
624156	69
624160	69
624162	71
624163	71
624164	70
624256	70
624257	72
624258	72
624259	70
624260	71
624320	70
624321	72
624322	72
624323	70
624324	71
624336	72
624344	70
624346	72
624347	72
624348	71
624352	71
624354	73
624355	71
624356	72
624384	69
624385	71
624386	71
624387	71
624388	70
624400	71
624408	69
624410	71
624411	71
624412	70
624416	70
624418	72
624419	72
624420	71
624640	69
624641	71
624642	71
624643	69
624644	70
624648	71
624656	71
624658	71
624659	71
624660	72
624664	71
624666	71
624667	71
624668	70
624672	70
624674	72
624675	70
624676	71
624768	71
624769	73
624770	73
624771	71
624772	72
624832	69
624833	71
624834	71
624835	69
624836	70
624848	71
624856	71
624858	73
624859	71
624860	72
624864	70
624866	72
624867	70
624868	71
624896	70
624897	72
624898	72
624899	70
624900	71
624912	72
624920	70
624922	72
624923	72
624924	71
624928	71
624930	73
624931	71
624932	72
630784	70
630785	72
630786	72
630787	70
630788	71
630792	72
630800	72
630802	72
630803	72
630804	73
630808	70
630810	72
630811	72
630812	71
630816	71
630818	73
630819	71
630820	72
630848	72
630849	74
630850	74
630851	72
630852	73
630912	72
630913	74
630914	74
630915	72
630916	73
630928	72
630936	72
630938	74
630939	74
630940	73
630944	73
630946	75
630947	71
630948	74
630976	70
630977	72
630978	72
630979	70
630980	71
630992	72
631000	72
631002	74
631003	72
631004	73
631008	71
631010	71
631011	71
631012	72
631040	71
631041	73
631042	73
631043	71
631044	72
631056	73
631064	71
631066	73
631067	73
631068	72
631072	72
631074	74
631075	72
631076	73
634880	70
634881	72
634882	72
634883	70
634884	71
634888	72
634896	72
634898	72
634899	72
634900	73
634904	70
634906	72
634907	72
634908	71
634912	71
634914	73
634915	71
634916	72
634944	72
634945	74
634946	74
634947	72
634948	73
635008	72
635009	74
635010	74
635011	72
635012	73
635024	72
635032	72
635034	74
635035	74
635036	73
635040	73
635042	75
635043	71
635044	74
635072	70
635073	72
635074	72
635075	70
635076	71
635088	72
635096	72
635098	74
635099	72
635100	73
635104	71
635106	71
635107	71
635108	72
635136	71
635137	73
635138	73
635139	71
635140	72
635152	73
635160	71
635162	73
635163	73
635164	72
635168	72
635170	74
635171	72
635172	73
635904	70
635905	72
635906	72
635907	70
635908	71
635912	72
635920	72
635922	72
635923	72
635924	73
635928	72
635930	72
635931	72
635932	71
635936	71
635938	73
635939	71
635940	72
636416	70
636417	72
636418	72
636419	70
636420	71
636424	72
636432	72
636434	72
636435	72
636436	73
636440	72
636442	72
636443	72
636444	71
636448	71
636450	73
636451	71
636452	72
636544	72
636545	74
636546	74
636547	72
636548	73
636608	72
636609	74
636610	74
636611	72
636612	73
636624	72
636632	72
636634	74
636635	74
636636	73
636640	73
636642	75
636643	71
636644	74
636672	71
636673	73
636674	73
636675	71
636676	72
636688	73
636696	71
636698	73
636699	73
636700	72
636704	72
636706	74
636707	72
636708	73
636928	71
636929	73
636930	73
636931	71
636932	72
636936	71
636944	73
636946	73
636947	71
636948	72
636952	71
636954	73
636955	73
636956	72
636960	72
636962	74
636963	70
636964	73
637056	73
637057	75
637058	75
637059	73
637060	74
637120	69
637121	71
637122	71
637123	69
637124	70
637136	71
637144	73
637146	75
637147	71
637148	74
637152	70
637154	72
637155	70
637156	71
637184	72
637185	74
637186	74
637187	72
637188	73
637200	72
637208	72
637210	74
637211	74
637212	73
637216	73
637218	75
637219	71
637220	74
638976	69
638977	71
638978	71
638979	69
638980	70
638984	71
638992	71
638994	71
638995	71
638996	72
639000	71
639002	71
639003	71
639004	70
639008	70
639010	72
639011	70
639012	71
639040	71
639041	73
639042	73
639043	71
639044	72
639104	71
639105	73
639106	73
639107	71
639108	72
639120	71
639128	71
639130	73
639131	73
639132	72
639136	72
639138	74
639139	70
639140	73
639168	69
639169	71
639170	71
639171	69
639172	70
639184	71
639192	71
639194	73
639195	71
639196	72
639200	70
639202	72
639203	70
639204	71
639232	70
639233	72
639234	72
639235	70
639236	71
639248	72
639256	70
639258	72
639259	72
639260	71
639264	71
639266	73
639267	71
639268	72
640000	71
640001	73
640002	73
640003	71
640004	72
640008	73
640016	73
640018	73
640019	73
640020	74
640024	73
640026	73
640027	73
640028	72
640032	72
640034	72
640035	72
640036	73
640512	69
640513	71
640514	71
640515	71
640516	70
640520	71
640528	71
640530	71
640531	71
640532	72
640536	69
640538	71
640539	71
640540	70
640544	70
640546	72
640547	72
640548	71
640640	71
640641	73
640642	73
640643	71
640644	72
640704	71
640705	73
640706	73
640707	71
640708	72
640720	73
640728	71
640730	73
640731	73
640732	72
640736	72
640738	74
640739	72
640740	73
640768	70
640769	72
640770	72
640771	72
640772	71
640784	72
640792	70
640794	72
640795	72
640796	71
640800	71
640802	73
640803	73
640804	72
641024	70
641025	72
641026	72
641027	70
641028	71
641032	72
641040	72
641042	72
641043	72
641044	73
641048	72
641050	72
641051	72
641052	71
641056	71
641058	73
641059	71
641060	72
641152	72
641153	74
641154	74
641155	72
641156	73
641216	70
641217	72
641218	72
641219	70
641220	71
641232	72
641240	72
641242	74
641243	72
641244	73
641248	71
641250	73
641251	71
641252	72
641280	71
641281	73
641282	73
641283	71
641284	72
641296	73
641304	71
641306	73
641307	73
641308	72
641312	72
641314	74
641315	72
641316	73
655360	69
655361	71
655362	71
655363	69
655364	70
655368	71
655376	71
655378	71
655379	71
655380	72
655384	69
655386	71
655387	71
655388	70
655392	70
655394	72
655395	70
655396	71
655424	71
655425	73
655426	73
655427	71
655428	72
655488	71
655489	73
655490	73
655491	71
655492	72
655504	71
655512	71
655514	73
655515	73
655516	72
655520	72
655522	74
655523	70
655524	73
655552	69
655553	71
655554	71
655555	69
655556	70
655568	71
655576	71
655578	73
655579	71
655580	72
655584	70
655586	70
655587	70
655588	71
655616	70
655617	72
655618	72
655619	70
655620	71
655632	72
655640	70
655642	72
655643	72
655644	71
655648	71
655650	73
655651	71
655652	72
655872	69
655873	71
655874	71
655875	69
655876	70
655880	71
655888	71
655890	71
655891	71
655892	72
655896	71
655898	71
655899	71
655900	70
655904	70
655906	72
655907	70
655908	71
656384	71
656385	73
656386	73
656387	71
656388	72
656392	71
656400	73
656402	73
656403	71
656404	72
656408	71
656410	73
656411	73
656412	72
656416	72
656418	74
656419	70
656420	73
656512	71
656513	73
656514	73
656515	71
656516	72
656576	69
656577	71
656578	71
656579	69
656580	70
656592	71
656600	71
656602	73
656603	71
656604	72
656608	70
656610	72
656611	70
656612	71
656640	70
656641	72
656642	72
656643	70
656644	71
656656	72
656664	70
656666	72
656667	72
656668	71
656672	71
656674	73
656675	71
656676	72
656896	69
656897	71
656898	71
656899	69
656900	70
656904	71
656912	71
656914	71
656915	71
656916	72
656920	69
656922	71
656923	71
656924	70
656928	70
656930	72
656931	70
656932	71
657024	71
657025	73
657026	73
657027	71
657028	72
657088	71
657089	73
657090	73
657091	71
657092	72
657104	71
657112	71
657114	73
657115	73
657116	72
657120	72
657122	74
657123	70
657124	73
657152	70
657153	72
657154	72
657155	70
657156	71
657168	72
657176	70
657178	72
657179	72
657180	71
657184	71
657186	73
657187	71
657188	72
657408	70
657409	72
657410	72
657411	70
657412	71
657416	70
657424	72
657426	72
657427	70
657428	71
657432	70
657434	72
657435	72
657436	71
657440	71
657442	73
657443	69
657444	72
657536	72
657537	74
657538	74
657539	72
657540	73
657600	68
657601	70
657602	70
657603	68
657604	69
657616	70
657624	72
657626	74
657627	70
657628	73
657632	69
657634	71
657635	69
657636	70
657664	71
657665	73
657666	73
657667	71
657668	72
657680	71
657688	71
657690	73
657691	73
657692	72
657696	72
657698	74
657699	70
657700	73
663552	71
663553	73
663554	73
663555	71
663556	72
663560	73
663568	73
663570	73
663571	73
663572	74
663576	71
663578	73
663579	73
663580	72
663584	72
663586	74
663587	72
663588	73
663616	73
663617	75
663618	75
663619	73
663620	74
663680	73
663681	75
663682	75
663683	73
663684	74
663696	73
663704	73
663706	75
663707	75
663708	74
663712	74
663714	76
663715	72
663716	75
663744	71
663745	73
663746	73
663747	71
663748	72
663760	73
663768	73
663770	75
663771	73
663772	74
663776	72
663778	72
663779	72
663780	73
663808	72
663809	74
663810	74
663811	72
663812	73
663824	74
663832	72
663834	74
663835	74
663836	73
663840	73
663842	75
663843	73
663844	74
667648	67
667649	69
667650	69
667651	69
667652	68
667656	69
667664	69
667666	71
667667	69
667668	70
667672	69
667674	71
667675	69
667676	70
667680	68
667682	70
667683	68
667684	69
667712	69
667713	71
667714	71
667715	71
667716	70
667776	69
667777	71
667778	71
667779	69
667780	70
667792	71
667800	71
667802	71
667803	71
667804	70
667808	70
667810	72
667811	70
667812	71
667840	67
667841	69
667842	69
667843	67
667844	68
667856	69
667864	69
667866	71
667867	69
667868	70
667872	68
667874	70
667875	68
667876	69
667904	68
667905	70
667906	70
667907	70
667908	69
667920	70
667928	70
667930	72
667931	70
667932	71
667936	69
667938	71
667939	69
667940	70
668672	69
668673	71
668674	71
668675	71
668676	70
668680	71
668688	71
668690	73
668691	71
668692	72
668696	71
668698	71
668699	71
668700	70
668704	70
668706	72
668707	70
668708	71
669184	71
669185	73
669186	73
669187	71
669188	72
669192	71
669200	73
669202	73
669203	71
669204	72
669208	71
669210	73
669211	73
669212	72
669216	72
669218	74
669219	70
669220	73
669312	73
669313	75
669314	75
669315	73
669316	74
669376	69
669377	71
669378	71
669379	71
669380	70
669392	71
669400	73
669402	75
669403	71
669404	74
669408	70
669410	72
669411	70
669412	71
669440	72
669441	74
669442	74
669443	72
669444	73
669456	72
669464	72
669466	74
669467	74
669468	73
669472	73
669474	75
669475	71
669476	74
669696	68
669697	70
669698	70
669699	70
669700	69
669704	70
669712	70
669714	72
669715	70
669716	71
669720	70
669722	72
669723	70
669724	71
669728	69
669730	71
669731	69
669732	70
669824	70
669825	72
669826	72
669827	72
669828	71
669888	68
669889	70
669890	70
669891	68
669892	69
669904	70
669912	70
669914	72
669915	70
669916	71
669920	69
669922	71
669923	69
669924	70
669952	69
669953	71
669954	71
669955	71
669956	70
669968	71
669976	71
669978	73
669979	71
669980	72
669984	70
669986	72
669987	70
669988	71
671744	70
671745	72
671746	72
671747	70
671748	71
671752	72
671760	72
671762	72
671763	72
671764	73
671768	70
671770	72
671771	72
671772	71
671776	71
671778	73
671779	71
671780	72
671808	72
671809	74
671810	74
671811	72
671812	73
671872	72
671873	74
671874	74
671875	72
671876	73
671888	72
671896	72
671898	74
671899	74
671900	73
671904	73
671906	75
671907	71
671908	74
671936	70
671937	72
671938	72
671939	70
671940	71
671952	72
671960	72
671962	74
671963	72
671964	73
671968	71
671970	71
671971	71
671972	72
672000	71
672001	73
672002	73
672003	71
672004	72
672016	73
672024	71
672026	73
672027	73
672028	72
672032	72
672034	74
672035	72
672036	73
672768	70
672769	72
672770	72
672771	70
672772	71
672776	72
672784	72
672786	72
672787	72
672788	73
672792	72
672794	72
672795	72
672796	71
672800	71
672802	73
672803	71
672804	72
673280	70
673281	72
673282	72
673283	70
673284	71
673288	72
673296	72
673298	72
673299	72
673300	73
673304	70
673306	72
673307	72
673308	71
673312	71
673314	73
673315	71
673316	72
673408	72
673409	74
673410	74
673411	72
673412	73
673472	72
673473	74
673474	74
673475	72
673476	73
673488	72
673496	72
673498	74
673499	74
673500	73
673504	73
673506	75
673507	71
673508	74
673536	71
673537	73
673538	73
673539	71
673540	72
673552	73
673560	71
673562	73
673563	73
673564	72
673568	72
673570	74
673571	72
673572	73
673792	71
673793	73
673794	73
673795	71
673796	72
673800	71
673808	73
673810	73
673811	71
673812	72
673816	71
673818	73
673819	73
673820	72
673824	72
673826	74
673827	70
673828	73
673920	73
673921	75
673922	75
673923	73
673924	74
673984	69
673985	71
673986	71
673987	69
673988	70
674000	71
674008	73
674010	75
674011	71
674012	74
674016	70
674018	72
674019	70
674020	71
674048	72
674049	74
674050	74
674051	72
674052	73
674064	72
674072	72
674074	74
674075	74
674076	73
674080	73
674082	75
674083	71
674084	74
786432	66
786433	68
786434	68
786435	68
786436	67
786440	68
786448	68
786450	68
786451	68
786452	69
786456	68
786458	68
786459	68
786460	69
786464	67
786466	69
786467	69
786468	68
786496	68
786497	70
786498	70
786499	70
786500	69
786560	68
786561	70
786562	70
786563	70
786564	69
786576	70
786584	70
786586	70
786587	70
786588	69
786592	69
786594	71
786595	69
786596	70
786624	68
786625	70
786626	70
786627	68
786628	69
786640	70
786648	68
786650	70
786651	70
786652	69
786656	69
786658	69
786659	69
786660	70
786688	67
786689	69
786690	69
786691	69
786692	68
786704	69
786712	69
786714	69
786715	69
786716	70
786720	68
786722	70
786723	70
786724	69
786944	68
786945	70
786946	70
786947	68
786948	69
786952	70
786960	70
786962	70
786963	70
786964	71
786968	70
786970	70
786971	70
786972	69
786976	69
786978	69
786979	69
786980	70
787456	68
787457	70
787458	70
787459	70
787460	69
787464	70
787472	70
787474	70
787475	70
787476	71
787480	70
787482	70
787483	70
787484	71
787488	69
787490	71
787491	69
787492	70
787584	68
787585	70
787586	70
787587	70
787588	69
787648	68
787649	70
787650	70
787651	68
787652	69
787664	70
787672	70
787674	70
787675	70
787676	71
787680	69
787682	71
787683	69
787684	70
787712	69
787713	71
787714	71
787715	69
787716	70
787728	71
787736	69
787738	71
787739	71
787740	70
787744	70
787746	70
787747	70
787748	71
787968	68
787969	70
787970	70
787971	68
787972	69
787976	70
787984	70
787986	70
787987	70
787988	71
787992	68
787994	70
787995	70
787996	69
788000	69
788002	69
788003	69
788004	70
788096	68
788097	70
788098	70
788099	70
788100	69
788160	68
788161	70
788162	70
788163	70
788164	69
788176	70
788184	70
788186	70
788187	70
788188	71
788192	69
788194	71
788195	69
788196	70
788224	69
788225	71
788226	71
788227	69
788228	70
788240	71
788248	69
788250	71
788251	71
788252	70
788256	70
788258	70
788259	70
788260	71
788480	67
788481	69
788482	69
788483	69
788484	68
788488	69
788496	69
788498	69
788499	69
788500	70
788504	69
788506	69
788507	69
788508	70
788512	68
788514	70
788515	68
788516	69
788608	69
788609	71
788610	71
788611	71
788612	70
788672	67
788673	69
788674	69
788675	67
788676	68
788688	69
788696	69
788698	71
788699	69
788700	70
788704	68
788706	70
788707	68
788708	69
788736	68
788737	70
788738	70
788739	70
788740	69
788752	70
788760	70
788762	70
788763	70
788764	71
788768	69
788770	71
788771	69
788772	70
790528	68
790529	70
790530	70
790531	70
790532	69
790536	70
790544	70
790546	70
790547	70
790548	71
790552	70
790554	70
790555	70
790556	69
790560	69
790562	71
790563	71
790564	70
790592	70
790593	72
790594	72
790595	72
790596	71
790656	70
790657	72
790658	72
790659	72
790660	71
790672	72
790680	72
790682	72
790683	72
790684	71
790688	71
790690	73
790691	71
790692	72
790720	70
790721	72
790722	72
790723	70
790724	71
790736	72
790744	70
790746	72
790747	72
790748	71
790752	71
790754	71
790755	71
790756	72
790784	69
790785	71
790786	71
790787	71
790788	70
790800	71
790808	71
790810	71
790811	71
790812	70
790816	70
790818	72
790819	72
790820	71
794624	68
794625	70
794626	70
794627	70
794628	69
794632	70
794640	70
794642	70
794643	70
794644	71
794648	70
794650	70
794651	70
794652	71
794656	69
794658	71
794659	69
794660	70
794688	70
794689	72
794690	72
794691	72
794692	71
794752	70
794753	72
794754	72
794755	70
794756	71
794768	72
794776	72
794778	72
794779	72
794780	71
794784	71
794786	73
794787	71
794788	72
794816	68
794817	70
794818	70
794819	68
794820	69
794832	70
794840	70
794842	72
794843	70
794844	71
794848	69
794850	69
794851	69
794852	70
794880	69
794881	71
794882	71
794883	71
794884	70
794896	71
794904	71
794906	71
794907	71
794908	72
794912	70
794914	72
794915	70
794916	71
795648	70
795649	72
795650	72
795651	70
795652	71
795656	72
795664	72
795666	72
795667	72
795668	73
795672	72
795674	72
795675	72
795676	71
795680	71
795682	71
795683	71
795684	72
796160	70
796161	70
796162	72
796163	70
796164	71
796168	72
796176	72
796178	72
796179	72
796180	73
796184	70
796186	70
796187	72
796188	69
796192	71
796194	71
796195	71
796196	72
796288	70
796289	72
796290	72
796291	72
796292	71
796352	70
796353	72
796354	72
796355	72
796356	71
796368	72
796376	72
796378	72
796379	72
796380	71
796384	71
796386	73
796387	71
796388	72
796416	71
796417	71
796418	71
796419	71
796420	70
796432	71
796440	71
796442	71
796443	71
796444	70
796448	72
796450	72
796451	72
796452	71
796672	69
796673	71
796674	71
796675	71
796676	70
796680	71
796688	71
796690	71
796691	71
796692	72
796696	71
796698	71
796699	71
796700	70
796704	70
796706	72
796707	70
796708	71
796800	71
796801	73
796802	73
796803	73
796804	72
796864	69
796865	71
796866	71
796867	69
796868	70
796880	71
796888	71
796890	73
796891	71
796892	72
796896	70
796898	72
796899	70
796900	71
796928	70
796929	72
796930	72
796931	72
796932	71
796944	72
796952	72
796954	72
796955	72
796956	71
796960	71
796962	73
796963	71
796964	72
798720	66
798721	68
798722	68
798723	68
798724	67
798728	68
798736	68
798738	68
798739	68
798740	69
798744	68
798746	68
798747	68
798748	69
798752	67
798754	69
798755	67
798756	68
798784	68
798785	70
798786	70
798787	70
798788	69
798848	68
798849	70
798850	70
798851	68
798852	69
798864	70
798872	70
798874	70
798875	70
798876	69
798880	69
798882	71
798883	69
798884	70
798912	66
798913	68
798914	68
798915	66
798916	67
798928	68
798936	68
798938	70
798939	68
798940	69
798944	67
798946	67
798947	67
798948	68
798976	67
798977	69
798978	69
798979	69
798980	68
798992	69
799000	69
799002	69
799003	69
799004	70
799008	68
799010	70
799011	68
799012	69
799744	68
799745	70
799746	70
799747	68
799748	69
799752	70
799760	70
799762	70
799763	70
799764	71
799768	70
799770	70
799771	70
799772	69
799776	69
799778	69
799779	69
799780	70
800256	68
800257	70
800258	70
800259	70
800260	69
800264	70
800272	70
800274	70
800275	70
800276	71
800280	70
800282	70
800283	70
800284	71
800288	69
800290	71
800291	69
800292	70
800384	70
800385	72
800386	72
800387	72
800388	71
800448	68
800449	70
800450	70
800451	68
800452	69
800464	70
800472	70
800474	72
800475	70
800476	71
800480	69
800482	71
800483	69
800484	70
800512	69
800513	71
800514	71
800515	71
800516	70
800528	71
800536	71
800538	71
800539	71
800540	72
800544	70
800546	72
800547	70
800548	71
800768	67
800769	69
800770	69
800771	67
800772	68
800776	69
800784	69
800786	69
800787	69
800788	70
800792	69
800794	69
800795	69
800796	70
800800	68
800802	68
800803	68
800804	69
800896	67
800897	69
800898	69
800899	69
800900	68
800960	67
800961	69
800962	69
800963	67
800964	68
800976	69
800984	69
800986	69
800987	69
800988	70
800992	68
800994	68
800995	68
800996	69
801024	68
801025	70
801026	70
801027	68
801028	69
801040	70
801048	70
801050	70
801051	70
801052	71
801056	69
801058	69
801059	69
801060	70
802816	67
802817	69
802818	69
802819	69
802820	68
802824	69
802832	69
802834	69
802835	69
802836	70
802840	69
802842	69
802843	69
802844	70
802848	68
802850	70
802851	70
802852	69
802880	69
802881	71
802882	71
802883	71
802884	70
802944	69
802945	71
802946	71
802947	71
802948	70
802960	71
802968	71
802970	71
802971	71
802972	70
802976	70
802978	72
802979	70
802980	71
803008	69
803009	71
803010	71
803011	69
803012	70
803024	71
803032	69
803034	71
803035	71
803036	70
803040	70
803042	70
803043	70
803044	71
803072	68
803073	70
803074	70
803075	70
803076	69
803088	70
803096	70
803098	70
803099	70
803100	71
803104	69
803106	71
803107	71
803108	70
803840	69
803841	71
803842	71
803843	69
803844	70
803848	71
803856	71
803858	71
803859	71
803860	72
803864	71
803866	71
803867	71
803868	70
803872	70
803874	70
803875	70
803876	71
804352	69
804353	71
804354	71
804355	69
804356	70
804360	71
804368	71
804370	71
804371	71
804372	72
804376	69
804378	71
804379	71
804380	70
804384	70
804386	70
804387	70
804388	71
804480	69
804481	71
804482	71
804483	71
804484	70
804544	69
804545	71
804546	71
804547	71
804548	70
804560	71
804568	71
804570	71
804571	71
804572	72
804576	70
804578	72
804579	70
804580	71
804608	70
804609	72
804610	72
804611	70
804612	71
804624	72
804632	70
804634	72
804635	72
804636	71
804640	71
804642	71
804643	71
804644	72
804864	68
804865	70
804866	70
804867	70
804868	69
804872	70
804880	70
804882	70
804883	70
804884	71
804888	70
804890	70
804891	70
804892	71
804896	69
804898	71
804899	69
804900	70
804992	70
804993	72
804994	72
804995	72
804996	71
805056	68
805057	70
805058	70
805059	68
805060	69
805072	70
805080	70
805082	72
805083	70
805084	71
805088	69
805090	71
805091	69
805092	70
805120	69
805121	71
805122	71
805123	71
805124	70
805136	71
805144	71
805146	71
805147	71
805148	72
805152	70
805154	72
805155	70
805156	71
851968	68
851969	70
851970	70
851971	68
851972	69
851976	70
851984	70
851986	70
851987	70
851988	71
851992	70
851994	70
851995	70
851996	69
852000	69
852002	71
852003	69
852004	70
852032	70
852033	72
852034	72
852035	70
852036	71
852096	70
852097	72
852098	72
852099	70
852100	71
852112	70
852120	70
852122	72
852123	72
852124	71
852128	71
852130	73
852131	69
852132	72
852160	68
852161	70
852162	70
852163	68
852164	69
852176	70
852184	70
852186	72
852187	70
852188	71
852192	69
852194	69
852195	69
852196	70
852224	69
852225	71
852226	71
852227	69
852228	70
852240	71
852248	71
852250	71
852251	71
852252	70
852256	70
852258	72
852259	70
852260	71
852480	70
852481	72
852482	72
852483	70
852484	71
852488	72
852496	72
852498	72
852499	72
852500	73
852504	72
852506	72
852507	72
852508	71
852512	71
852514	71
852515	71
852516	72
852992	70
852993	72
852994	72
852995	70
852996	71
853000	72
853008	72
853010	72
853011	72
853012	73
853016	72
853018	72
853019	72
853020	71
853024	71
853026	71
853027	71
853028	72
853120	70
853121	72
853122	72
853123	72
853124	71
853184	70
853185	72
853186	72
853187	70
853188	71
853200	72
853208	72
853210	72
853211	72
853212	73
853216	71
853218	71
853219	71
853220	72
853248	71
853249	73
853250	73
853251	71
853252	72
853264	73
853272	71
853274	73
853275	73
853276	72
853280	72
853282	72
853283	72
853284	73
853504	70
853505	70
853506	72
853507	70
853508	71
853512	72
853520	72
853522	72
853523	72
853524	73
853528	70
853530	70
853531	72
853532	69
853536	71
853538	71
853539	71
853540	72
853632	70
853633	72
853634	72
853635	72
853636	71
853696	70
853697	72
853698	72
853699	70
853700	71
853712	72
853720	72
853722	72
853723	72
853724	71
853728	71
853730	71
853731	71
853732	72
853760	71
853761	71
853762	71
853763	71
853764	70
853776	71
853784	71
853786	71
853787	71
853788	70
853792	72
853794	72
853795	72
853796	71
854016	69
854017	71
854018	71
854019	69
854020	70
854024	71
854032	71
854034	71
854035	71
854036	72
854040	71
854042	71
854043	71
854044	70
854048	70
854050	70
854051	70
854052	71
854144	69
854145	71
854146	71
854147	71
854148	70
854208	69
854209	71
854210	71
854211	69
854212	70
854224	71
854232	71
854234	71
854235	71
854236	72
854240	70
854242	70
854243	70
854244	71
854272	70
854273	72
854274	72
854275	70
854276	71
854288	72
854296	72
854298	72
854299	72
854300	71
854304	71
854306	71
854307	71
854308	72
884736	68
884737	70
884738	70
884739	68
884740	69
884744	70
884752	70
884754	70
884755	70
884756	71
884760	70
884762	70
884763	70
884764	69
884768	69
884770	71
884771	69
884772	70
884800	70
884801	72
884802	72
884803	70
884804	71
884864	70
884865	72
884866	72
884867	70
884868	71
884880	70
884888	70
884890	72
884891	72
884892	71
884896	71
884898	73
884899	69
884900	72
884928	68
884929	70
884930	70
884931	68
884932	69
884944	70
884952	70
884954	72
884955	70
884956	71
884960	69
884962	69
884963	69
884964	70
884992	69
884993	71
884994	71
884995	69
884996	70
885008	71
885016	71
885018	71
885019	71
885020	70
885024	70
885026	72
885027	70
885028	71
885248	70
885249	72
885250	72
885251	70
885252	71
885256	72
885264	72
885266	72
885267	72
885268	73
885272	72
885274	72
885275	72
885276	71
885280	71
885282	71
885283	71
885284	72
885760	70
885761	72
885762	72
885763	70
885764	71
885768	72
885776	72
885778	72
885779	72
885780	73
885784	72
885786	72
885787	72
885788	71
885792	71
885794	73
885795	71
885796	72
885888	70
885889	72
885890	72
885891	72
885892	71
885952	70
885953	72
885954	72
885955	70
885956	71
885968	72
885976	72
885978	72
885979	72
885980	73
885984	71
885986	71
885987	71
885988	72
886016	71
886017	73
886018	73
886019	71
886020	72
886032	73
886040	71
886042	73
886043	73
886044	72
886048	72
886050	72
886051	72
886052	73
886272	70
886273	70
886274	72
886275	70
886276	71
886280	72
886288	72
886290	72
886291	72
886292	73
886296	70
886298	70
886299	72
886300	69
886304	71
886306	71
886307	71
886308	72
886400	70
886401	72
886402	72
886403	72
886404	71
886464	70
886465	72
886466	72
886467	70
886468	71
886480	72
886488	72
886490	72
886491	72
886492	71
886496	71
886498	73
886499	71
886500	72
886528	71
886529	71
886530	71
886531	71
886532	70
886544	71
886552	71
886554	71
886555	71
886556	70
886560	72
886562	72
886563	72
886564	71
886784	69
886785	71
886786	71
886787	69
886788	70
886792	71
886800	71
886802	71
886803	71
886804	72
886808	71
886810	71
886811	71
886812	70
886816	70
886818	72
886819	70
886820	71
886912	71
886913	73
886914	73
886915	71
886916	72
886976	69
886977	71
886978	71
886979	69
886980	70
886992	71
887000	71
887002	73
887003	71
887004	72
887008	70
887010	70
887011	70
887012	71
887040	70
887041	72
887042	72
887043	70
887044	71
887056	72
887064	72
887066	72
887067	72
887068	71
887072	71
887074	73
887075	71
887076	72
892928	70
892929	72
892930	72
892931	70
892932	71
892936	72
892944	72
892946	72
892947	72
892948	73
892952	70
892954	72
892955	72
892956	71
892960	71
892962	73
892963	71
892964	72
892992	72
892993	74
892994	74
892995	72
892996	73
893056	72
893057	74
893058	74
893059	72
893060	73
893072	72
893080	72
893082	74
893083	74
893084	73
893088	73
893090	75
893091	71
893092	74
893120	70
893121	72
893122	72
893123	70
893124	71
893136	72
893144	72
893146	74
893147	72
893148	73
893152	71
893154	71
893155	71
893156	72
893184	71
893185	73
893186	73
893187	71
893188	72
893200	73
893208	71
893210	73
893211	73
893212	72
893216	72
893218	74
893219	72
893220	73
897024	68
897025	70
897026	70
897027	70
897028	69
897032	70
897040	70
897042	70
897043	70
897044	71
897048	70
897050	70
897051	70
897052	71
897056	69
897058	71
897059	69
897060	70
897088	70
897089	72
897090	72
897091	72
897092	71
897152	70
897153	72
897154	72
897155	70
897156	71
897168	72
897176	72
897178	72
897179	72
897180	71
897184	71
897186	73
897187	71
897188	72
897216	68
897217	70
897218	70
897219	68
897220	69
897232	70
897240	70
897242	72
897243	70
897244	71
897248	69
897250	69
897251	69
897252	70
897280	69
897281	71
897282	71
897283	71
897284	70
897296	71
897304	71
897306	71
897307	71
897308	72
897312	70
897314	72
897315	70
897316	71
898048	70
898049	72
898050	72
898051	70
898052	71
898056	72
898064	72
898066	72
898067	72
898068	73
898072	72
898074	72
898075	72
898076	71
898080	71
898082	71
898083	71
898084	72
898560	70
898561	72
898562	72
898563	70
898564	71
898568	72
898576	72
898578	72
898579	72
898580	73
898584	72
898586	72
898587	72
898588	71
898592	71
898594	73
898595	71
898596	72
898688	72
898689	74
898690	74
898691	72
898692	73
898752	70
898753	72
898754	72
898755	70
898756	71
898768	72
898776	72
898778	74
898779	72
898780	73
898784	71
898786	71
898787	71
898788	72
898816	71
898817	73
898818	73
898819	71
898820	72
898832	73
898840	71
898842	73
898843	73
898844	72
898848	72
898850	74
898851	72
898852	73
899072	69
899073	71
899074	71
899075	69
899076	70
899080	71
899088	71
899090	71
899091	71
899092	72
899096	71
899098	71
899099	71
899100	72
899104	70
899106	70
899107	70
899108	71
899200	69
899201	71
899202	71
899203	71
899204	70
899264	69
899265	71
899266	71
899267	69
899268	70
899280	71
899288	71
899290	71
899291	71
899292	72
899296	70
899298	70
899299	70
899300	71
899328	70
899329	72
899330	72
899331	70
899332	71
899344	72
899352	72
899354	72
899355	72
899356	73
899360	71
899362	71
899363	71
899364	72
901120	69
901121	71
901122	71
901123	69
901124	70
901128	71
901136	71
901138	71
901139	71
901140	72
901144	71
901146	71
901147	71
901148	70
901152	70
901154	72
901155	70
901156	71
901184	71
901185	73
901186	73
901187	71
901188	72
901248	71
901249	73
901250	73
901251	71
901252	72
901264	71
901272	71
901274	73
901275	73
901276	72
901280	72
901282	74
901283	70
901284	73
901312	69
901313	71
901314	71
901315	69
901316	70
901328	71
901336	71
901338	73
901339	71
901340	72
901344	70
901346	70
901347	70
901348	71
901376	70
901377	72
901378	72
901379	70
901380	71
901392	72
901400	70
901402	72
901403	72
901404	71
901408	71
901410	73
901411	71
901412	72
902144	71
902145	73
902146	73
902147	71
902148	72
902152	73
902160	73
902162	73
902163	73
902164	74
902168	73
902170	73
902171	73
902172	72
902176	72
902178	72
902179	72
902180	73
902656	69
902657	71
902658	71
902659	71
902660	70
902664	71
902672	71
902674	71
902675	71
902676	72
902680	69
902682	71
902683	71
902684	70
902688	70
902690	72
902691	72
902692	71
902784	71
902785	73
902786	73
902787	71
902788	72
902848	71
902849	73
902850	73
902851	71
902852	72
902864	73
902872	71
902874	73
902875	73
902876	72
902880	72
902882	74
902883	72
902884	73
902912	70
902913	72
902914	72
902915	72
902916	71
902928	72
902936	70
902938	72
902939	72
902940	71
902944	71
902946	73
902947	73
902948	72
903168	70
903169	72
903170	72
903171	70
903172	71
903176	72
903184	72
903186	72
903187	72
903188	73
903192	72
903194	72
903195	72
903196	71
903200	71
903202	73
903203	71
903204	72
903296	72
903297	74
903298	74
903299	72
903300	73
903360	70
903361	72
903362	72
903363	70
903364	71
903376	72
903384	72
903386	74
903387	72
903388	73
903392	71
903394	71
903395	71
903396	72
903424	71
903425	73
903426	73
903427	71
903428	72
903440	73
903448	71
903450	73
903451	73
903452	72
903456	72
903458	74
903459	72
903460	73
917504	67
917505	69
917506	69
917507	69
917508	68
917512	69
917520	69
917522	69
917523	69
917524	70
917528	69
917530	69
917531	69
917532	70
917536	68
917538	70
917539	68
917540	69
917568	69
917569	71
917570	71
917571	71
917572	70
917632	69
917633	71
917634	71
917635	69
917636	70
917648	71
917656	71
917658	71
917659	71
917660	70
917664	70
917666	72
917667	70
917668	71
917696	67
917697	69
917698	69
917699	67
917700	68
917712	69
917720	69
917722	71
917723	69
917724	70
917728	68
917730	68
917731	68
917732	69
917760	68
917761	70
917762	70
917763	70
917764	69
917776	70
917784	70
917786	70
917787	70
917788	71
917792	69
917794	71
917795	69
917796	70
918016	69
918017	71
918018	71
918019	69
918020	70
918024	71
918032	71
918034	71
918035	71
918036	72
918040	71
918042	71
918043	71
918044	70
918048	70
918050	70
918051	70
918052	71
918528	69
918529	71
918530	71
918531	69
918532	70
918536	71
918544	71
918546	71
918547	71
918548	72
918552	71
918554	71
918555	71
918556	72
918560	70
918562	70
918563	70
918564	71
918656	69
918657	71
918658	71
918659	71
918660	70
918720	69
918721	71
918722	71
918723	69
918724	70
918736	71
918744	71
918746	71
918747	71
918748	72
918752	70
918754	70
918755	70
918756	71
918784	70
918785	72
918786	72
918787	70
918788	71
918800	72
918808	70
918810	72
918811	72
918812	71
918816	71
918818	71
918819	71
918820	72
919040	69
919041	71
919042	71
919043	69
919044	70
919048	71
919056	71
919058	71
919059	71
919060	72
919064	69
919066	71
919067	71
919068	70
919072	70
919074	70
919075	70
919076	71
919168	69
919169	71
919170	71
919171	71
919172	70
919232	69
919233	71
919234	71
919235	69
919236	70
919248	71
919256	71
919258	71
919259	71
919260	72
919264	70
919266	70
919267	70
919268	71
919296	70
919297	72
919298	72
919299	70
919300	71
919312	72
919320	70
919322	72
919323	72
919324	71
919328	71
919330	71
919331	71
919332	72
919552	68
919553	70
919554	70
919555	68
919556	69
919560	70
919568	70
919570	70
919571	70
919572	71
919576	70
919578	70
919579	70
919580	71
919584	69
919586	69
919587	69
919588	70
919680	68
919681	70
919682	70
919683	70
919684	69
919744	68
919745	70
919746	70
919747	68
919748	69
919760	70
919768	70
919770	70
919771	70
919772	71
919776	69
919778	69
919779	69
919780	70
919808	69
919809	71
919810	71
919811	69
919812	70
919824	71
919832	71
919834	71
919835	71
919836	72
919840	70
919842	70
919843	70
919844	71
925696	67
925697	69
925698	69
925699	69
925700	68
925704	69
925712	69
925714	69
925715	69
925716	70
925720	69
925722	69
925723	69
925724	70
925728	68
925730	70
925731	70
925732	69
925760	69
925761	71
925762	71
925763	71
925764	70
925824	69
925825	71
925826	71
925827	71
925828	70
925840	71
925848	71
925850	71
925851	71
925852	72
925856	70
925858	72
925859	70
925860	71
925888	69
925889	71
925890	71
925891	69
925892	70
925904	71
925912	69
925914	71
925915	71
925916	70
925920	70
925922	70
925923	70
925924	71
925952	68
925953	70
925954	70
925955	70
925956	69
925968	70
925976	70
925978	70
925979	70
925980	71
925984	69
925986	71
925987	71
925988	70
929792	67
929793	69
929794	69
929795	69
929796	68
929800	69
929808	69
929810	69
929811	69
929812	70
929816	69
929818	69
929819	69
929820	70
929824	68
929826	70
929827	68
929828	69
929856	69
929857	71
929858	71
929859	71
929860	70
929920	69
929921	71
929922	71
929923	69
929924	70
929936	71
929944	71
929946	71
929947	71
929948	70
929952	70
929954	72
929955	70
929956	71
929984	67
929985	69
929986	69
929987	67
929988	68
930000	69
930008	69
930010	71
930011	69
930012	70
930016	68
930018	68
930019	68
930020	69
930048	68
930049	70
930050	70
930051	70
930052	69
930064	70
930072	70
930074	70
930075	70
930076	71
930080	69
930082	71
930083	69
930084	70
930816	69
930817	71
930818	71
930819	69
930820	70
930824	71
930832	71
930834	71
930835	71
930836	72
930840	71
930842	71
930843	71
930844	70
930848	70
930850	70
930851	70
930852	71
931328	69
931329	71
931330	71
931331	69
931332	70
931336	71
931344	71
931346	71
931347	71
931348	72
931352	71
931354	71
931355	71
931356	72
931360	70
931362	70
931363	70
931364	71
931456	69
931457	71
931458	71
931459	71
931460	70
931520	69
931521	71
931522	71
931523	69
931524	70
931536	71
931544	71
931546	71
931547	71
931548	72
931552	70
931554	70
931555	70
931556	71
931584	70
931585	72
931586	72
931587	70
931588	71
931600	72
931608	72
931610	72
931611	72
931612	73
931616	71
931618	71
931619	71
931620	72
931840	68
931841	70
931842	70
931843	68
931844	69
931848	70
931856	70
931858	70
931859	70
931860	71
931864	70
931866	70
931867	70
931868	71
931872	69
931874	69
931875	69
931876	70
931968	68
931969	70
931970	70
931971	70
931972	69
932032	68
932033	70
932034	70
932035	68
932036	69
932048	70
932056	70
932058	70
932059	70
932060	71
932064	69
932066	69
932067	69
932068	70
932096	69
932097	71
932098	71
932099	69
932100	70
932112	71
932120	71
932122	71
932123	71
932124	72
932128	70
932130	70
932131	70
932132	71
933888	68
933889	70
933890	70
933891	70
933892	69
933896	70
933904	70
933906	70
933907	70
933908	71
933912	70
933914	70
933915	70
933916	71
933920	69
933922	71
933923	69
933924	70
933952	70
933953	72
933954	72
933955	72
933956	71
934016	70
934017	72
934018	72
934019	70
934020	71
934032	72
934040	72
934042	72
934043	72
934044	71
934048	71
934050	73
934051	71
934052	72
934080	68
934081	70
934082	70
934083	68
934084	69
934096	70
934104	70
934106	72
934107	70
934108	71
934112	69
934114	69
934115	69
934116	70
934144	69
934145	71
934146	71
934147	71
934148	70
934160	71
934168	71
934170	71
934171	71
934172	72
934176	70
934178	72
934179	70
934180	71
934912	70
934913	72
934914	72
934915	70
934916	71
934920	72
934928	72
934930	72
934931	72
934932	73
934936	72
934938	72
934939	72
934940	71
934944	71
934946	71
934947	71
934948	72
935424	70
935425	72
935426	72
935427	70
935428	71
935432	72
935440	72
935442	72
935443	72
935444	73
935448	70
935450	72
935451	72
935452	71
935456	71
935458	71
935459	71
935460	72
935552	70
935553	72
935554	72
935555	72
935556	71
935616	70
935617	72
935618	72
935619	70
935620	71
935632	72
935640	72
935642	72
935643	72
935644	73
935648	71
935650	71
935651	71
935652	72
935680	71
935681	73
935682	73
935683	71
935684	72
935696	73
935704	71
935706	73
935707	73
935708	72
935712	72
935714	72
935715	72
935716	73
935936	69
935937	71
935938	71
935939	69
935940	70
935944	71
935952	71
935954	71
935955	71
935956	72
935960	71
935962	71
935963	71
935964	72
935968	70
935970	70
935971	70
935972	71
936064	69
936065	71
936066	71
936067	71
936068	70
936128	69
936129	71
936130	71
936131	69
936132	70
936144	71
936152	71
936154	71
936155	71
936156	72
936160	70
936162	70
936163	70
936164	71
936192	70
936193	72
936194	72
936195	70
936196	71
936208	72
936216	72
936218	72
936219	72
936220	73
936224	71
936226	71
936227	71
936228	72
1048576	67
1048577	69
1048578	69
1048579	67
1048580	68
1048584	69
1048592	69
1048594	69
1048595	69
1048596	70
1048600	69
1048602	69
1048603	69
1048604	68
1048608	68
1048610	70
1048611	68
1048612	69
1048640	69
1048641	71
1048642	71
1048643	69
1048644	70
1048704	69
1048705	71
1048706	71
1048707	69
1048708	70
1048720	69
1048728	69
1048730	71
1048731	71
1048732	70
1048736	70
1048738	72
1048739	68
1048740	71
1048768	67
1048769	69
1048770	69
1048771	67
1048772	68
1048784	69
1048792	69
1048794	71
1048795	69
1048796	70
1048800	68
1048802	68
1048803	68
1048804	69
1048832	68
1048833	70
1048834	70
1048835	68
1048836	69
1048848	70
1048856	70
1048858	70
1048859	70
1048860	69
1048864	69
1048866	71
1048867	69
1048868	70
1049088	69
1049089	71
1049090	71
1049091	69
1049092	70
1049096	71
1049104	71
1049106	71
1049107	71
1049108	72
1049112	71
1049114	71
1049115	71
1049116	70
1049120	70
1049122	70
1049123	70
1049124	71
1049600	69
1049601	71
1049602	71
1049603	69
1049604	70
1049608	71
1049616	71
1049618	71
1049619	71
1049620	72
1049624	71
1049626	71
1049627	71
1049628	70
1049632	70
1049634	72
1049635	70
1049636	71
1049728	69
1049729	71
1049730	71
1049731	71
1049732	70
1049792	69
1049793	71
1049794	71
1049795	69
1049796	70
1049808	71
1049816	71
1049818	71
1049819	71
1049820	72
1049824	70
1049826	70
1049827	70
1049828	71
1049856	70
1049857	72
1049858	72
1049859	70
1049860	71
1049872	72
1049880	70
1049882	72
1049883	72
1049884	71
1049888	71
1049890	71
1049891	71
1049892	72
1050112	69
1050113	69
1050114	71
1050115	69
1050116	70
1050120	71
1050128	71
1050130	71
1050131	71
1050132	72
1050136	69
1050138	69
1050139	71
1050140	68
1050144	70
1050146	70
1050147	70
1050148	71
1050240	69
1050241	71
1050242	71
1050243	71
1050244	70
1050304	69
1050305	71
1050306	71
1050307	69
1050308	70
1050320	71
1050328	71
1050330	71
1050331	71
1050332	70
1050336	70
1050338	72
1050339	70
1050340	71
1050368	70
1050369	70
1050370	70
1050371	70
1050372	69
1050384	70
1050392	70
1050394	70
1050395	70
1050396	69
1050400	71
1050402	71
1050403	71
1050404	70
1050624	68
1050625	70
1050626	70
1050627	68
1050628	69
1050632	70
1050640	70
1050642	70
1050643	70
1050644	71
1050648	70
1050650	70
1050651	70
1050652	69
1050656	69
1050658	71
1050659	69
1050660	70
1050752	70
1050753	72
1050754	72
1050755	70
1050756	71
1050816	68
1050817	70
1050818	70
1050819	68
1050820	69
1050832	70
1050840	70
1050842	72
1050843	70
1050844	71
1050848	69
1050850	69
1050851	69
1050852	70
1050880	69
1050881	71
1050882	71
1050883	69
1050884	70
1050896	71
1050904	71
1050906	71
1050907	71
1050908	70
1050912	70
1050914	72
1050915	70
1050916	71
1052672	69
1052673	71
1052674	71
1052675	69
1052676	70
1052680	71
1052688	71
1052690	71
1052691	71
1052692	72
1052696	69
1052698	71
1052699	71
1052700	70
1052704	70
1052706	72
1052707	70
1052708	71
1052736	71
1052737	73
1052738	73
1052739	71
1052740	72
1052800	71
1052801	73
1052802	73
1052803	71
1052804	72
1052816	71
1052824	71
1052826	73
1052827	73
1052828	72
1052832	72
1052834	74
1052835	70
1052836	73
1052864	69
1052865	71
1052866	71
1052867	69
1052868	70
1052880	71
1052888	71
1052890	73
1052891	71
1052892	72
1052896	70
1052898	70
1052899	70
1052900	71
1052928	70
1052929	72
1052930	72
1052931	70
1052932	71
1052944	72
1052952	70
1052954	72
1052955	72
1052956	71
1052960	71
1052962	73
1052963	71
1052964	72
1056768	69
1056769	71
1056770	71
1056771	69
1056772	70
1056776	71
1056784	71
1056786	71
1056787	71
1056788	72
1056792	71
1056794	71
1056795	71
1056796	70
1056800	70
1056802	72
1056803	70
1056804	71
1056832	71
1056833	73
1056834	73
1056835	71
1056836	72
1056896	71
1056897	73
1056898	73
1056899	71
1056900	72
1056912	71
1056920	71
1056922	73
1056923	73
1056924	72
1056928	72
1056930	74
1056931	70
1056932	73
1056960	69
1056961	71
1056962	71
1056963	69
1056964	70
1056976	71
1056984	71
1056986	73
1056987	71
1056988	72
1056992	70
1056994	70
1056995	70
1056996	71
1057024	70
1057025	72
1057026	72
1057027	70
1057028	71
1057040	72
1057048	70
1057050	72
1057051	72
1057052	71
1057056	71
1057058	73
1057059	71
1057060	72
1057792	69
1057793	71
1057794	71
1057795	69
1057796	70
1057800	71
1057808	71
1057810	71
1057811	71
1057812	72
1057816	71
1057818	71
1057819	71
1057820	70
1057824	70
1057826	72
1057827	70
1057828	71
1058304	69
1058305	71
1058306	71
1058307	69
1058308	70
1058312	71
1058320	71
1058322	71
1058323	71
1058324	72
1058328	69
1058330	71
1058331	71
1058332	70
1058336	70
1058338	72
1058339	70
1058340	71
1058432	71
1058433	73
1058434	73
1058435	71
1058436	72
1058496	71
1058497	73
1058498	73
1058499	71
1058500	72
1058512	71
1058520	71
1058522	73
1058523	73
1058524	72
1058528	72
1058530	74
1058531	70
1058532	73
1058560	70
1058561	72
1058562	72
1058563	70
1058564	71
1058576	72
1058584	70
1058586	72
1058587	72
1058588	71
1058592	71
1058594	73
1058595	71
1058596	72
1058816	70
1058817	72
1058818	72
1058819	70
1058820	71
1058824	70
1058832	72
1058834	72
1058835	70
1058836	71
1058840	70
1058842	72
1058843	72
1058844	71
1058848	71
1058850	73
1058851	69
1058852	72
1058944	72
1058945	74
1058946	74
1058947	72
1058948	73
1059008	68
1059009	70
1059010	70
1059011	68
1059012	69
1059024	70
1059032	72
1059034	74
1059035	70
1059036	73
1059040	69
1059042	71
1059043	69
1059044	70
1059072	71
1059073	73
1059074	73
1059075	71
1059076	72
1059088	71
1059096	71
1059098	73
1059099	73
1059100	72
1059104	72
1059106	74
1059107	70
1059108	73
1060864	67
1060865	69
1060866	69
1060867	69
1060868	68
1060872	69
1060880	69
1060882	69
1060883	69
1060884	70
1060888	69
1060890	69
1060891	69
1060892	70
1060896	68
1060898	70
1060899	68
1060900	69
1060928	69
1060929	71
1060930	71
1060931	71
1060932	70
1060992	69
1060993	71
1060994	71
1060995	69
1060996	70
1061008	71
1061016	71
1061018	71
1061019	71
1061020	70
1061024	70
1061026	72
1061027	70
1061028	71
1061056	67
1061057	69
1061058	69
1061059	67
1061060	68
1061072	69
1061080	69
1061082	71
1061083	69
1061084	70
1061088	68
1061090	68
1061091	68
1061092	69
1061120	68
1061121	70
1061122	70
1061123	70
1061124	69
1061136	70
1061144	70
1061146	70
1061147	70
1061148	71
1061152	69
1061154	71
1061155	69
1061156	70
1061888	69
1061889	71
1061890	71
1061891	69
1061892	70
1061896	71
1061904	71
1061906	71
1061907	71
1061908	72
1061912	71
1061914	71
1061915	71
1061916	70
1061920	70
1061922	70
1061923	70
1061924	71
1062400	69
1062401	71
1062402	71
1062403	69
1062404	70
1062408	71
1062416	71
1062418	71
1062419	71
1062420	72
1062424	71
1062426	71
1062427	71
1062428	70
1062432	70
1062434	72
1062435	70
1062436	71
1062528	71
1062529	73
1062530	73
1062531	71
1062532	72
1062592	69
1062593	71
1062594	71
1062595	69
1062596	70
1062608	71
1062616	71
1062618	73
1062619	71
1062620	72
1062624	70
1062626	70
1062627	70
1062628	71
1062656	70
1062657	72
1062658	72
1062659	70
1062660	71
1062672	72
1062680	70
1062682	72
1062683	72
1062684	71
1062688	71
1062690	73
1062691	71
1062692	72
1062912	68
1062913	70
1062914	70
1062915	68
1062916	69
1062920	70
1062928	70
1062930	70
1062931	70
1062932	71
1062936	70
1062938	70
1062939	70
1062940	71
1062944	69
1062946	69
1062947	69
1062948	70
1063040	68
1063041	70
1063042	70
1063043	70
1063044	69
1063104	68
1063105	70
1063106	70
1063107	68
1063108	69
1063120	70
1063128	70
1063130	70
1063131	70
1063132	71
1063136	69
1063138	69
1063139	69
1063140	70
1063168	69
1063169	71
1063170	71
1063171	69
1063172	70
1063184	71
1063192	71
1063194	71
1063195	71
1063196	72
1063200	70
1063202	70
1063203	70
1063204	71
1064960	68
1064961	70
1064962	70
1064963	68
1064964	69
1064968	70
1064976	70
1064978	70
1064979	70
1064980	71
1064984	70
1064986	70
1064987	70
1064988	69
1064992	69
1064994	71
1064995	69
1064996	70
1065024	70
1065025	72
1065026	72
1065027	70
1065028	71
1065088	70
1065089	72
1065090	72
1065091	70
1065092	71
1065104	70
1065112	70
1065114	72
1065115	72
1065116	71
1065120	71
1065122	73
1065123	69
1065124	72
1065152	68
1065153	70
1065154	70
1065155	68
1065156	69
1065168	70
1065176	70
1065178	72
1065179	70
1065180	71
1065184	69
1065186	69
1065187	69
1065188	70
1065216	69
1065217	71
1065218	71
1065219	69
1065220	70
1065232	71
1065240	69
1065242	71
1065243	71
1065244	70
1065248	70
1065250	72
1065251	70
1065252	71
1065984	70
1065985	72
1065986	72
1065987	70
1065988	71
1065992	72
1066000	72
1066002	72
1066003	72
1066004	73
1066008	72
1066010	72
1066011	72
1066012	71
1066016	71
1066018	71
1066019	71
1066020	72
1066496	68
1066497	70
1066498	70
1066499	70
1066500	69
1066504	70
1066512	70
1066514	70
1066515	70
1066516	71
1066520	68
1066522	70
1066523	70
1066524	69
1066528	69
1066530	71
1066531	71
1066532	70
1066624	70
1066625	72
1066626	72
1066627	70
1066628	71
1066688	70
1066689	72
1066690	72
1066691	70
1066692	71
1066704	72
1066712	70
1066714	72
1066715	72
1066716	71
1066720	71
1066722	73
1066723	71
1066724	72
1066752	69
1066753	71
1066754	71
1066755	71
1066756	70
1066768	71
1066776	69
1066778	71
1066779	71
1066780	70
1066784	70
1066786	72
1066787	72
1066788	71
1067008	69
1067009	71
1067010	71
1067011	69
1067012	70
1067016	71
1067024	71
1067026	71
1067027	71
1067028	72
1067032	71
1067034	71
1067035	71
1067036	70
1067040	70
1067042	72
1067043	70
1067044	71
1067136	71
1067137	73
1067138	73
1067139	71
1067140	72
1067200	69
1067201	71
1067202	71
1067203	69
1067204	70
1067216	71
1067224	71
1067226	73
1067227	71
1067228	72
1067232	70
1067234	70
1067235	70
1067236	71
1067264	70
1067265	72
1067266	72
1067267	70
1067268	71
1067280	72
1067288	70
1067290	72
1067291	72
1067292	71
1067296	71
1067298	73
1067299	71
1067300	72
1114112	69
1114113	71
1114114	71
1114115	69
1114116	70
1114120	71
1114128	71
1114130	71
1114131	71
1114132	72
1114136	71
1114138	71
1114139	71
1114140	70
1114144	70
1114146	72
1114147	70
1114148	71
1114176	71
1114177	73
1114178	73
1114179	71
1114180	72
1114240	71
1114241	73
1114242	73
1114243	71
1114244	72
1114256	71
1114264	71
1114266	73
1114267	73
1114268	72
1114272	72
1114274	74
1114275	70
1114276	73
1114304	69
1114305	71
1114306	71
1114307	69
1114308	70
1114320	71
1114328	71
1114330	73
1114331	71
1114332	72
1114336	70
1114338	70
1114339	70
1114340	71
1114368	70
1114369	72
1114370	72
1114371	70
1114372	71
1114384	72
1114392	72
1114394	72
1114395	72
1114396	71
1114400	71
1114402	73
1114403	71
1114404	72
1114624	71
1114625	73
1114626	73
1114627	71
1114628	72
1114632	73
1114640	73
1114642	73
1114643	73
1114644	74
1114648	73
1114650	73
1114651	73
1114652	72
1114656	72
1114658	72
1114659	72
1114660	73
1115136	71
1115137	73
1115138	73
1115139	71
1115140	72
1115144	73
1115152	73
1115154	73
1115155	73
1115156	74
1115160	73
1115162	73
1115163	73
1115164	72
1115168	72
1115170	72
1115171	72
1115172	73
1115264	71
1115265	73
1115266	73
1115267	73
1115268	72
1115328	71
1115329	73
1115330	73
1115331	71
1115332	72
1115344	73
1115352	73
1115354	73
1115355	73
1115356	74
1115360	72
1115362	72
1115363	72
1115364	73
1115392	72
1115393	74
1115394	74
1115395	72
1115396	73
1115408	74
1115416	72
1115418	74
1115419	74
1115420	73
1115424	73
1115426	73
1115427	73
1115428	74
1115648	71
1115649	71
1115650	73
1115651	71
1115652	72
1115656	73
1115664	73
1115666	73
1115667	73
1115668	74
1115672	71
1115674	71
1115675	73
1115676	70
1115680	72
1115682	72
1115683	72
1115684	73
1115776	71
1115777	73
1115778	73
1115779	73
1115780	72
1115840	71
1115841	73
1115842	73
1115843	71
1115844	72
1115856	73
1115864	73
1115866	73
1115867	73
1115868	72
1115872	72
1115874	72
1115875	72
1115876	73
1115904	72
1115905	72
1115906	72
1115907	72
1115908	71
1115920	72
1115928	72
1115930	72
1115931	72
1115932	71
1115936	73
1115938	73
1115939	73
1115940	72
1116160	70
1116161	72
1116162	72
1116163	70
1116164	71
1116168	72
1116176	72
1116178	72
1116179	72
1116180	73
1116184	72
1116186	72
1116187	72
1116188	71
1116192	71
1116194	71
1116195	71
1116196	72
1116288	70
1116289	72
1116290	72
1116291	72
1116292	71
1116352	70
1116353	72
1116354	72
1116355	70
1116356	71
1116368	72
1116376	72
1116378	72
1116379	72
1116380	73
1116384	71
1116386	71
1116387	71
1116388	72
1116416	71
1116417	73
1116418	73
1116419	71
1116420	72
1116432	73
1116440	73
1116442	73
1116443	73
1116444	72
1116448	72
1116450	72
1116451	72
1116452	73
1146880	67
1146881	69
1146882	69
1146883	69
1146884	68
1146888	69
1146896	69
1146898	69
1146899	69
1146900	70
1146904	69
1146906	69
1146907	69
1146908	68
1146912	68
1146914	70
1146915	70
1146916	69
1146944	69
1146945	71
1146946	71
1146947	69
1146948	70
1147008	69
1147009	71
1147010	71
1147011	71
1147012	70
1147024	71
1147032	69
1147034	71
1147035	71
1147036	70
1147040	70
1147042	72
1147043	70
1147044	71
1147072	69
1147073	71
1147074	71
1147075	69
1147076	70
1147088	71
1147096	69
1147098	71
1147099	71
1147100	70
1147104	70
1147106	70
1147107	70
1147108	71
1147136	68
1147137	70
1147138	70
1147139	70
1147140	69
1147152	70
1147160	68
1147162	70
1147163	70
1147164	69
1147168	69
1147170	71
1147171	71
1147172	70
1147392	69
1147393	71
1147394	71
1147395	69
1147396	70
1147400	71
1147408	71
1147410	71
1147411	71
1147412	72
1147416	71
1147418	71
1147419	71
1147420	70
1147424	70
1147426	70
1147427	70
1147428	71
1147904	69
1147905	71
1147906	71
1147907	71
1147908	70
1147912	71
1147920	71
1147922	71
1147923	71
1147924	72
1147928	69
1147930	71
1147931	71
1147932	70
1147936	70
1147938	72
1147939	72
1147940	71
1148032	69
1148033	71
1148034	71
1148035	71
1148036	70
1148096	69
1148097	71
1148098	71
1148099	69
1148100	70
1148112	71
1148120	71
1148122	71
1148123	71
1148124	72
1148128	70
1148130	70
1148131	70
1148132	71
1148160	70
1148161	72
1148162	72
1148163	70
1148164	71
1148176	72
1148184	70
1148186	72
1148187	72
1148188	71
1148192	71
1148194	71
1148195	71
1148196	72
1148416	67
1148417	69
1148418	69
1148419	69
1148420	68
1148424	69
1148432	69
1148434	69
1148435	69
1148436	70
1148440	67
1148442	69
1148443	69
1148444	68
1148448	68
1148450	70
1148451	70
1148452	69
1148544	69
1148545	71
1148546	71
1148547	69
1148548	70
1148608	69
1148609	71
1148610	71
1148611	71
1148612	70
1148624	71
1148632	69
1148634	71
1148635	71
1148636	70
1148640	70
1148642	72
1148643	72
1148644	71
1148672	68
1148673	70
1148674	70
1148675	70
1148676	69
1148688	70
1148696	68
1148698	70
1148699	70
1148700	69
1148704	69
1148706	71
1148707	71
1148708	70
1148928	68
1148929	70
1148930	70
1148931	70
1148932	69
1148936	70
1148944	70
1148946	70
1148947	70
1148948	71
1148952	70
1148954	70
1148955	70
1148956	69
1148960	69
1148962	71
1148963	71
1148964	70
1149056	70
1149057	72
1149058	72
1149059	70
1149060	71
1149120	70
1149121	72
1149122	72
1149123	70
1149124	71
1149136	72
1149144	70
1149146	72
1149147	72
1149148	71
1149152	71
1149154	71
1149155	71
1149156	72
1149184	69
1149185	71
1149186	71
1149187	71
1149188	70
1149200	71
1149208	69
1149210	71
1149211	71
1149212	70
1149216	70
1149218	72
1149219	72
1149220	71
1155072	69
1155073	71
1155074	71
1155075	69
1155076	70
1155080	71
1155088	71
1155090	71
1155091	71
1155092	72
1155096	71
1155098	71
1155099	71
1155100	70
1155104	70
1155106	72
1155107	70
1155108	71
1155136	71
1155137	73
1155138	73
1155139	71
1155140	72
1155200	71
1155201	73
1155202	73
1155203	71
1155204	72
1155216	73
1155224	71
1155226	73
1155227	73
1155228	72
1155232	72
1155234	74
1155235	72
1155236	73
1155264	69
1155265	71
1155266	71
1155267	69
1155268	70
1155280	71
1155288	71
1155290	73
1155291	71
1155292	72
1155296	70
1155298	70
1155299	70
1155300	71
1155328	70
1155329	72
1155330	72
1155331	70
1155332	71
1155344	72
1155352	70
1155354	72
1155355	72
1155356	71
1155360	71
1155362	73
1155363	71
1155364	72
1159168	69
1159169	71
1159170	71
1159171	69
1159172	70
1159176	71
1159184	71
1159186	71
1159187	71
1159188	72
1159192	71
1159194	71
1159195	71
1159196	70
1159200	70
1159202	72
1159203	70
1159204	71
1159232	71
1159233	73
1159234	73
1159235	71
1159236	72
1159296	71
1159297	73
1159298	73
1159299	71
1159300	72
1159312	71
1159320	71
1159322	73
1159323	73
1159324	72
1159328	72
1159330	74
1159331	70
1159332	73
1159360	69
1159361	71
1159362	71
1159363	69
1159364	70
1159376	71
1159384	71
1159386	73
1159387	71
1159388	72
1159392	70
1159394	70
1159395	70
1159396	71
1159424	70
1159425	72
1159426	72
1159427	70
1159428	71
1159440	72
1159448	70
1159450	72
1159451	72
1159452	71
1159456	71
1159458	73
1159459	71
1159460	72
1160192	71
1160193	73
1160194	73
1160195	71
1160196	72
1160200	73
1160208	73
1160210	73
1160211	73
1160212	74
1160216	73
1160218	73
1160219	73
1160220	72
1160224	72
1160226	72
1160227	72
1160228	73
1160704	69
1160705	71
1160706	71
1160707	71
1160708	70
1160712	71
1160720	71
1160722	71
1160723	71
1160724	72
1160728	71
1160730	71
1160731	71
1160732	70
1160736	70
1160738	72
1160739	72
1160740	71
1160832	71
1160833	73
1160834	73
1160835	71
1160836	72
1160896	71
1160897	73
1160898	73
1160899	71
1160900	72
1160912	73
1160920	71
1160922	73
1160923	73
1160924	72
1160928	72
1160930	74
1160931	72
1160932	73
1160960	70
1160961	72
1160962	72
1160963	72
1160964	71
1160976	72
1160984	70
1160986	72
1160987	72
1160988	71
1160992	71
1160994	73
1160995	73
1160996	72
1161216	70
1161217	72
1161218	72
1161219	70
1161220	71
1161224	72
1161232	72
1161234	72
1161235	72
1161236	73
1161240	72
1161242	72
1161243	72
1161244	71
1161248	71
1161250	73
1161251	71
1161252	72
1161344	72
1161345	74
1161346	74
1161347	72
1161348	73
1161408	70
1161409	72
1161410	72
1161411	70
1161412	71
1161424	72
1161432	72
1161434	74
1161435	72
1161436	73
1161440	71
1161442	71
1161443	71
1161444	72
1161472	71
1161473	73
1161474	73
1161475	71
1161476	72
1161488	73
1161496	71
1161498	73
1161499	73
1161500	72
1161504	72
1161506	74
1161507	72
1161508	73
1163264	68
1163265	70
1163266	70
1163267	70
1163268	69
1163272	70
1163280	70
1163282	70
1163283	70
1163284	71
1163288	70
1163290	70
1163291	70
1163292	69
1163296	69
1163298	71
1163299	71
1163300	70
1163328	70
1163329	72
1163330	72
1163331	70
1163332	71
1163392	70
1163393	72
1163394	72
1163395	72
1163396	71
1163408	72
1163416	70
1163418	72
1163419	72
1163420	71
1163424	71
1163426	73
1163427	71
1163428	72
1163456	70
1163457	72
1163458	72
1163459	70
1163460	71
1163472	72
1163480	70
1163482	72
1163483	72
1163484	71
1163488	71
1163490	71
1163491	71
1163492	72
1163520	69
1163521	71
1163522	71
1163523	71
1163524	70
1163536	71
1163544	69
1163546	71
1163547	71
1163548	70
1163552	70
1163554	72
1163555	72
1163556	71
1164288	70
1164289	72
1164290	72
1164291	70
1164292	71
1164296	72
1164304	72
1164306	72
1164307	72
1164308	73
1164312	72
1164314	72
1164315	72
1164316	71
1164320	71
1164322	71
1164323	71
1164324	72
1164800	68
1164801	70
1164802	70
1164803	70
1164804	69
1164808	70
1164816	70
1164818	70
1164819	70
1164820	71
1164824	68
1164826	70
1164827	70
1164828	69
1164832	69
1164834	71
1164835	71
1164836	70
1164928	70
1164929	72
1164930	72
1164931	70
1164932	71
1164992	70
1164993	72
1164994	72
1164995	72
1164996	71
1165008	72
1165016	70
1165018	72
1165019	72
1165020	71
1165024	71
1165026	73
1165027	73
1165028	72
1165056	69
1165057	71
1165058	71
1165059	71
1165060	70
1165072	71
1165080	69
1165082	71
1165083	71
1165084	70
1165088	70
1165090	72
1165091	72
1165092	71
1165312	69
1165313	71
1165314	71
1165315	71
1165316	70
1165320	71
1165328	71
1165330	71
1165331	71
1165332	72
1165336	71
1165338	71
1165339	71
1165340	70
1165344	70
1165346	72
1165347	72
1165348	71
1165440	71
1165441	73
1165442	73
1165443	71
1165444	72
1165504	71
1165505	73
1165506	73
1165507	71
1165508	72
1165520	73
1165528	71
1165530	73
1165531	73
1165532	72
1165536	72
1165538	72
1165539	72
1165540	73
1165568	70
1165569	72
1165570	72
1165571	72
1165572	71
1165584	72
1165592	70
1165594	72
1165595	72
1165596	71
1165600	71
1165602	73
1165603	73
1165604	72
1179648	68
1179649	70
1179650	70
1179651	68
1179652	69
1179656	70
1179664	70
1179666	70
1179667	70
1179668	71
1179672	70
1179674	70
1179675	70
1179676	69
1179680	69
1179682	71
1179683	69
1179684	70
1179712	70
1179713	72
1179714	72
1179715	70
1179716	71
1179776	70
1179777	72
1179778	72
1179779	70
1179780	71
1179792	70
1179800	70
1179802	72
1179803	72
1179804	71
1179808	71
1179810	73
1179811	69
1179812	72
1179840	68
1179841	70
1179842	70
1179843	68
1179844	69
1179856	70
1179864	70
1179866	72
1179867	70
1179868	71
1179872	69
1179874	69
1179875	69
1179876	70
1179904	69
1179905	71
1179906	71
1179907	69
1179908	70
1179920	71
1179928	71
1179930	71
1179931	71
1179932	70
1179936	70
1179938	72
1179939	70
1179940	71
1180160	70
1180161	72
1180162	72
1180163	70
1180164	71
1180168	72
1180176	72
1180178	72
1180179	72
1180180	73
1180184	72
1180186	72
1180187	72
1180188	71
1180192	71
1180194	71
1180195	71
1180196	72
1180672	70
1180673	72
1180674	72
1180675	70
1180676	71
1180680	72
1180688	72
1180690	72
1180691	72
1180692	73
1180696	72
1180698	72
1180699	72
1180700	71
1180704	71
1180706	73
1180707	71
1180708	72
1180800	70
1180801	72
1180802	72
1180803	72
1180804	71
1180864	70
1180865	72
1180866	72
1180867	70
1180868	71
1180880	72
1180888	72
1180890	72
1180891	72
1180892	73
1180896	71
1180898	71
1180899	71
1180900	72
1180928	71
1180929	73
1180930	73
1180931	71
1180932	72
1180944	73
1180952	71
1180954	73
1180955	73
1180956	72
1180960	72
1180962	72
1180963	72
1180964	73
1181184	70
1181185	70
1181186	72
1181187	70
1181188	71
1181192	72
1181200	72
1181202	72
1181203	72
1181204	73
1181208	70
1181210	70
1181211	72
1181212	69
1181216	71
1181218	71
1181219	71
1181220	72
1181312	70
1181313	72
1181314	72
1181315	72
1181316	71
1181376	70
1181377	72
1181378	72
1181379	70
1181380	71
1181392	72
1181400	72
1181402	72
1181403	72
1181404	71
1181408	71
1181410	73
1181411	71
1181412	72
1181440	71
1181441	71
1181442	71
1181443	71
1181444	70
1181456	71
1181464	71
1181466	71
1181467	71
1181468	70
1181472	72
1181474	72
1181475	72
1181476	71
1181696	69
1181697	71
1181698	71
1181699	69
1181700	70
1181704	71
1181712	71
1181714	71
1181715	71
1181716	72
1181720	71
1181722	71
1181723	71
1181724	70
1181728	70
1181730	72
1181731	70
1181732	71
1181824	71
1181825	73
1181826	73
1181827	71
1181828	72
1181888	69
1181889	71
1181890	71
1181891	69
1181892	70
1181904	71
1181912	71
1181914	73
1181915	71
1181916	72
1181920	70
1181922	70
1181923	70
1181924	71
1181952	70
1181953	72
1181954	72
1181955	70
1181956	71
1181968	72
1181976	72
1181978	72
1181979	72
1181980	71
1181984	71
1181986	73
1181987	71
1181988	72
1187840	70
1187841	72
1187842	72
1187843	70
1187844	71
1187848	72
1187856	72
1187858	72
1187859	72
1187860	73
1187864	70
1187866	72
1187867	72
1187868	71
1187872	71
1187874	73
1187875	71
1187876	72
1187904	72
1187905	74
1187906	74
1187907	72
1187908	73
1187968	72
1187969	74
1187970	74
1187971	72
1187972	73
1187984	72
1187992	72
1187994	74
1187995	74
1187996	73
1188000	73
1188002	75
1188003	71
1188004	74
1188032	70
1188033	72
1188034	72
1188035	70
1188036	71
1188048	72
1188056	72
1188058	74
1188059	72
1188060	73
1188064	71
1188066	71
1188067	71
1188068	72
1188096	71
1188097	73
1188098	73
1188099	71
1188100	72
1188112	73
1188120	71
1188122	73
1188123	73
1188124	72
1188128	72
1188130	74
1188131	72
1188132	73
1191936	68
1191937	70
1191938	70
1191939	70
1191940	69
1191944	70
1191952	70
1191954	70
1191955	70
1191956	71
1191960	70
1191962	70
1191963	70
1191964	71
1191968	69
1191970	71
1191971	69
1191972	70
1192000	70
1192001	72
1192002	72
1192003	72
1192004	71
1192064	70
1192065	72
1192066	72
1192067	70
1192068	71
1192080	72
1192088	72
1192090	72
1192091	72
1192092	71
1192096	71
1192098	73
1192099	71
1192100	72
1192128	68
1192129	70
1192130	70
1192131	68
1192132	69
1192144	70
1192152	70
1192154	72
1192155	70
1192156	71
1192160	69
1192162	69
1192163	69
1192164	70
1192192	69
1192193	71
1192194	71
1192195	71
1192196	70
1192208	71
1192216	71
1192218	71
1192219	71
1192220	72
1192224	70
1192226	72
1192227	70
1192228	71
1192960	70
1192961	72
1192962	72
1192963	70
1192964	71
1192968	72
1192976	72
1192978	72
1192979	72
1192980	73
1192984	72
1192986	72
1192987	72
1192988	71
1192992	71
1192994	71
1192995	71
1192996	72
1193472	70
1193473	72
1193474	72
1193475	70
1193476	71
1193480	72
1193488	72
1193490	72
1193491	72
1193492	73
1193496	72
1193498	72
1193499	72
1193500	71
1193504	71
1193506	73
1193507	71
1193508	72
1193600	72
1193601	74
1193602	74
1193603	72
1193604	73
1193664	70
1193665	72
1193666	72
1193667	70
1193668	71
1193680	72
1193688	72
1193690	74
1193691	72
1193692	73
1193696	71
1193698	71
1193699	71
1193700	72
1193728	71
1193729	73
1193730	73
1193731	71
1193732	72
1193744	73
1193752	71
1193754	73
1193755	73
1193756	72
1193760	72
1193762	74
1193763	72
1193764	73
1193984	69
1193985	71
1193986	71
1193987	69
1193988	70
1193992	71
1194000	71
1194002	71
1194003	71
1194004	72
1194008	71
1194010	71
1194011	71
1194012	72
1194016	70
1194018	70
1194019	70
1194020	71
1194112	69
1194113	71
1194114	71
1194115	71
1194116	70
1194176	69
1194177	71
1194178	71
1194179	69
1194180	70
1194192	71
1194200	71
1194202	71
1194203	71
1194204	72
1194208	70
1194210	70
1194211	70
1194212	71
1194240	70
1194241	72
1194242	72
1194243	70
1194244	71
1194256	72
1194264	72
1194266	72
1194267	72
1194268	73
1194272	71
1194274	71
1194275	71
1194276	72
1196032	69
1196033	71
1196034	71
1196035	69
1196036	70
1196040	71
1196048	71
1196050	71
1196051	71
1196052	72
1196056	71
1196058	71
1196059	71
1196060	70
1196064	70
1196066	72
1196067	70
1196068	71
1196096	71
1196097	73
1196098	73
1196099	71
1196100	72
1196160	71
1196161	73
1196162	73
1196163	71
1196164	72
1196176	71
1196184	71
1196186	73
1196187	73
1196188	72
1196192	72
1196194	74
1196195	70
1196196	73
1196224	69
1196225	71
1196226	71
1196227	69
1196228	70
1196240	71
1196248	71
1196250	73
1196251	71
1196252	72
1196256	70
1196258	70
1196259	70
1196260	71
1196288	70
1196289	72
1196290	72
1196291	70
1196292	71
1196304	72
1196312	70
1196314	72
1196315	72
1196316	71
1196320	71
1196322	73
1196323	71
1196324	72
1197056	71
1197057	73
1197058	73
1197059	71
1197060	72
1197064	73
1197072	73
1197074	73
1197075	73
1197076	74
1197080	73
1197082	73
1197083	73
1197084	72
1197088	72
1197090	72
1197091	72
1197092	73
1197568	69
1197569	71
1197570	71
1197571	71
1197572	70
1197576	71
1197584	71
1197586	71
1197587	71
1197588	72
1197592	69
1197594	71
1197595	71
1197596	70
1197600	70
1197602	72
1197603	72
1197604	71
1197696	71
1197697	73
1197698	73
1197699	71
1197700	72
1197760	71
1197761	73
1197762	73
1197763	71
1197764	72
1197776	73
1197784	71
1197786	73
1197787	73
1197788	72
1197792	72
1197794	74
1197795	72
1197796	73
1197824	70
1197825	72
1197826	72
1197827	72
1197828	71
1197840	72
1197848	70
1197850	72
1197851	72
1197852	71
1197856	71
1197858	73
1197859	73
1197860	72
1198080	70
1198081	72
1198082	72
1198083	70
1198084	71
1198088	72
1198096	72
1198098	72
1198099	72
1198100	73
1198104	72
1198106	72
1198107	72
1198108	71
1198112	71
1198114	73
1198115	71
1198116	72
1198208	72
1198209	74
1198210	74
1198211	72
1198212	73
1198272	70
1198273	72
1198274	72
1198275	70
1198276	71
1198288	72
1198296	72
1198298	74
1198299	72
1198300	73
1198304	71
1198306	71
1198307	71
1198308	72
1198336	71
1198337	73
1198338	73
1198339	71
1198340	72
1198352	73
1198360	71
1198362	73
1198363	73
1198364	72
1198368	72
1198370	74
1198371	72
1198372	73
