0	80
1	82
2	82
3	82
4	81
8	82
16	82
18	84
19	82
20	83
24	82
26	82
27	82
28	81
32	81
34	83
35	83
36	82
64	82
65	84
66	84
67	84
68	83
128	82
129	84
130	84
131	84
132	83
144	84
152	84
154	84
155	84
156	83
160	83
162	85
163	83
164	84
192	82
193	84
194	84
195	82
196	83
208	84
216	82
218	84
219	84
220	83
224	83
226	83
227	83
228	84
256	81
257	83
258	83
259	83
260	82
272	83
280	83
282	83
283	83
284	82
288	82
290	84
291	84
292	83
512	82
513	84
514	84
515	84
516	83
520	84
528	84
530	86
531	84
532	85
536	84
538	84
539	84
540	83
544	83
546	85
547	85
548	84
1024	82
1025	84
1026	84
1027	84
1028	83
1032	84
1040	84
1042	86
1043	84
1044	85
1048	84
1050	84
1051	84
1052	83
1056	83
1058	85
1059	85
1060	84
1152	84
1153	86
1154	86
1155	86
1156	85
1216	82
1217	84
1218	84
1219	84
1220	83
1232	84
1240	84
1242	86
1243	84
1244	85
1248	83
1250	85
1251	85
1252	84
1280	83
1281	85
1282	85
1283	85
1284	84
1296	85
1304	83
1306	85
1307	85
1308	84
1312	84
1314	86
1315	84
1316	85
1536	82
1537	84
1538	84
1539	82
1540	83
1544	84
1552	84
1554	86
1555	84
1556	85
1560	82
1562	82
1563	84
1564	81
1568	83
1570	85
1571	83
1572	84
1664	82
1665	84
1666	84
1667	84
1668	83
1728	82
1729	84
1730	84
1731	84
1732	83
1744	84
1752	84
1754	84
1755	84
1756	83
1760	83
1762	85
1763	85
1764	84
1792	83
1793	83
1794	83
1795	83
1796	82
1808	83
1816	83
1818	83
1819	83
1820	82
1824	84
1826	84
1827	84
1828	83
2048	81
2049	83
2050	83
2051	83
2052	82
2056	83
2064	83
2066	85
2067	83
2068	84
2072	83
2074	83
2075	83
2076	82
2080	82
2082	84
2083	84
2084	83
2176	83
2177	85
2178	85
2179	85
2180	84
2240	83
2241	85
2242	85
2243	83
2244	84
2256	85
2264	83
2266	85
2267	85
2268	84
2272	84
2274	84
2275	84
2276	85
2304	82
2305	84
2306	84
2307	84
2308	83
2320	84
2328	84
2330	84
2331	84
2332	83
2336	83
2338	85
2339	85
2340	84
4096	82
4097	84
4098	84
4099	84
4100	83
4104	84
4112	84
4114	86
4115	84
4116	85
4120	84
4122	84
4123	84
4124	83
4128	83
4130	85
4131	85
4132	84
4160	84
4161	86
4162	86
4163	86
4164	85
4224	84
4225	86
4226	86
4227	86
4228	85
4240	86
4248	86
4250	86
4251	86
4252	85
4256	85
4258	87
4259	85
4260	86
4288	84
4289	86
4290	86
4291	84
4292	85
4304	86
4312	84
4314	86
4315	86
4316	85
4320	85
4322	85
4323	85
4324	86
4352	83
4353	85
4354	85
4355	85
4356	84
4368	85
4376	85
4378	85
4379	85
4380	84
4384	84
4386	86
4387	86
4388	85
8192	82
8193	84
8194	84
8195	84
8196	83
8200	84
8208	84
8210	86
8211	84
8212	85
8216	84
8218	84
8219	84
8220	83
8224	83
8226	85
8227	85
8228	84
8256	84
8257	86
8258	86
8259	86
8260	85
8320	84
8321	86
8322	86
8323	86
8324	85
8336	86
8344	86
8346	86
8347	86
8348	85
8352	85
8354	87
8355	85
8356	86
8384	84
8385	86
8386	86
8387	84
8388	85
8400	86
8408	84
8410	86
8411	86
8412	85
8416	85
8418	85
8419	85
8420	86
8448	83
8449	85
8450	85
8451	85
8452	84
8464	85
8472	85
8474	85
8475	85
8476	84
8480	84
8482	86
8483	86
8484	85
9216	84
9217	86
9218	86
9219	86
9220	85
9224	86
9232	86
9234	88
9235	86
9236	87
9240	86
9242	86
9243	86
9244	85
9248	85
9250	87
9251	85
9252	86
9728	84
9729	86
9730	86
9731	84
9732	85
9736	86
9744	86
9746	88
9747	86
9748	87
9752	84
9754	84
9755	86
9756	83
9760	85
9762	87
9763	85
9764	86
9856	84
9857	86
9858	86
9859	86
9860	85
9920	84
9921	86
9922	86
9923	86
9924	85
9936	86
9944	86
9946	86
9947	86
9948	85
9952	85
9954	87
9955	85
9956	86
9984	85
9985	85
9986	85
9987	85
9988	84
10000	85
10008	85
10010	85
10011	85
10012	84
10016	86
10018	86
10019	86
10020	85
10240	83
10241	85
10242	85
10243	85
10244	84
10248	85
10256	85
10258	87
10259	85
10260	86
10264	85
10266	85
10267	85
10268	84
10272	84
10274	86
10275	84
10276	85
10368	85
10369	87
10370	87
10371	87
10372	86
10432	83
10433	85
10434	85
10435	83
10436	84
10448	85
10456	85
10458	87
10459	85
10460	86
10464	84
10466	86
10467	84
10468	85
10496	84
10497	86
10498	86
10499	86
10500	85
10512	86
10520	86
10522	86
10523	86
10524	85
10528	85
10530	87
10531	85
10532	86
12288	82
12289	84
12290	84
12291	84
12292	83
12296	84
12304	84
12306	84
12307	84
12308	85
12312	84
12314	84
12315	84
12316	83
12320	83
12322	85
12323	83
12324	84
12352	84
12353	86
12354	86
12355	86
12356	85
12416	84
12417	86
12418	86
12419	84
12420	85
12432	86
12440	86
12442	86
12443	86
12444	85
12448	85
12450	87
12451	85
12452	86
12480	82
12481	84
12482	84
12483	82
12484	83
12496	84
12504	84
12506	86
12507	84
12508	85
12512	83
12514	83
12515	83
12516	84
12544	83
12545	85
12546	85
12547	85
12548	84
12560	85
12568	85
12570	85
12571	85
12572	84
12576	84
12578	86
12579	84
12580	85
13312	84
13313	86
13314	86
13315	84
13316	85
13320	86
13328	86
13330	86
13331	86
13332	87
13336	86
13338	86
13339	86
13340	85
13344	85
13346	85
13347	85
13348	86
13824	82
13825	84
13826	84
13827	84
13828	83
13832	84
13840	84
13842	86
13843	84
13844	85
13848	84
13850	84
13851	84
13852	83
13856	83
13858	85
13859	85
13860	84
13952	84
13953	86
13954	86
13955	86
13956	85
14016	84
14017	86
14018	86
14019	84
14020	85
14032	86
14040	84
14042	86
14043	86
14044	85
14048	85
14050	85
14051	85
14052	86
14080	83
14081	85
14082	85
14083	85
14084	84
14096	85
14104	85
14106	85
14107	85
14108	84
14112	84
14114	86
14115	86
14116	85
14336	83
14337	85
14338	85
14339	83
14340	84
14344	85
14352	85
14354	85
14355	85
14356	86
14360	85
14362	85
14363	85
14364	84
14368	84
14370	84
14371	84
14372	85
14464	83
14465	85
14466	85
14467	85
14468	84
14528	83
14529	85
14530	85
14531	83
14532	84
14544	85
14552	85
14554	85
14555	85
14556	86
14560	84
14562	84
14563	84
14564	85
14592	84
14593	86
14594	86
14595	84
14596	85
14608	86
14616	84
14618	86
14619	86
14620	85
14624	85
14626	85
14627	85
14628	86
16384	81
16385	83
16386	83
16387	83
16388	82
16392	83
16400	83
16402	85
16403	83
16404	84
16408	83
16410	83
16411	83
16412	82
16416	82
16418	84
16419	84
16420	83
16448	83
16449	85
16450	85
16451	85
16452	84
16512	83
16513	85
16514	85
16515	85
16516	84
16528	85
16536	85
16538	85
16539	85
16540	84
16544	84
16546	86
16547	84
16548	85
16576	83
16577	85
16578	85
16579	83
16580	84
16592	85
16600	83
16602	85
16603	85
16604	84
16608	84
16610	84
16611	84
16612	85
16640	82
16641	84
16642	84
16643	84
16644	83
16656	84
16664	84
16666	84
16667	84
16668	83
16672	83
16674	85
16675	85
16676	84
17408	83
17409	85
17410	85
17411	85
17412	84
17416	85
17424	85
17426	87
17427	85
17428	86
17432	85
17434	85
17435	85
17436	84
17440	84
17442	86
17443	86
17444	85
17920	83
17921	85
17922	85
17923	83
17924	84
17928	85
17936	85
17938	87
17939	85
17940	86
17944	83
17946	83
17947	85
17948	82
17952	84
17954	86
17955	84
17956	85
18048	83
18049	85
18050	85
18051	85
18052	84
18112	83
18113	85
18114	85
18115	85
18116	84
18128	85
18136	85
18138	85
18139	85
18140	84
18144	84
18146	86
18147	86
18148	85
18176	84
18177	84
18178	84
18179	84
18180	83
18192	84
18200	84
18202	84
18203	84
18204	83
18208	85
18210	85
18211	85
18212	84
18432	82
18433	84
18434	84
18435	84
18436	83
18440	84
18448	84
18450	86
18451	84
18452	85
18456	84
18458	84
18459	84
18460	83
18464	83
18466	85
18467	85
18468	84
18560	84
18561	86
18562	86
18563	86
18564	85
18624	84
18625	86
18626	86
18627	84
18628	85
18640	86
18648	84
18650	86
18651	86
18652	85
18656	85
18658	85
18659	85
18660	86
18688	83
18689	85
18690	85
18691	85
18692	84
18704	85
18712	85
18714	85
18715	85
18716	84
18720	84
18722	86
18723	86
18724	85
32768	82
32769	84
32770	84
32771	84
32772	83
32776	84
32784	84
32786	86
32787	84
32788	85
32792	84
32794	84
32795	84
32796	83
32800	83
32802	85
32803	85
32804	84
32832	84
32833	86
32834	86
32835	86
32836	85
32896	84
32897	86
32898	86
32899	86
32900	85
32912	86
32920	86
32922	86
32923	86
32924	85
32928	85
32930	87
32931	85
32932	86
32960	84
32961	86
32962	86
32963	84
32964	85
32976	86
32984	84
32986	86
32987	86
32988	85
32992	85
32994	85
32995	85
32996	86
33024	83
33025	85
33026	85
33027	85
33028	84
33040	85
33048	85
33050	85
33051	85
33052	84
33056	84
33058	86
33059	86
33060	85
33280	84
33281	86
33282	86
33283	86
33284	85
33288	86
33296	86
33298	88
33299	86
33300	87
33304	86
33306	86
33307	86
33308	85
33312	85
33314	87
33315	87
33316	86
33792	84
33793	86
33794	86
33795	86
33796	85
33800	86
33808	86
33810	88
33811	86
33812	87
33816	86
33818	86
33819	86
33820	85
33824	85
33826	87
33827	87
33828	86
33920	86
33921	88
33922	88
33923	88
33924	87
33984	84
33985	86
33986	86
33987	86
33988	85
34000	86
34008	86
34010	88
34011	86
34012	87
34016	85
34018	87
34019	87
34020	86
34048	85
34049	87
34050	87
34051	87
34052	86
34064	87
34072	85
34074	87
34075	87
34076	86
34080	86
34082	88
34083	86
34084	87
34304	84
34305	86
34306	86
34307	84
34308	85
34312	86
34320	86
34322	88
34323	86
34324	87
34328	84
34330	84
34331	86
34332	83
34336	85
34338	87
34339	85
34340	86
34432	84
34433	86
34434	86
34435	86
34436	85
34496	84
34497	86
34498	86
34499	86
34500	85
34512	86
34520	86
34522	86
34523	86
34524	85
34528	85
34530	87
34531	87
34532	86
34560	85
34561	85
34562	85
34563	85
34564	84
34576	85
34584	85
34586	85
34587	85
34588	84
34592	86
34594	86
34595	86
34596	85
34816	83
34817	85
34818	85
34819	85
34820	84
34824	85
34832	85
34834	87
34835	85
34836	86
34840	85
34842	85
34843	85
34844	84
34848	84
34850	86
34851	86
34852	85
34944	85
34945	87
34946	87
34947	87
34948	86
35008	85
35009	87
35010	87
35011	85
35012	86
35024	87
35032	85
35034	87
35035	87
35036	86
35040	86
35042	86
35043	86
35044	87
35072	84
35073	86
35074	86
35075	86
35076	85
35088	86
35096	86
35098	86
35099	86
35100	85
35104	85
35106	87
35107	87
35108	86
65536	82
65537	84
65538	84
65539	84
65540	83
65544	84
65552	84
65554	86
65555	84
65556	85
65560	84
65562	84
65563	84
65564	83
65568	83
65570	85
65571	85
65572	84
65600	84
65601	86
65602	86
65603	86
65604	85
65664	84
65665	86
65666	86
65667	86
65668	85
65680	86
65688	86
65690	86
65691	86
65692	85
65696	85
65698	87
65699	85
65700	86
65728	84
65729	86
65730	86
65731	84
65732	85
65744	86
65752	84
65754	86
65755	86
65756	85
65760	85
65762	85
65763	85
65764	86
65792	83
65793	85
65794	85
65795	85
65796	84
65808	85
65816	85
65818	85
65819	85
65820	84
65824	84
65826	86
65827	86
65828	85
66048	84
66049	86
66050	86
66051	86
66052	85
66056	86
66064	86
66066	88
66067	86
66068	87
66072	86
66074	86
66075	86
66076	85
66080	85
66082	87
66083	87
66084	86
66560	84
66561	86
66562	86
66563	86
66564	85
66568	86
66576	86
66578	88
66579	86
66580	87
66584	86
66586	86
66587	86
66588	85
66592	85
66594	87
66595	87
66596	86
66688	86
66689	88
66690	88
66691	88
66692	87
66752	84
66753	86
66754	86
66755	86
66756	85
66768	86
66776	86
66778	88
66779	86
66780	87
66784	85
66786	87
66787	87
66788	86
66816	85
66817	87
66818	87
66819	87
66820	86
66832	87
66840	85
66842	87
66843	87
66844	86
66848	86
66850	88
66851	86
66852	87
67072	84
67073	86
67074	86
67075	84
67076	85
67080	86
67088	86
67090	88
67091	86
67092	87
67096	84
67098	84
67099	86
67100	83
67104	85
67106	87
67107	85
67108	86
67200	84
67201	86
67202	86
67203	86
67204	85
67264	84
67265	86
67266	86
67267	86
67268	85
67280	86
67288	86
67290	86
67291	86
67292	85
67296	85
67298	87
67299	87
67300	86
67328	85
67329	85
67330	85
67331	85
67332	84
67344	85
67352	85
67354	85
67355	85
67356	84
67360	86
67362	86
67363	86
67364	85
67584	83
67585	85
67586	85
67587	85
67588	84
67592	85
67600	85
67602	87
67603	85
67604	86
67608	85
67610	85
67611	85
67612	84
67616	84
67618	86
67619	86
67620	85
67712	85
67713	87
67714	87
67715	87
67716	86
67776	85
67777	87
67778	87
67779	85
67780	86
67792	87
67800	85
67802	87
67803	87
67804	86
67808	86
67810	86
67811	86
67812	87
67840	84
67841	86
67842	86
67843	86
67844	85
67856	86
67864	86
67866	86
67867	86
67868	85
67872	85
67874	87
67875	87
67876	86
73728	84
73729	86
73730	86
73731	86
73732	85
73736	86
73744	86
73746	88
73747	86
73748	87
73752	84
73754	86
73755	86
73756	85
73760	85
73762	87
73763	87
73764	86
73792	86
73793	88
73794	88
73795	88
73796	87
73856	86
73857	88
73858	88
73859	88
73860	87
73872	88
73880	86
73882	88
73883	88
73884	87
73888	87
73890	89
73891	87
73892	88
73920	86
73921	88
73922	88
73923	86
73924	87
73936	88
73944	86
73946	88
73947	88
73948	87
73952	87
73954	87
73955	87
73956	88
73984	85
73985	87
73986	87
73987	87
73988	86
74000	87
74008	85
74010	87
74011	87
74012	86
74016	86
74018	88
74019	88
74020	87
77824	82
77825	84
77826	84
77827	84
77828	83
77832	84
77840	84
77842	86
77843	84
77844	85
77848	84
77850	86
77851	84
77852	85
77856	83
77858	85
77859	85
77860	84
77888	84
77889	86
77890	86
77891	86
77892	85
77952	84
77953	86
77954	86
77955	86
77956	85
77968	86
77976	86
77978	86
77979	86
77980	85
77984	85
77986	87
77987	85
77988	86
78016	84
78017	86
78018	86
78019	84
78020	85
78032	86
78040	84
78042	86
78043	86
78044	85
78048	85
78050	85
78051	85
78052	86
78080	83
78081	85
78082	85
78083	85
78084	84
78096	85
78104	85
78106	87
78107	85
78108	86
78112	84
78114	86
78115	86
78116	85
78848	84
78849	86
78850	86
78851	86
78852	85
78856	86
78864	86
78866	88
78867	86
78868	87
78872	86
78874	86
78875	86
78876	85
78880	85
78882	87
78883	87
78884	86
79360	84
79361	86
79362	86
79363	86
79364	85
79368	86
79376	86
79378	88
79379	86
79380	87
79384	86
79386	86
79387	86
79388	85
79392	85
79394	87
79395	87
79396	86
79488	86
79489	88
79490	88
79491	88
79492	87
79552	84
79553	86
79554	86
79555	86
79556	85
79568	86
79576	86
79578	88
79579	86
79580	87
79584	85
79586	87
79587	87
79588	86
79616	85
79617	87
79618	87
79619	87
79620	86
79632	87
79640	85
79642	87
79643	87
79644	86
79648	86
79650	88
79651	86
79652	87
79872	83
79873	85
79874	85
79875	85
79876	84
79880	85
79888	85
79890	87
79891	85
79892	86
79896	85
79898	87
79899	85
79900	86
79904	84
79906	86
79907	86
79908	85
80000	85
80001	87
80002	87
80003	87
80004	86
80064	85
80065	87
80066	87
80067	85
80068	86
80080	87
80088	85
80090	87
80091	87
80092	86
80096	86
80098	86
80099	86
80100	87
80128	84
80129	86
80130	86
80131	86
80132	85
80144	86
80152	86
80154	88
80155	86
80156	87
80160	85
80162	87
80163	87
80164	86
81920	83
81921	85
81922	85
81923	85
81924	84
81928	85
81936	85
81938	87
81939	85
81940	86
81944	85
81946	85
81947	85
81948	84
81952	84
81954	86
81955	86
81956	85
81984	85
81985	87
81986	87
81987	87
81988	86
82048	85
82049	87
82050	87
82051	87
82052	86
82064	87
82072	85
82074	87
82075	87
82076	86
82080	86
82082	88
82083	86
82084	87
82112	85
82113	87
82114	87
82115	85
82116	86
82128	87
82136	85
82138	87
82139	87
82140	86
82144	86
82146	86
82147	86
82148	87
82176	84
82177	86
82178	86
82179	86
82180	85
82192	86
82200	84
82202	86
82203	86
82204	85
82208	85
82210	87
82211	87
82212	86
82944	85
82945	87
82946	87
82947	87
82948	86
82952	87
82960	87
82962	89
82963	87
82964	88
82968	87
82970	87
82971	87
82972	86
82976	86
82978	88
82979	88
82980	87
83456	83
83457	85
83458	85
83459	85
83460	84
83464	85
83472	85
83474	87
83475	85
83476	86
83480	83
83482	85
83483	85
83484	84
83488	84
83490	86
83491	86
83492	85
83584	85
83585	87
83586	87
83587	87
83588	86
83648	85
83649	87
83650	87
83651	87
83652	86
83664	87
83672	85
83674	87
83675	87
83676	86
83680	86
83682	88
83683	86
83684	87
83712	84
83713	86
83714	86
83715	86
83716	85
83728	86
83736	84
83738	86
83739	86
83740	85
83744	85
83746	87
83747	87
83748	86
83968	84
83969	86
83970	86
83971	86
83972	85
83976	86
83984	86
83986	88
83987	86
83988	87
83992	86
83994	86
83995	86
83996	85
84000	85
84002	87
84003	87
84004	86
84096	86
84097	88
84098	88
84099	88
84100	87
84160	84
84161	86
84162	86
84163	86
84164	85
84176	86
84184	86
84186	88
84187	86
84188	87
84192	85
84194	87
84195	87
84196	86
84224	85
84225	87
84226	87
84227	87
84228	86
84240	87
84248	85
84250	87
84251	87
84252	86
84256	86
84258	88
84259	86
84260	87
98304	82
98305	84
98306	84
98307	84
98308	83
98312	84
98320	84
98322	86
98323	84
98324	85
98328	84
98330	84
98331	84
98332	83
98336	83
98338	85
98339	83
98340	84
98368	84
98369	86
98370	86
98371	86
98372	85
98432	84
98433	86
98434	86
98435	84
98436	85
98448	86
98456	84
98458	86
98459	86
98460	85
98464	85
98466	87
98467	85
98468	86
98496	82
98497	84
98498	84
98499	84
98500	83
98512	84
98520	84
98522	86
98523	84
98524	85
98528	83
98530	85
98531	85
98532	84
98560	83
98561	85
98562	85
98563	85
98564	84
98576	85
98584	83
98586	85
98587	85
98588	84
98592	84
98594	86
98595	84
98596	85
98816	84
98817	86
98818	86
98819	86
98820	85
98824	86
98832	86
98834	88
98835	86
98836	87
98840	86
98842	86
98843	86
98844	85
98848	85
98850	87
98851	85
98852	86
99328	84
99329	86
99330	86
99331	84
99332	85
99336	86
99344	86
99346	88
99347	86
99348	87
99352	84
99354	84
99355	86
99356	83
99360	85
99362	87
99363	85
99364	86
99456	86
99457	88
99458	88
99459	88
99460	87
99520	84
99521	86
99522	86
99523	84
99524	85
99536	86
99544	86
99546	88
99547	86
99548	87
99552	85
99554	87
99555	85
99556	86
99584	85
99585	87
99586	87
99587	87
99588	86
99600	87
99608	85
99610	87
99611	87
99612	86
99616	86
99618	88
99619	86
99620	87
99840	82
99841	84
99842	84
99843	82
99844	83
99848	84
99856	84
99858	86
99859	84
99860	85
99864	82
99866	82
99867	84
99868	81
99872	83
99874	85
99875	83
99876	84
99968	84
99969	84
99970	84
99971	84
99972	83
100032	84
100033	86
100034	86
100035	86
100036	85
100048	86
100056	84
100058	86
100059	86
100060	85
100064	85
100066	87
100067	85
100068	86
100096	83
100097	83
100098	83
100099	83
100100	82
100112	83
100120	83
100122	83
100123	83
100124	82
100128	84
100130	84
100131	84
100132	83
100352	83
100353	85
100354	85
100355	85
100356	84
100360	85
100368	85
100370	87
100371	85
100372	86
100376	85
100378	85
100379	85
100380	84
100384	84
100386	86
100387	84
100388	85
100480	85
100481	87
100482	87
100483	87
100484	86
100544	83
100545	85
100546	85
100547	85
100548	84
100560	85
100568	85
100570	87
100571	85
100572	86
100576	84
100578	86
100579	86
100580	85
100608	84
100609	86
100610	86
100611	86
100612	85
100624	86
100632	84
100634	86
100635	86
100636	85
100640	85
100642	87
100643	85
100644	86
106496	82
106497	84
106498	84
106499	84
106500	83
106504	84
106512	84
106514	86
106515	84
106516	85
106520	84
106522	84
106523	84
106524	83
106528	83
106530	85
106531	85
106532	84
106560	84
106561	86
106562	86
106563	86
106564	85
106624	84
106625	86
106626	86
106627	86
106628	85
106640	86
106648	86
106650	86
106651	86
106652	85
106656	85
106658	87
106659	87
106660	86
106688	84
106689	86
106690	86
106691	84
106692	85
106704	86
106712	84
106714	86
106715	86
106716	85
106720	85
106722	85
106723	85
106724	86
106752	83
106753	85
106754	85
106755	85
106756	84
106768	85
106776	85
106778	85
106779	85
106780	84
106784	84
106786	86
106787	86
106788	85
110592	82
110593	84
110594	84
110595	84
110596	83
110600	84
110608	84
110610	86
110611	84
110612	85
110616	84
110618	84
110619	84
110620	83
110624	83
110626	85
110627	85
110628	84
110656	84
110657	86
110658	86
110659	86
110660	85
110720	84
110721	86
110722	86
110723	86
110724	85
110736	86
110744	86
110746	86
110747	86
110748	85
110752	85
110754	87
110755	85
110756	86
110784	84
110785	86
110786	86
110787	84
110788	85
110800	86
110808	84
110810	86
110811	86
110812	85
110816	85
110818	85
110819	85
110820	86
110848	83
110849	85
110850	85
110851	85
110852	84
110864	85
110872	85
110874	85
110875	85
110876	84
110880	84
110882	86
110883	86
110884	85
111616	84
111617	86
111618	86
111619	86
111620	85
111624	86
111632	86
111634	88
111635	86
111636	87
111640	86
111642	86
111643	86
111644	85
111648	85
111650	87
111651	87
111652	86
112128	84
112129	86
112130	86
112131	84
112132	85
112136	86
112144	86
112146	88
112147	86
112148	87
112152	84
112154	84
112155	86
112156	83
112160	85
112162	87
112163	85
112164	86
112256	84
112257	86
112258	86
112259	86
112260	85
112320	84
112321	86
112322	86
112323	86
112324	85
112336	86
112344	86
112346	86
112347	86
112348	85
112352	85
112354	87
112355	87
112356	86
112384	85
112385	85
112386	85
112387	85
112388	84
112400	85
112408	85
112410	85
112411	85
112412	84
112416	86
112418	86
112419	86
112420	85
112640	83
112641	85
112642	85
112643	85
112644	84
112648	85
112656	85
112658	87
112659	85
112660	86
112664	85
112666	85
112667	85
112668	84
112672	84
112674	86
112675	86
112676	85
112768	85
112769	87
112770	87
112771	87
112772	86
112832	85
112833	87
112834	87
112835	85
112836	86
112848	87
112856	85
112858	87
112859	87
112860	86
112864	86
112866	86
112867	86
112868	87
112896	84
112897	86
112898	86
112899	86
112900	85
112912	86
112920	86
112922	86
112923	86
112924	85
112928	85
112930	87
112931	87
112932	86
114688	83
114689	85
114690	85
114691	83
114692	84
114696	85
114704	85
114706	87
114707	85
114708	86
114712	83
114714	83
114715	85
114716	82
114720	84
114722	86
114723	84
114724	85
114752	85
114753	85
114754	85
114755	85
114756	84
114816	85
114817	85
114818	85
114819	85
114820	84
114832	85
114840	85
114842	85
114843	85
114844	84
114848	84
114850	86
114851	86
114852	85
114880	83
114881	85
114882	85
114883	85
114884	84
114896	85
114904	85
114906	85
114907	85
114908	84
114912	84
114914	86
114915	86
114916	85
114944	84
114945	84
114946	84
114947	84
114948	83
114960	84
114968	84
114970	84
114971	84
114972	83
114976	85
114978	85
114979	85
114980	84
115712	83
115713	85
115714	85
115715	85
115716	84
115720	85
115728	85
115730	87
115731	85
115732	86
115736	85
115738	85
115739	85
115740	84
115744	84
115746	86
115747	84
115748	85
116224	83
116225	85
116226	85
116227	83
116228	84
116232	85
116240	85
116242	87
116243	85
116244	86
116248	83
116250	83
116251	85
116252	82
116256	84
116258	86
116259	84
116260	85
116352	85
116353	85
116354	85
116355	85
116356	84
116416	85
116417	85
116418	85
116419	85
116420	84
116432	85
116440	85
116442	85
116443	85
116444	84
116448	86
116450	86
116451	86
116452	85
116480	84
116481	84
116482	84
116483	84
116484	83
116496	84
116504	84
116506	84
116507	84
116508	83
116512	85
116514	85
116515	85
116516	84
116736	84
116737	86
116738	86
116739	84
116740	85
116744	86
116752	86
116754	88
116755	86
116756	87
116760	84
116762	84
116763	86
116764	83
116768	85
116770	87
116771	85
116772	86
116864	84
116865	86
116866	86
116867	86
116868	85
116928	84
116929	86
116930	86
116931	86
116932	85
116944	86
116952	86
116954	86
116955	86
116956	85
116960	85
116962	87
116963	87
116964	86
116992	85
116993	85
116994	85
116995	85
116996	84
117008	85
117016	85
117018	85
117019	85
117020	84
117024	86
117026	86
117027	86
117028	85
131072	81
131073	83
131074	83
131075	83
131076	82
131080	83
131088	83
131090	85
131091	83
131092	84
131096	83
131098	83
131099	83
131100	82
131104	82
131106	84
131107	84
131108	83
131136	83
131137	85
131138	85
131139	85
131140	84
131200	83
131201	85
131202	85
131203	85
131204	84
131216	85
131224	85
131226	85
131227	85
131228	84
131232	84
131234	86
131235	84
131236	85
131264	83
131265	85
131266	85
131267	83
131268	84
131280	85
131288	83
131290	85
131291	85
131292	84
131296	84
131298	84
131299	84
131300	85
131328	82
131329	84
131330	84
131331	84
131332	83
131344	84
131352	84
131354	84
131355	84
131356	83
131360	83
131362	85
131363	85
131364	84
131584	83
131585	85
131586	85
131587	85
131588	84
131592	85
131600	85
131602	87
131603	85
131604	86
131608	85
131610	85
131611	85
131612	84
131616	84
131618	86
131619	86
131620	85
132096	83
132097	85
132098	85
132099	85
132100	84
132104	85
132112	85
132114	87
132115	85
132116	86
132120	85
132122	85
132123	85
132124	84
132128	84
132130	86
132131	86
132132	85
132224	85
132225	87
132226	87
132227	87
132228	86
132288	83
132289	85
132290	85
132291	85
132292	84
132304	85
132312	85
132314	87
132315	85
132316	86
132320	84
132322	86
132323	86
132324	85
132352	84
132353	86
132354	86
132355	86
132356	85
132368	86
132376	84
132378	86
132379	86
132380	85
132384	85
132386	87
132387	85
132388	86
132608	83
132609	85
132610	85
132611	83
132612	84
132616	85
132624	85
132626	87
132627	85
132628	86
132632	83
132634	83
132635	85
132636	82
132640	84
132642	86
132643	84
132644	85
132736	83
132737	85
132738	85
132739	85
132740	84
132800	83
132801	85
132802	85
132803	85
132804	84
132816	85
132824	85
132826	85
132827	85
132828	84
132832	84
132834	86
132835	86
132836	85
132864	84
132865	84
132866	84
132867	84
132868	83
132880	84
132888	84
132890	84
132891	84
132892	83
132896	85
132898	85
132899	85
132900	84
133120	82
133121	84
133122	84
133123	84
133124	83
133128	84
133136	84
133138	86
133139	84
133140	85
133144	84
133146	84
133147	84
133148	83
133152	83
133154	85
133155	85
133156	84
133248	84
133249	86
133250	86
133251	86
133252	85
133312	84
133313	86
133314	86
133315	84
133316	85
133328	86
133336	84
133338	86
133339	86
133340	85
133344	85
133346	85
133347	85
133348	86
133376	83
133377	85
133378	85
133379	85
133380	84
133392	85
133400	85
133402	85
133403	85
133404	84
133408	84
133410	86
133411	86
133412	85
139264	83
139265	85
139266	85
139267	85
139268	84
139272	85
139280	85
139282	87
139283	85
139284	86
139288	85
139290	85
139291	85
139292	84
139296	84
139298	86
139299	86
139300	85
139328	85
139329	87
139330	87
139331	87
139332	86
139392	85
139393	87
139394	87
139395	87
139396	86
139408	87
139416	87
139418	87
139419	87
139420	86
139424	86
139426	88
139427	86
139428	87
139456	85
139457	87
139458	87
139459	85
139460	86
139472	87
139480	85
139482	87
139483	87
139484	86
139488	86
139490	86
139491	86
139492	87
139520	84
139521	86
139522	86
139523	86
139524	85
139536	86
139544	86
139546	86
139547	86
139548	85
139552	85
139554	87
139555	87
139556	86
143360	83
143361	85
143362	85
143363	85
143364	84
143368	85
143376	85
143378	85
143379	85
143380	86
143384	85
143386	85
143387	85
143388	84
143392	84
143394	86
143395	84
143396	85
143424	85
143425	87
143426	87
143427	87
143428	86
143488	85
143489	87
143490	87
143491	85
143492	86
143504	87
143512	87
143514	87
143515	87
143516	86
143520	86
143522	88
143523	86
143524	87
143552	83
143553	85
143554	85
143555	83
143556	84
143568	85
143576	85
143578	87
143579	85
143580	86
143584	84
143586	84
143587	84
143588	85
143616	84
143617	86
143618	86
143619	86
143620	85
143632	86
143640	86
143642	86
143643	86
143644	85
143648	85
143650	87
143651	85
143652	86
144384	85
144385	87
144386	87
144387	85
144388	86
144392	87
144400	87
144402	87
144403	87
144404	88
144408	87
144410	87
144411	87
144412	86
144416	86
144418	86
144419	86
144420	87
144896	83
144897	85
144898	85
144899	85
144900	84
144904	85
144912	85
144914	87
144915	85
144916	86
144920	85
144922	85
144923	85
144924	84
144928	84
144930	86
144931	86
144932	85
145024	85
145025	87
145026	87
145027	87
145028	86
145088	85
145089	87
145090	87
145091	85
145092	86
145104	87
145112	85
145114	87
145115	87
145116	86
145120	86
145122	86
145123	86
145124	87
145152	84
145153	86
145154	86
145155	86
145156	85
145168	86
145176	86
145178	86
145179	86
145180	85
145184	85
145186	87
145187	87
145188	86
145408	84
145409	86
145410	86
145411	84
145412	85
145416	86
145424	86
145426	86
145427	86
145428	87
145432	86
145434	86
145435	86
145436	85
145440	85
145442	85
145443	85
145444	86
145536	84
145537	86
145538	86
145539	86
145540	85
145600	84
145601	86
145602	86
145603	84
145604	85
145616	86
145624	86
145626	86
145627	86
145628	87
145632	85
145634	85
145635	85
145636	86
145664	85
145665	87
145666	87
145667	85
145668	86
145680	87
145688	85
145690	87
145691	87
145692	86
145696	86
145698	86
145699	86
145700	87
147456	82
147457	84
147458	84
147459	84
147460	83
147464	84
147472	84
147474	86
147475	84
147476	85
147480	84
147482	84
147483	84
147484	83
147488	83
147490	85
147491	85
147492	84
147520	84
147521	86
147522	86
147523	86
147524	85
147584	84
147585	86
147586	86
147587	86
147588	85
147600	86
147608	86
147610	86
147611	86
147612	85
147616	85
147618	87
147619	85
147620	86
147648	84
147649	86
147650	86
147651	84
147652	85
147664	86
147672	84
147674	86
147675	86
147676	85
147680	85
147682	85
147683	85
147684	86
147712	83
147713	85
147714	85
147715	85
147716	84
147728	85
147736	85
147738	85
147739	85
147740	84
147744	84
147746	86
147747	86
147748	85
148480	84
148481	86
148482	86
148483	86
148484	85
148488	86
148496	86
148498	88
148499	86
148500	87
148504	86
148506	86
148507	86
148508	85
148512	85
148514	87
148515	87
148516	86
148992	84
148993	86
148994	86
148995	84
148996	85
149000	86
149008	86
149010	88
149011	86
149012	87
149016	84
149018	84
149019	86
149020	83
149024	85
149026	87
149027	85
149028	86
149120	84
149121	86
149122	86
149123	86
149124	85
149184	84
149185	86
149186	86
149187	86
149188	85
149200	86
149208	86
149210	86
149211	86
149212	85
149216	85
149218	87
149219	87
149220	86
149248	85
149249	85
149250	85
149251	85
149252	84
149264	85
149272	85
149274	85
149275	85
149276	84
149280	86
149282	86
149283	86
149284	85
149504	83
149505	85
149506	85
149507	85
149508	84
149512	85
149520	85
149522	87
149523	85
149524	86
149528	85
149530	85
149531	85
149532	84
149536	84
149538	86
149539	86
149540	85
149632	85
149633	87
149634	87
149635	87
149636	86
149696	85
149697	87
149698	87
149699	85
149700	86
149712	87
149720	85
149722	87
149723	87
149724	86
149728	86
149730	86
149731	86
149732	87
149760	84
149761	86
149762	86
149763	86
149764	85
149776	86
149784	86
149786	86
149787	86
149788	85
149792	85
149794	87
149795	87
149796	86
262144	82
262145	84
262146	84
262147	84
262148	83
262152	84
262160	84
262162	86
262163	84
262164	85
262168	84
262170	84
262171	84
262172	83
262176	83
262178	85
262179	85
262180	84
262208	84
262209	86
262210	86
262211	86
262212	85
262272	84
262273	86
262274	86
262275	86
262276	85
262288	86
262296	86
262298	86
262299	86
262300	85
262304	85
262306	87
262307	85
262308	86
262336	84
262337	86
262338	86
262339	84
262340	85
262352	86
262360	84
262362	86
262363	86
262364	85
262368	85
262370	85
262371	85
262372	86
262400	83
262401	85
262402	85
262403	85
262404	84
262416	85
262424	85
262426	85
262427	85
262428	84
262432	84
262434	86
262435	86
262436	85
262656	84
262657	86
262658	86
262659	86
262660	85
262664	86
262672	86
262674	88
262675	86
262676	87
262680	86
262682	86
262683	86
262684	85
262688	85
262690	87
262691	87
262692	86
263168	84
263169	86
263170	86
263171	86
263172	85
263176	86
263184	86
263186	88
263187	86
263188	87
263192	86
263194	86
263195	86
263196	85
263200	85
263202	87
263203	87
263204	86
263296	86
263297	88
263298	88
263299	88
263300	87
263360	84
263361	86
263362	86
263363	86
263364	85
263376	86
263384	86
263386	88
263387	86
263388	87
263392	85
263394	87
263395	87
263396	86
263424	85
263425	87
263426	87
263427	87
263428	86
263440	87
263448	85
263450	87
263451	87
263452	86
263456	86
263458	88
263459	86
263460	87
263680	84
263681	86
263682	86
263683	84
263684	85
263688	86
263696	86
263698	88
263699	86
263700	87
263704	84
263706	84
263707	86
263708	83
263712	85
263714	87
263715	85
263716	86
263808	84
263809	86
263810	86
263811	86
263812	85
263872	84
263873	86
263874	86
263875	86
263876	85
263888	86
263896	86
263898	86
263899	86
263900	85
263904	85
263906	87
263907	87
263908	86
263936	85
263937	85
263938	85
263939	85
263940	84
263952	85
263960	85
263962	85
263963	85
263964	84
263968	86
263970	86
263971	86
263972	85
264192	83
264193	85
264194	85
264195	85
264196	84
264200	85
264208	85
264210	87
264211	85
264212	86
264216	85
264218	85
264219	85
264220	84
264224	84
264226	86
264227	86
264228	85
264320	85
264321	87
264322	87
264323	87
264324	86
264384	85
264385	87
264386	87
264387	85
264388	86
264400	87
264408	85
264410	87
264411	87
264412	86
264416	86
264418	86
264419	86
264420	87
264448	84
264449	86
264450	86
264451	86
264452	85
264464	86
264472	86
264474	86
264475	86
264476	85
264480	85
264482	87
264483	87
264484	86
266240	84
266241	86
266242	86
266243	86
266244	85
266248	86
266256	86
266258	88
266259	86
266260	87
266264	86
266266	86
266267	86
266268	85
266272	85
266274	87
266275	87
266276	86
266304	86
266305	88
266306	88
266307	88
266308	87
266368	86
266369	88
266370	88
266371	88
266372	87
266384	88
266392	88
266394	88
266395	88
266396	87
266400	87
266402	89
266403	87
266404	88
266432	86
266433	88
266434	88
266435	86
266436	87
266448	88
266456	86
266458	88
266459	88
266460	87
266464	87
266466	87
266467	87
266468	88
266496	85
266497	87
266498	87
266499	87
266500	86
266512	87
266520	87
266522	87
266523	87
266524	86
266528	86
266530	88
266531	88
266532	87
270336	84
270337	86
270338	86
270339	86
270340	85
270344	86
270352	86
270354	88
270355	86
270356	87
270360	86
270362	86
270363	86
270364	85
270368	85
270370	87
270371	87
270372	86
270400	86
270401	88
270402	88
270403	88
270404	87
270464	86
270465	88
270466	88
270467	88
270468	87
270480	88
270488	88
270490	88
270491	88
270492	87
270496	87
270498	89
270499	87
270500	88
270528	86
270529	88
270530	88
270531	86
270532	87
270544	88
270552	86
270554	88
270555	88
270556	87
270560	87
270562	87
270563	87
270564	88
270592	85
270593	87
270594	87
270595	87
270596	86
270608	87
270616	87
270618	87
270619	87
270620	86
270624	86
270626	88
270627	88
270628	87
271360	86
271361	88
271362	88
271363	88
271364	87
271368	88
271376	88
271378	90
271379	88
271380	89
271384	88
271386	88
271387	88
271388	87
271392	87
271394	89
271395	87
271396	88
271872	86
271873	88
271874	88
271875	86
271876	87
271880	88
271888	88
271890	90
271891	88
271892	89
271896	86
271898	86
271899	88
271900	85
271904	87
271906	89
271907	87
271908	88
272000	86
272001	88
272002	88
272003	88
272004	87
272064	86
272065	88
272066	88
272067	88
272068	87
272080	88
272088	88
272090	88
272091	88
272092	87
272096	87
272098	89
272099	87
272100	88
272128	87
272129	87
272130	87
272131	87
272132	86
272144	87
272152	87
272154	87
272155	87
272156	86
272160	88
272162	88
272163	88
272164	87
272384	85
272385	87
272386	87
272387	87
272388	86
272392	87
272400	87
272402	89
272403	87
272404	88
272408	87
272410	87
272411	87
272412	86
272416	86
272418	88
272419	86
272420	87
272512	87
272513	89
272514	89
272515	89
272516	88
272576	85
272577	87
272578	87
272579	85
272580	86
272592	87
272600	87
272602	89
272603	87
272604	88
272608	86
272610	88
272611	86
272612	87
272640	86
272641	88
272642	88
272643	88
272644	87
272656	88
272664	88
272666	88
272667	88
272668	87
272672	87
272674	89
272675	87
272676	88
274432	84
274433	86
274434	86
274435	86
274436	85
274440	86
274448	86
274450	86
274451	86
274452	87
274456	86
274458	86
274459	86
274460	85
274464	85
274466	87
274467	85
274468	86
274496	86
274497	88
274498	88
274499	88
274500	87
274560	86
274561	88
274562	88
274563	86
274564	87
274576	88
274584	88
274586	88
274587	88
274588	87
274592	87
274594	89
274595	87
274596	88
274624	84
274625	86
274626	86
274627	84
274628	85
274640	86
274648	86
274650	88
274651	86
274652	87
274656	85
274658	85
274659	85
274660	86
274688	85
274689	87
274690	87
274691	87
274692	86
274704	87
274712	87
274714	87
274715	87
274716	86
274720	86
274722	88
274723	86
274724	87
275456	86
275457	88
275458	88
275459	86
275460	87
275464	88
275472	88
275474	88
275475	88
275476	89
275480	88
275482	88
275483	88
275484	87
275488	87
275490	87
275491	87
275492	88
275968	84
275969	86
275970	86
275971	86
275972	85
275976	86
275984	86
275986	88
275987	86
275988	87
275992	86
275994	86
275995	86
275996	85
276000	85
276002	87
276003	87
276004	86
276096	86
276097	88
276098	88
276099	88
276100	87
276160	86
276161	88
276162	88
276163	86
276164	87
276176	88
276184	86
276186	88
276187	88
276188	87
276192	87
276194	87
276195	87
276196	88
276224	85
276225	87
276226	87
276227	87
276228	86
276240	87
276248	87
276250	87
276251	87
276252	86
276256	86
276258	88
276259	88
276260	87
276480	85
276481	87
276482	87
276483	85
276484	86
276488	87
276496	87
276498	87
276499	87
276500	88
276504	87
276506	87
276507	87
276508	86
276512	86
276514	86
276515	86
276516	87
276608	85
276609	87
276610	87
276611	87
276612	86
276672	85
276673	87
276674	87
276675	85
276676	86
276688	87
276696	87
276698	87
276699	87
276700	88
276704	86
276706	86
276707	86
276708	87
276736	86
276737	88
276738	88
276739	86
276740	87
276752	88
276760	86
276762	88
276763	88
276764	87
276768	87
276770	87
276771	87
276772	88
278528	83
278529	85
278530	85
278531	85
278532	84
278536	85
278544	85
278546	87
278547	85
278548	86
278552	85
278554	85
278555	85
278556	84
278560	84
278562	86
278563	86
278564	85
278592	85
278593	87
278594	87
278595	87
278596	86
278656	85
278657	87
278658	87
278659	87
278660	86
278672	87
278680	87
278682	87
278683	87
278684	86
278688	86
278690	88
278691	86
278692	87
278720	85
278721	87
278722	87
278723	85
278724	86
278736	87
278744	85
278746	87
278747	87
278748	86
278752	86
278754	86
278755	86
278756	87
278784	84
278785	86
278786	86
278787	86
278788	85
278800	86
278808	86
278810	86
278811	86
278812	85
278816	85
278818	87
278819	87
278820	86
279552	85
279553	87
279554	87
279555	87
279556	86
279560	87
279568	87
279570	89
279571	87
279572	88
279576	87
279578	87
279579	87
279580	86
279584	86
279586	88
279587	86
279588	87
280064	85
280065	87
280066	87
280067	85
280068	86
280072	87
280080	87
280082	89
280083	87
280084	88
280088	85
280090	85
280091	87
280092	84
280096	86
280098	88
280099	86
280100	87
280192	85
280193	87
280194	87
280195	87
280196	86
280256	85
280257	87
280258	87
280259	87
280260	86
280272	87
280280	87
280282	87
280283	87
280284	86
280288	86
280290	88
280291	88
280292	87
280320	86
280321	86
280322	86
280323	86
280324	85
280336	86
280344	86
280346	86
280347	86
280348	85
280352	87
280354	87
280355	87
280356	86
280576	84
280577	86
280578	86
280579	86
280580	85
280584	86
280592	86
280594	88
280595	86
280596	87
280600	86
280602	86
280603	86
280604	85
280608	85
280610	87
280611	87
280612	86
280704	86
280705	88
280706	88
280707	88
280708	87
280768	86
280769	88
280770	88
280771	86
280772	87
280784	88
280792	86
280794	88
280795	88
280796	87
280800	87
280802	87
280803	87
280804	88
280832	85
280833	87
280834	87
280835	87
280836	86
280848	87
280856	87
280858	87
280859	87
280860	86
280864	86
280866	88
280867	88
280868	87
524288	82
524289	84
524290	84
524291	84
524292	83
524296	84
524304	84
524306	86
524307	84
524308	85
524312	84
524314	84
524315	84
524316	83
524320	83
524322	85
524323	85
524324	84
524352	84
524353	86
524354	86
524355	86
524356	85
524416	84
524417	86
524418	86
524419	86
524420	85
524432	86
524440	86
524442	86
524443	86
524444	85
524448	85
524450	87
524451	85
524452	86
524480	84
524481	86
524482	86
524483	84
524484	85
524496	86
524504	84
524506	86
524507	86
524508	85
524512	85
524514	85
524515	85
524516	86
524544	83
524545	85
524546	85
524547	85
524548	84
524560	85
524568	85
524570	85
524571	85
524572	84
524576	84
524578	86
524579	86
524580	85
524800	84
524801	86
524802	86
524803	86
524804	85
524808	86
524816	86
524818	88
524819	86
524820	87
524824	86
524826	86
524827	86
524828	85
524832	85
524834	87
524835	87
524836	86
525312	84
525313	86
525314	86
525315	86
525316	85
525320	86
525328	86
525330	88
525331	86
525332	87
525336	86
525338	86
525339	86
525340	85
525344	85
525346	87
525347	87
525348	86
525440	86
525441	88
525442	88
525443	88
525444	87
525504	84
525505	86
525506	86
525507	86
525508	85
525520	86
525528	86
525530	88
525531	86
525532	87
525536	85
525538	87
525539	87
525540	86
525568	85
525569	87
525570	87
525571	87
525572	86
525584	87
525592	85
525594	87
525595	87
525596	86
525600	86
525602	88
525603	86
525604	87
525824	84
525825	86
525826	86
525827	84
525828	85
525832	86
525840	86
525842	88
525843	86
525844	87
525848	84
525850	84
525851	86
525852	83
525856	85
525858	87
525859	85
525860	86
525952	84
525953	86
525954	86
525955	86
525956	85
526016	84
526017	86
526018	86
526019	86
526020	85
526032	86
526040	86
526042	86
526043	86
526044	85
526048	85
526050	87
526051	87
526052	86
526080	85
526081	85
526082	85
526083	85
526084	84
526096	85
526104	85
526106	85
526107	85
526108	84
526112	86
526114	86
526115	86
526116	85
526336	83
526337	85
526338	85
526339	85
526340	84
526344	85
526352	85
526354	87
526355	85
526356	86
526360	85
526362	85
526363	85
526364	84
526368	84
526370	86
526371	86
526372	85
526464	85
526465	87
526466	87
526467	87
526468	86
526528	85
526529	87
526530	87
526531	85
526532	86
526544	87
526552	85
526554	87
526555	87
526556	86
526560	86
526562	86
526563	86
526564	87
526592	84
526593	86
526594	86
526595	86
526596	85
526608	86
526616	86
526618	86
526619	86
526620	85
526624	85
526626	87
526627	87
526628	86
528384	84
528385	86
528386	86
528387	86
528388	85
528392	86
528400	86
528402	88
528403	86
528404	87
528408	86
528410	86
528411	86
528412	85
528416	85
528418	87
528419	87
528420	86
528448	86
528449	88
528450	88
528451	88
528452	87
528512	86
528513	88
528514	88
528515	88
528516	87
528528	88
528536	88
528538	88
528539	88
528540	87
528544	87
528546	89
528547	87
528548	88
528576	86
528577	88
528578	88
528579	86
528580	87
528592	88
528600	86
528602	88
528603	88
528604	87
528608	87
528610	87
528611	87
528612	88
528640	85
528641	87
528642	87
528643	87
528644	86
528656	87
528664	87
528666	87
528667	87
528668	86
528672	86
528674	88
528675	88
528676	87
532480	84
532481	86
532482	86
532483	86
532484	85
532488	86
532496	86
532498	88
532499	86
532500	87
532504	86
532506	86
532507	86
532508	85
532512	85
532514	87
532515	87
532516	86
532544	86
532545	88
532546	88
532547	88
532548	87
532608	86
532609	88
532610	88
532611	88
532612	87
532624	88
532632	88
532634	88
532635	88
532636	87
532640	87
532642	89
532643	87
532644	88
532672	86
532673	88
532674	88
532675	86
532676	87
532688	88
532696	86
532698	88
532699	88
532700	87
532704	87
532706	87
532707	87
532708	88
532736	85
532737	87
532738	87
532739	87
532740	86
532752	87
532760	87
532762	87
532763	87
532764	86
532768	86
532770	88
532771	88
532772	87
533504	86
533505	88
533506	88
533507	86
533508	87
533512	88
533520	88
533522	90
533523	88
533524	89
533528	88
533530	88
533531	88
533532	87
533536	87
533538	89
533539	87
533540	88
534016	86
534017	88
534018	88
534019	86
534020	87
534024	88
534032	88
534034	90
534035	88
534036	89
534040	86
534042	86
534043	88
534044	85
534048	87
534050	89
534051	87
534052	88
534144	86
534145	88
534146	88
534147	88
534148	87
534208	86
534209	88
534210	88
534211	88
534212	87
534224	88
534232	88
534234	88
534235	88
534236	87
534240	87
534242	89
534243	87
534244	88
534272	87
534273	87
534274	87
534275	87
534276	86
534288	87
534296	87
534298	87
534299	87
534300	86
534304	88
534306	88
534307	88
534308	87
534528	85
534529	87
534530	87
534531	87
534532	86
534536	87
534544	87
534546	89
534547	87
534548	88
534552	87
534554	87
534555	87
534556	86
534560	86
534562	88
534563	86
534564	87
534656	87
534657	89
534658	89
534659	89
534660	88
534720	85
534721	87
534722	87
534723	85
534724	86
534736	87
534744	87
534746	89
534747	87
534748	88
534752	86
534754	88
534755	86
534756	87
534784	86
534785	88
534786	88
534787	88
534788	87
534800	88
534808	88
534810	88
534811	88
534812	87
534816	87
534818	89
534819	87
534820	88
536576	84
536577	86
536578	86
536579	86
536580	85
536584	86
536592	86
536594	86
536595	86
536596	87
536600	86
536602	86
536603	86
536604	85
536608	85
536610	87
536611	85
536612	86
536640	86
536641	88
536642	88
536643	88
536644	87
536704	86
536705	88
536706	88
536707	86
536708	87
536720	88
536728	88
536730	88
536731	88
536732	87
536736	87
536738	89
536739	87
536740	88
536768	84
536769	86
536770	86
536771	84
536772	85
536784	86
536792	86
536794	88
536795	86
536796	87
536800	85
536802	85
536803	85
536804	86
536832	85
536833	87
536834	87
536835	87
536836	86
536848	87
536856	87
536858	87
536859	87
536860	86
536864	86
536866	88
536867	86
536868	87
537600	86
537601	88
537602	88
537603	86
537604	87
537608	88
537616	88
537618	88
537619	88
537620	89
537624	88
537626	88
537627	88
537628	87
537632	87
537634	87
537635	87
537636	88
538112	84
538113	86
538114	86
538115	86
538116	85
538120	86
538128	86
538130	88
538131	86
538132	87
538136	86
538138	86
538139	86
538140	85
538144	85
538146	87
538147	87
538148	86
538240	86
538241	88
538242	88
538243	88
538244	87
538304	86
538305	88
538306	88
538307	86
538308	87
538320	88
538328	86
538330	88
538331	88
538332	87
538336	87
538338	87
538339	87
538340	88
538368	85
538369	87
538370	87
538371	87
538372	86
538384	87
538392	87
538394	87
538395	87
538396	86
538400	86
538402	88
538403	88
538404	87
538624	85
538625	87
538626	87
538627	85
538628	86
538632	87
538640	87
538642	87
538643	87
538644	88
538648	87
538650	87
538651	87
538652	86
538656	86
538658	86
538659	86
538660	87
538752	85
538753	87
538754	87
538755	87
538756	86
538816	85
538817	87
538818	87
538819	85
538820	86
538832	87
538840	87
538842	87
538843	87
538844	88
538848	86
538850	86
538851	86
538852	87
538880	86
538881	88
538882	88
538883	86
538884	87
538896	88
538904	86
538906	88
538907	88
538908	87
538912	87
538914	87
538915	87
538916	88
540672	83
540673	85
540674	85
540675	85
540676	84
540680	85
540688	85
540690	87
540691	85
540692	86
540696	85
540698	85
540699	85
540700	84
540704	84
540706	86
540707	86
540708	85
540736	85
540737	87
540738	87
540739	87
540740	86
540800	85
540801	87
540802	87
540803	87
540804	86
540816	87
540824	87
540826	87
540827	87
540828	86
540832	86
540834	88
540835	86
540836	87
540864	85
540865	87
540866	87
540867	85
540868	86
540880	87
540888	85
540890	87
540891	87
540892	86
540896	86
540898	86
540899	86
540900	87
540928	84
540929	86
540930	86
540931	86
540932	85
540944	86
540952	86
540954	86
540955	86
540956	85
540960	85
540962	87
540963	87
540964	86
541696	85
541697	87
541698	87
541699	87
541700	86
541704	87
541712	87
541714	89
541715	87
541716	88
541720	87
541722	87
541723	87
541724	86
541728	86
541730	88
541731	86
541732	87
542208	85
542209	87
542210	87
542211	85
542212	86
542216	87
542224	87
542226	89
542227	87
542228	88
542232	85
542234	85
542235	87
542236	84
542240	86
542242	88
542243	86
542244	87
542336	85
542337	87
542338	87
542339	87
542340	86
542400	85
542401	87
542402	87
542403	87
542404	86
542416	87
542424	87
542426	87
542427	87
542428	86
542432	86
542434	88
542435	88
542436	87
542464	86
542465	86
542466	86
542467	86
542468	85
542480	86
542488	86
542490	86
542491	86
542492	85
542496	87
542498	87
542499	87
542500	86
542720	84
542721	86
542722	86
542723	86
542724	85
542728	86
542736	86
542738	88
542739	86
542740	87
542744	86
542746	86
542747	86
542748	85
542752	85
542754	87
542755	87
542756	86
542848	86
542849	88
542850	88
542851	88
542852	87
542912	86
542913	88
542914	88
542915	86
542916	87
542928	88
542936	86
542938	88
542939	88
542940	87
542944	87
542946	87
542947	87
542948	88
542976	85
542977	87
542978	87
542979	87
542980	86
542992	87
543000	87
543002	87
543003	87
543004	86
543008	86
543010	88
543011	88
543012	87
589824	84
589825	86
589826	86
589827	86
589828	85
589832	86
589840	86
589842	88
589843	86
589844	87
589848	86
589850	86
589851	86
589852	85
589856	85
589858	87
589859	87
589860	86
589888	86
589889	88
589890	88
589891	88
589892	87
589952	86
589953	88
589954	88
589955	88
589956	87
589968	88
589976	88
589978	88
589979	88
589980	87
589984	87
589986	89
589987	87
589988	88
590016	86
590017	88
590018	88
590019	86
590020	87
590032	88
590040	86
590042	88
590043	88
590044	87
590048	87
590050	87
590051	87
590052	88
590080	85
590081	87
590082	87
590083	87
590084	86
590096	87
590104	87
590106	87
590107	87
590108	86
590112	86
590114	88
590115	88
590116	87
590336	86
590337	88
590338	88
590339	88
590340	87
590344	88
590352	88
590354	90
590355	88
590356	89
590360	88
590362	88
590363	88
590364	87
590368	87
590370	89
590371	87
590372	88
590848	86
590849	88
590850	88
590851	88
590852	87
590856	88
590864	88
590866	90
590867	88
590868	89
590872	88
590874	88
590875	88
590876	87
590880	87
590882	89
590883	87
590884	88
590976	88
590977	90
590978	90
590979	90
590980	89
591040	86
591041	88
591042	88
591043	86
591044	87
591056	88
591064	88
591066	90
591067	88
591068	89
591072	87
591074	89
591075	87
591076	88
591104	87
591105	89
591106	89
591107	89
591108	88
591120	89
591128	87
591130	89
591131	89
591132	88
591136	88
591138	90
591139	88
591140	89
591360	86
591361	88
591362	88
591363	86
591364	87
591368	88
591376	88
591378	90
591379	88
591380	89
591384	86
591386	86
591387	88
591388	85
591392	87
591394	89
591395	87
591396	88
591488	86
591489	88
591490	88
591491	88
591492	87
591552	86
591553	88
591554	88
591555	88
591556	87
591568	88
591576	88
591578	88
591579	88
591580	87
591584	87
591586	89
591587	87
591588	88
591616	87
591617	87
591618	87
591619	87
591620	86
591632	87
591640	87
591642	87
591643	87
591644	86
591648	88
591650	88
591651	88
591652	87
591872	85
591873	87
591874	87
591875	87
591876	86
591880	87
591888	87
591890	89
591891	87
591892	88
591896	87
591898	87
591899	87
591900	86
591904	86
591906	88
591907	86
591908	87
592000	87
592001	89
592002	89
592003	89
592004	88
592064	85
592065	87
592066	87
592067	85
592068	86
592080	87
592088	87
592090	89
592091	87
592092	88
592096	86
592098	88
592099	86
592100	87
592128	86
592129	88
592130	88
592131	88
592132	87
592144	88
592152	88
592154	88
592155	88
592156	87
592160	87
592162	89
592163	87
592164	88
622592	84
622593	86
622594	86
622595	86
622596	85
622600	86
622608	86
622610	88
622611	86
622612	87
622616	86
622618	86
622619	86
622620	85
622624	85
622626	87
622627	85
622628	86
622656	86
622657	88
622658	88
622659	88
622660	87
622720	86
622721	88
622722	88
622723	86
622724	87
622736	88
622744	86
622746	88
622747	88
622748	87
622752	87
622754	89
622755	87
622756	88
622784	84
622785	86
622786	86
622787	84
622788	85
622800	86
622808	86
622810	88
622811	86
622812	87
622816	85
622818	87
622819	85
622820	86
622848	85
622849	87
622850	87
622851	87
622852	86
622864	87
622872	85
622874	87
622875	87
622876	86
622880	86
622882	88
622883	86
622884	87
623104	86
623105	88
623106	88
623107	88
623108	87
623112	88
623120	88
623122	90
623123	88
623124	89
623128	88
623130	88
623131	88
623132	87
623136	87
623138	89
623139	87
623140	88
623616	86
623617	88
623618	88
623619	86
623620	87
623624	88
623632	88
623634	90
623635	88
623636	89
623640	86
623642	86
623643	88
623644	85
623648	87
623650	89
623651	87
623652	88
623744	88
623745	90
623746	90
623747	90
623748	89
623808	86
623809	88
623810	88
623811	86
623812	87
623824	88
623832	88
623834	90
623835	88
623836	89
623840	87
623842	89
623843	87
623844	88
623872	87
623873	89
623874	89
623875	89
623876	88
623888	89
623896	87
623898	89
623899	89
623900	88
623904	88
623906	90
623907	88
623908	89
624128	84
624129	86
624130	86
624131	84
624132	85
624136	86
624144	86
624146	88
624147	86
624148	87
624152	84
624154	84
624155	86
624156	83
624160	85
624162	87
624163	85
624164	86
624256	86
624257	86
624258	86
624259	86
624260	85
624320	86
624321	88
624322	88
624323	88
624324	87
624336	88
624344	86
624346	88
624347	88
624348	87
624352	87
624354	89
624355	87
624356	88
624384	85
624385	85
624386	85
624387	85
624388	84
624400	85
624408	85
624410	85
624411	85
624412	84
624416	86
624418	86
624419	86
624420	85
624640	85
624641	87
624642	87
624643	87
624644	86
624648	87
624656	87
624658	89
624659	87
624660	88
624664	87
624666	87
624667	87
624668	86
624672	86
624674	88
624675	86
624676	87
624768	87
624769	89
624770	89
624771	89
624772	88
624832	85
624833	87
624834	87
624835	85
624836	86
624848	87
624856	87
624858	89
624859	87
624860	88
624864	86
624866	88
624867	86
624868	87
624896	86
624897	88
624898	88
624899	88
624900	87
624912	88
624920	86
624922	88
624923	88
624924	87
624928	87
624930	89
624931	87
624932	88
630784	84
630785	86
630786	86
630787	86
630788	85
630792	86
630800	86
630802	88
630803	86
630804	87
630808	86
630810	86
630811	86
630812	85
630816	85
630818	87
630819	87
630820	86
630848	86
630849	88
630850	88
630851	88
630852	87
630912	86
630913	88
630914	88
630915	88
630916	87
630928	88
630936	88
630938	88
630939	88
630940	87
630944	87
630946	89
630947	87
630948	88
630976	86
630977	88
630978	88
630979	86
630980	87
630992	88
631000	86
631002	88
631003	88
631004	87
631008	87
631010	87
631011	87
631012	88
631040	85
631041	87
631042	87
631043	87
631044	86
631056	87
631064	87
631066	87
631067	87
631068	86
631072	86
631074	88
631075	88
631076	87
634880	84
634881	86
634882	86
634883	86
634884	85
634888	86
634896	86
634898	88
634899	86
634900	87
634904	86
634906	86
634907	86
634908	85
634912	85
634914	87
634915	87
634916	86
634944	86
634945	88
634946	88
634947	88
634948	87
635008	86
635009	88
635010	88
635011	88
635012	87
635024	88
635032	88
635034	88
635035	88
635036	87
635040	87
635042	89
635043	87
635044	88
635072	86
635073	88
635074	88
635075	86
635076	87
635088	88
635096	86
635098	88
635099	88
635100	87
635104	87
635106	87
635107	87
635108	88
635136	85
635137	87
635138	87
635139	87
635140	86
635152	87
635160	87
635162	87
635163	87
635164	86
635168	86
635170	88
635171	88
635172	87
635904	86
635905	88
635906	88
635907	88
635908	87
635912	88
635920	88
635922	90
635923	88
635924	89
635928	88
635930	88
635931	88
635932	87
635936	87
635938	89
635939	87
635940	88
636416	86
636417	88
636418	88
636419	86
636420	87
636424	88
636432	88
636434	90
636435	88
636436	89
636440	86
636442	86
636443	88
636444	85
636448	87
636450	89
636451	87
636452	88
636544	86
636545	88
636546	88
636547	88
636548	87
636608	86
636609	88
636610	88
636611	88
636612	87
636624	88
636632	88
636634	88
636635	88
636636	87
636640	87
636642	89
636643	87
636644	88
636672	87
636673	87
636674	87
636675	87
636676	86
636688	87
636696	87
636698	87
636699	87
636700	86
636704	88
636706	88
636707	88
636708	87
636928	85
636929	87
636930	87
636931	87
636932	86
636936	87
636944	87
636946	89
636947	87
636948	88
636952	87
636954	87
636955	87
636956	86
636960	86
636962	88
636963	86
636964	87
637056	87
637057	89
637058	89
637059	89
637060	88
637120	85
637121	87
637122	87
637123	85
637124	86
637136	87
637144	87
637146	89
637147	87
637148	88
637152	86
637154	88
637155	86
637156	87
637184	86
637185	88
637186	88
637187	88
637188	87
637200	88
637208	88
637210	88
637211	88
637212	87
637216	87
637218	89
637219	87
637220	88
638976	85
638977	87
638978	87
638979	85
638980	86
638984	87
638992	87
638994	89
638995	87
638996	88
639000	85
639002	85
639003	87
639004	84
639008	86
639010	88
639011	86
639012	87
639040	87
639041	87
639042	87
639043	87
639044	86
639104	87
639105	87
639106	87
639107	87
639108	86
639120	87
639128	87
639130	87
639131	87
639132	86
639136	86
639138	88
639139	86
639140	87
639168	85
639169	87
639170	87
639171	85
639172	86
639184	87
639192	87
639194	87
639195	87
639196	86
639200	86
639202	88
639203	86
639204	87
639232	86
639233	86
639234	86
639235	86
639236	85
639248	86
639256	86
639258	86
639259	86
639260	85
639264	87
639266	87
639267	87
639268	86
640000	85
640001	87
640002	87
640003	87
640004	86
640008	87
640016	87
640018	89
640019	87
640020	88
640024	87
640026	87
640027	87
640028	86
640032	86
640034	88
640035	86
640036	87
640512	85
640513	87
640514	87
640515	85
640516	86
640520	87
640528	87
640530	89
640531	87
640532	88
640536	85
640538	85
640539	87
640540	84
640544	86
640546	88
640547	86
640548	87
640640	87
640641	87
640642	87
640643	87
640644	86
640704	87
640705	87
640706	87
640707	87
640708	86
640720	87
640728	87
640730	87
640731	87
640732	86
640736	88
640738	88
640739	88
640740	87
640768	86
640769	86
640770	86
640771	86
640772	85
640784	86
640792	86
640794	86
640795	86
640796	85
640800	87
640802	87
640803	87
640804	86
641024	86
641025	88
641026	88
641027	86
641028	87
641032	88
641040	88
641042	90
641043	88
641044	89
641048	86
641050	86
641051	88
641052	85
641056	87
641058	89
641059	87
641060	88
641152	86
641153	88
641154	88
641155	88
641156	87
641216	86
641217	88
641218	88
641219	86
641220	87
641232	88
641240	88
641242	88
641243	88
641244	87
641248	87
641250	89
641251	87
641252	88
641280	87
641281	87
641282	87
641283	87
641284	86
641296	87
641304	87
641306	87
641307	87
641308	86
641312	88
641314	88
641315	88
641316	87
655360	83
655361	85
655362	85
655363	85
655364	84
655368	85
655376	85
655378	87
655379	85
655380	86
655384	85
655386	85
655387	85
655388	84
655392	84
655394	86
655395	86
655396	85
655424	85
655425	87
655426	87
655427	87
655428	86
655488	85
655489	87
655490	87
655491	87
655492	86
655504	87
655512	87
655514	87
655515	87
655516	86
655520	86
655522	88
655523	86
655524	87
655552	85
655553	87
655554	87
655555	85
655556	86
655568	87
655576	85
655578	87
655579	87
655580	86
655584	86
655586	86
655587	86
655588	87
655616	84
655617	86
655618	86
655619	86
655620	85
655632	86
655640	86
655642	86
655643	86
655644	85
655648	85
655650	87
655651	87
655652	86
655872	85
655873	87
655874	87
655875	87
655876	86
655880	87
655888	87
655890	89
655891	87
655892	88
655896	87
655898	87
655899	87
655900	86
655904	86
655906	88
655907	86
655908	87
656384	85
656385	87
656386	87
656387	87
656388	86
656392	87
656400	87
656402	89
656403	87
656404	88
656408	87
656410	87
656411	87
656412	86
656416	86
656418	88
656419	86
656420	87
656512	87
656513	89
656514	89
656515	89
656516	88
656576	85
656577	87
656578	87
656579	85
656580	86
656592	87
656600	87
656602	89
656603	87
656604	88
656608	86
656610	88
656611	86
656612	87
656640	86
656641	88
656642	88
656643	88
656644	87
656656	88
656664	86
656666	88
656667	88
656668	87
656672	87
656674	89
656675	87
656676	88
656896	85
656897	87
656898	87
656899	85
656900	86
656904	87
656912	87
656914	89
656915	87
656916	88
656920	85
656922	85
656923	87
656924	84
656928	86
656930	88
656931	86
656932	87
657024	85
657025	87
657026	87
657027	87
657028	86
657088	85
657089	87
657090	87
657091	87
657092	86
657104	87
657112	87
657114	87
657115	87
657116	86
657120	86
657122	88
657123	86
657124	87
657152	86
657153	86
657154	86
657155	86
657156	85
657168	86
657176	86
657178	86
657179	86
657180	85
657184	87
657186	87
657187	87
657188	86
657408	84
657409	86
657410	86
657411	86
657412	85
657416	86
657424	86
657426	88
657427	86
657428	87
657432	86
657434	86
657435	86
657436	85
657440	85
657442	87
657443	85
657444	86
657536	86
657537	88
657538	88
657539	88
657540	87
657600	84
657601	86
657602	86
657603	84
657604	85
657616	86
657624	86
657626	88
657627	86
657628	87
657632	85
657634	87
657635	85
657636	86
657664	85
657665	87
657666	87
657667	87
657668	86
657680	87
657688	87
657690	87
657691	87
657692	86
657696	86
657698	88
657699	86
657700	87
663552	85
663553	87
663554	87
663555	87
663556	86
663560	87
663568	87
663570	89
663571	87
663572	88
663576	87
663578	87
663579	87
663580	86
663584	86
663586	88
663587	88
663588	87
663616	87
663617	89
663618	89
663619	89
663620	88
663680	87
663681	89
663682	89
663683	89
663684	88
663696	89
663704	89
663706	89
663707	89
663708	88
663712	88
663714	90
663715	88
663716	89
663744	87
663745	89
663746	89
663747	87
663748	88
663760	89
663768	87
663770	89
663771	89
663772	88
663776	88
663778	88
663779	88
663780	89
663808	86
663809	88
663810	88
663811	88
663812	87
663824	88
663832	88
663834	88
663835	88
663836	87
663840	87
663842	89
663843	89
663844	88
667648	83
667649	85
667650	85
667651	85
667652	84
667656	85
667664	85
667666	87
667667	85
667668	86
667672	85
667674	87
667675	85
667676	86
667680	84
667682	86
667683	84
667684	85
667712	85
667713	87
667714	87
667715	87
667716	86
667776	85
667777	87
667778	87
667779	85
667780	86
667792	87
667800	87
667802	87
667803	87
667804	86
667808	86
667810	88
667811	86
667812	87
667840	83
667841	85
667842	85
667843	83
667844	84
667856	85
667864	85
667866	87
667867	85
667868	86
667872	84
667874	86
667875	84
667876	85
667904	84
667905	86
667906	86
667907	86
667908	85
667920	86
667928	86
667930	88
667931	86
667932	87
667936	85
667938	87
667939	85
667940	86
668672	85
668673	87
668674	87
668675	87
668676	86
668680	87
668688	87
668690	89
668691	87
668692	88
668696	87
668698	87
668699	87
668700	86
668704	86
668706	88
668707	86
668708	87
669184	85
669185	87
669186	87
669187	87
669188	86
669192	87
669200	87
669202	89
669203	87
669204	88
669208	87
669210	87
669211	87
669212	86
669216	86
669218	88
669219	86
669220	87
669312	87
669313	89
669314	89
669315	89
669316	88
669376	85
669377	87
669378	87
669379	87
669380	86
669392	87
669400	87
669402	89
669403	87
669404	88
669408	86
669410	88
669411	86
669412	87
669440	86
669441	88
669442	88
669443	88
669444	87
669456	88
669464	88
669466	88
669467	88
669468	87
669472	87
669474	89
669475	87
669476	88
669696	84
669697	86
669698	86
669699	86
669700	85
669704	86
669712	86
669714	88
669715	86
669716	87
669720	86
669722	88
669723	86
669724	87
669728	85
669730	87
669731	85
669732	86
669824	86
669825	88
669826	88
669827	88
669828	87
669888	84
669889	86
669890	86
669891	84
669892	85
669904	86
669912	86
669914	88
669915	86
669916	87
669920	85
669922	87
669923	85
669924	86
669952	85
669953	87
669954	87
669955	87
669956	86
669968	87
669976	87
669978	89
669979	87
669980	88
669984	86
669986	88
669987	86
669988	87
671744	84
671745	86
671746	86
671747	86
671748	85
671752	86
671760	86
671762	88
671763	86
671764	87
671768	86
671770	86
671771	86
671772	85
671776	85
671778	87
671779	87
671780	86
671808	86
671809	88
671810	88
671811	88
671812	87
671872	86
671873	88
671874	88
671875	88
671876	87
671888	88
671896	88
671898	88
671899	88
671900	87
671904	87
671906	89
671907	87
671908	88
671936	86
671937	88
671938	88
671939	86
671940	87
671952	88
671960	86
671962	88
671963	88
671964	87
671968	87
671970	87
671971	87
671972	88
672000	85
672001	87
672002	87
672003	87
672004	86
672016	87
672024	87
672026	87
672027	87
672028	86
672032	86
672034	88
672035	88
672036	87
672768	86
672769	88
672770	88
672771	88
672772	87
672776	88
672784	88
672786	90
672787	88
672788	89
672792	88
672794	88
672795	88
672796	87
672800	87
672802	89
672803	87
672804	88
673280	86
673281	88
673282	88
673283	86
673284	87
673288	88
673296	88
673298	90
673299	88
673300	89
673304	86
673306	86
673307	88
673308	85
673312	87
673314	89
673315	87
673316	88
673408	86
673409	88
673410	88
673411	88
673412	87
673472	86
673473	88
673474	88
673475	88
673476	87
673488	88
673496	88
673498	88
673499	88
673500	87
673504	87
673506	89
673507	87
673508	88
673536	87
673537	87
673538	87
673539	87
673540	86
673552	87
673560	87
673562	87
673563	87
673564	86
673568	88
673570	88
673571	88
673572	87
673792	85
673793	87
673794	87
673795	87
673796	86
673800	87
673808	87
673810	89
673811	87
673812	88
673816	87
673818	87
673819	87
673820	86
673824	86
673826	88
673827	86
673828	87
673920	87
673921	89
673922	89
673923	89
673924	88
673984	85
673985	87
673986	87
673987	85
673988	86
674000	87
674008	87
674010	89
674011	87
674012	88
674016	86
674018	88
674019	86
674020	87
674048	86
674049	88
674050	88
674051	88
674052	87
674064	88
674072	88
674074	88
674075	88
674076	87
674080	87
674082	89
674083	87
674084	88
786432	82
786433	84
786434	84
786435	84
786436	83
786440	84
786448	84
786450	86
786451	84
786452	85
786456	84
786458	84
786459	84
786460	83
786464	83
786466	85
786467	85
786468	84
786496	84
786497	86
786498	86
786499	86
786500	85
786560	84
786561	86
786562	86
786563	86
786564	85
786576	86
786584	86
786586	86
786587	86
786588	85
786592	85
786594	87
786595	85
786596	86
786624	84
786625	86
786626	86
786627	84
786628	85
786640	86
786648	84
786650	86
786651	86
786652	85
786656	85
786658	85
786659	85
786660	86
786688	83
786689	85
786690	85
786691	85
786692	84
786704	85
786712	85
786714	85
786715	85
786716	84
786720	84
786722	86
786723	86
786724	85
786944	84
786945	86
786946	86
786947	84
786948	85
786952	86
786960	86
786962	88
786963	86
786964	87
786968	86
786970	86
786971	86
786972	85
786976	85
786978	87
786979	85
786980	86
787456	84
787457	86
787458	86
787459	86
787460	85
787464	86
787472	86
787474	88
787475	86
787476	87
787480	86
787482	86
787483	86
787484	85
787488	85
787490	87
787491	85
787492	86
787584	84
787585	86
787586	86
787587	86
787588	85
787648	84
787649	86
787650	86
787651	84
787652	85
787664	86
787672	86
787674	88
787675	86
787676	87
787680	85
787682	87
787683	85
787684	86
787712	85
787713	87
787714	87
787715	85
787716	86
787728	87
787736	85
787738	87
787739	87
787740	86
787744	86
787746	88
787747	86
787748	87
787968	84
787969	86
787970	86
787971	84
787972	85
787976	86
787984	86
787986	88
787987	86
787988	87
787992	84
787994	84
787995	86
787996	83
788000	85
788002	87
788003	85
788004	86
788096	84
788097	86
788098	86
788099	86
788100	85
788160	84
788161	86
788162	86
788163	86
788164	85
788176	86
788184	86
788186	86
788187	86
788188	85
788192	85
788194	87
788195	85
788196	86
788224	85
788225	85
788226	85
788227	85
788228	84
788240	85
788248	85
788250	85
788251	85
788252	84
788256	86
788258	86
788259	86
788260	85
788480	83
788481	85
788482	85
788483	85
788484	84
788488	85
788496	85
788498	87
788499	85
788500	86
788504	85
788506	85
788507	85
788508	84
788512	84
788514	86
788515	84
788516	85
788608	85
788609	87
788610	87
788611	87
788612	86
788672	83
788673	85
788674	85
788675	83
788676	84
788688	85
788696	85
788698	87
788699	85
788700	86
788704	84
788706	86
788707	84
788708	85
788736	84
788737	86
788738	86
788739	86
788740	85
788752	86
788760	86
788762	86
788763	86
788764	85
788768	85
788770	87
788771	85
788772	86
790528	84
790529	86
790530	86
790531	86
790532	85
790536	86
790544	86
790546	88
790547	86
790548	87
790552	86
790554	86
790555	86
790556	85
790560	85
790562	87
790563	87
790564	86
790592	86
790593	88
790594	88
790595	88
790596	87
790656	86
790657	88
790658	88
790659	88
790660	87
790672	88
790680	88
790682	88
790683	88
790684	87
790688	87
790690	89
790691	87
790692	88
790720	86
790721	88
790722	88
790723	86
790724	87
790736	88
790744	86
790746	88
790747	88
790748	87
790752	87
790754	87
790755	87
790756	88
790784	85
790785	87
790786	87
790787	87
790788	86
790800	87
790808	87
790810	87
790811	87
790812	86
790816	86
790818	88
790819	88
790820	87
794624	84
794625	86
794626	86
794627	86
794628	85
794632	86
794640	86
794642	86
794643	86
794644	87
794648	86
794650	86
794651	86
794652	85
794656	85
794658	87
794659	85
794660	86
794688	86
794689	88
794690	88
794691	88
794692	87
794752	86
794753	88
794754	88
794755	86
794756	87
794768	88
794776	88
794778	88
794779	88
794780	87
794784	87
794786	89
794787	87
794788	88
794816	84
794817	86
794818	86
794819	84
794820	85
794832	86
794840	86
794842	88
794843	86
794844	87
794848	85
794850	85
794851	85
794852	86
794880	85
794881	87
794882	87
794883	87
794884	86
794896	87
794904	87
794906	87
794907	87
794908	86
794912	86
794914	88
794915	86
794916	87
795648	86
795649	88
795650	88
795651	86
795652	87
795656	88
795664	88
795666	90
795667	88
795668	89
795672	88
795674	88
795675	88
795676	87
795680	87
795682	89
795683	87
795684	88
796160	86
796161	88
796162	88
796163	86
796164	87
796168	88
796176	88
796178	90
796179	88
796180	89
796184	86
796186	86
796187	88
796188	85
796192	87
796194	89
796195	87
796196	88
796288	86
796289	88
796290	88
796291	88
796292	87
796352	86
796353	88
796354	88
796355	88
796356	87
796368	88
796376	88
796378	88
796379	88
796380	87
796384	87
796386	89
796387	87
796388	88
796416	87
796417	87
796418	87
796419	87
796420	86
796432	87
796440	87
796442	87
796443	87
796444	86
796448	88
796450	88
796451	88
796452	87
796672	85
796673	87
796674	87
796675	87
796676	86
796680	87
796688	87
796690	89
796691	87
796692	88
796696	87
796698	87
796699	87
796700	86
796704	86
796706	88
796707	86
796708	87
796800	87
796801	89
796802	89
796803	89
796804	88
796864	85
796865	87
796866	87
796867	85
796868	86
796880	87
796888	87
796890	89
796891	87
796892	88
796896	86
796898	88
796899	86
796900	87
796928	86
796929	88
796930	88
796931	88
796932	87
796944	88
796952	88
796954	88
796955	88
796956	87
796960	87
796962	89
796963	87
796964	88
798720	82
798721	84
798722	84
798723	84
798724	83
798728	84
798736	84
798738	84
798739	84
798740	85
798744	84
798746	84
798747	84
798748	85
798752	83
798754	85
798755	83
798756	84
798784	84
798785	86
798786	86
798787	86
798788	85
798848	84
798849	86
798850	86
798851	84
798852	85
798864	86
798872	86
798874	86
798875	86
798876	85
798880	85
798882	87
798883	85
798884	86
798912	82
798913	84
798914	84
798915	82
798916	83
798928	84
798936	84
798938	86
798939	84
798940	85
798944	83
798946	83
798947	83
798948	84
798976	83
798977	85
798978	85
798979	85
798980	84
798992	85
799000	85
799002	85
799003	85
799004	86
799008	84
799010	86
799011	84
799012	85
799744	84
799745	86
799746	86
799747	84
799748	85
799752	86
799760	86
799762	86
799763	86
799764	87
799768	86
799770	86
799771	86
799772	85
799776	85
799778	85
799779	85
799780	86
800256	84
800257	86
800258	86
800259	86
800260	85
800264	86
800272	86
800274	88
800275	86
800276	87
800280	86
800282	86
800283	86
800284	85
800288	85
800290	87
800291	85
800292	86
800384	86
800385	88
800386	88
800387	88
800388	87
800448	84
800449	86
800450	86
800451	84
800452	85
800464	86
800472	86
800474	88
800475	86
800476	87
800480	85
800482	87
800483	85
800484	86
800512	85
800513	87
800514	87
800515	87
800516	86
800528	87
800536	87
800538	87
800539	87
800540	86
800544	86
800546	88
800547	86
800548	87
800768	83
800769	85
800770	85
800771	83
800772	84
800776	85
800784	85
800786	85
800787	85
800788	86
800792	85
800794	85
800795	85
800796	86
800800	84
800802	84
800803	84
800804	85
800896	83
800897	85
800898	85
800899	85
800900	84
800960	83
800961	85
800962	85
800963	83
800964	84
800976	85
800984	85
800986	85
800987	85
800988	86
800992	84
800994	84
800995	84
800996	85
801024	84
801025	86
801026	86
801027	84
801028	85
801040	86
801048	86
801050	86
801051	86
801052	87
801056	85
801058	85
801059	85
801060	86
802816	83
802817	85
802818	85
802819	85
802820	84
802824	85
802832	85
802834	87
802835	85
802836	86
802840	85
802842	85
802843	85
802844	84
802848	84
802850	86
802851	86
802852	85
802880	85
802881	87
802882	87
802883	87
802884	86
802944	85
802945	87
802946	87
802947	87
802948	86
802960	87
802968	87
802970	87
802971	87
802972	86
802976	86
802978	88
802979	86
802980	87
803008	85
803009	87
803010	87
803011	85
803012	86
803024	87
803032	85
803034	87
803035	87
803036	86
803040	86
803042	86
803043	86
803044	87
803072	84
803073	86
803074	86
803075	86
803076	85
803088	86
803096	86
803098	86
803099	86
803100	85
803104	85
803106	87
803107	87
803108	86
803840	85
803841	87
803842	87
803843	85
803844	86
803848	87
803856	87
803858	89
803859	87
803860	88
803864	87
803866	87
803867	87
803868	86
803872	86
803874	88
803875	86
803876	87
804352	85
804353	87
804354	87
804355	85
804356	86
804360	87
804368	87
804370	89
804371	87
804372	88
804376	85
804378	85
804379	87
804380	84
804384	86
804386	88
804387	86
804388	87
804480	85
804481	87
804482	87
804483	87
804484	86
804544	85
804545	87
804546	87
804547	87
804548	86
804560	87
804568	87
804570	87
804571	87
804572	86
804576	86
804578	88
804579	86
804580	87
804608	86
804609	86
804610	86
804611	86
804612	85
804624	86
804632	86
804634	86
804635	86
804636	85
804640	87
804642	87
804643	87
804644	86
804864	84
804865	86
804866	86
804867	86
804868	85
804872	86
804880	86
804882	88
804883	86
804884	87
804888	86
804890	86
804891	86
804892	85
804896	85
804898	87
804899	85
804900	86
804992	86
804993	88
804994	88
804995	88
804996	87
805056	84
805057	86
805058	86
805059	84
805060	85
805072	86
805080	86
805082	88
805083	86
805084	87
805088	85
805090	87
805091	85
805092	86
805120	85
805121	87
805122	87
805123	87
805124	86
805136	87
805144	87
805146	87
805147	87
805148	86
805152	86
805154	88
805155	86
805156	87
851968	84
851969	86
851970	86
851971	86
851972	85
851976	86
851984	86
851986	86
851987	86
851988	87
851992	86
851994	86
851995	86
851996	85
852000	85
852002	87
852003	85
852004	86
852032	86
852033	88
852034	88
852035	88
852036	87
852096	86
852097	88
852098	88
852099	86
852100	87
852112	88
852120	86
852122	88
852123	88
852124	87
852128	87
852130	89
852131	87
852132	88
852160	84
852161	86
852162	86
852163	84
852164	85
852176	86
852184	86
852186	88
852187	86
852188	87
852192	85
852194	85
852195	85
852196	86
852224	85
852225	87
852226	87
852227	87
852228	86
852240	87
852248	87
852250	87
852251	87
852252	86
852256	86
852258	88
852259	86
852260	87
852480	86
852481	88
852482	88
852483	86
852484	87
852488	88
852496	88
852498	88
852499	88
852500	89
852504	88
852506	88
852507	88
852508	87
852512	87
852514	87
852515	87
852516	88
852992	86
852993	88
852994	88
852995	86
852996	87
853000	88
853008	88
853010	88
853011	88
853012	89
853016	88
853018	88
853019	88
853020	87
853024	87
853026	87
853027	87
853028	88
853120	86
853121	88
853122	88
853123	88
853124	87
853184	86
853185	88
853186	88
853187	86
853188	87
853200	88
853208	88
853210	88
853211	88
853212	89
853216	87
853218	87
853219	87
853220	88
853248	87
853249	89
853250	89
853251	87
853252	88
853264	89
853272	87
853274	89
853275	89
853276	88
853280	88
853282	88
853283	88
853284	89
853504	86
853505	86
853506	88
853507	86
853508	87
853512	88
853520	88
853522	88
853523	88
853524	89
853528	86
853530	86
853531	88
853532	85
853536	87
853538	87
853539	87
853540	88
853632	86
853633	88
853634	88
853635	88
853636	87
853696	86
853697	88
853698	88
853699	86
853700	87
853712	88
853720	88
853722	88
853723	88
853724	87
853728	87
853730	87
853731	87
853732	88
853760	87
853761	87
853762	87
853763	87
853764	86
853776	87
853784	87
853786	87
853787	87
853788	86
853792	88
853794	88
853795	88
853796	87
854016	85
854017	87
854018	87
854019	85
854020	86
854024	87
854032	87
854034	87
854035	87
854036	88
854040	87
854042	87
854043	87
854044	86
854048	86
854050	86
854051	86
854052	87
854144	85
854145	87
854146	87
854147	87
854148	86
854208	85
854209	87
854210	87
854211	85
854212	86
854224	87
854232	87
854234	87
854235	87
854236	88
854240	86
854242	86
854243	86
854244	87
854272	86
854273	88
854274	88
854275	86
854276	87
854288	88
854296	88
854298	88
854299	88
854300	87
854304	87
854306	87
854307	87
854308	88
884736	82
884737	84
884738	84
884739	84
884740	83
884744	84
884752	84
884754	86
884755	84
884756	85
884760	84
884762	84
884763	84
884764	83
884768	83
884770	85
884771	85
884772	84
884800	84
884801	86
884802	86
884803	86
884804	85
884864	84
884865	86
884866	86
884867	86
884868	85
884880	86
884888	86
884890	86
884891	86
884892	85
884896	85
884898	87
884899	85
884900	86
884928	84
884929	86
884930	86
884931	84
884932	85
884944	86
884952	84
884954	86
884955	86
884956	85
884960	85
884962	85
884963	85
884964	86
884992	83
884993	85
884994	85
884995	85
884996	84
885008	85
885016	85
885018	85
885019	85
885020	84
885024	84
885026	86
885027	86
885028	85
885248	84
885249	86
885250	86
885251	86
885252	85
885256	86
885264	86
885266	88
885267	86
885268	87
885272	86
885274	86
885275	86
885276	85
885280	85
885282	87
885283	87
885284	86
885760	84
885761	86
885762	86
885763	86
885764	85
885768	86
885776	86
885778	88
885779	86
885780	87
885784	86
885786	86
885787	86
885788	85
885792	85
885794	87
885795	87
885796	86
885888	86
885889	88
885890	88
885891	88
885892	87
885952	84
885953	86
885954	86
885955	86
885956	85
885968	86
885976	86
885978	88
885979	86
885980	87
885984	85
885986	87
885987	87
885988	86
886016	85
886017	87
886018	87
886019	87
886020	86
886032	87
886040	85
886042	87
886043	87
886044	86
886048	86
886050	88
886051	86
886052	87
886272	84
886273	86
886274	86
886275	84
886276	85
886280	86
886288	86
886290	88
886291	86
886292	87
886296	84
886298	84
886299	86
886300	83
886304	85
886306	87
886307	85
886308	86
886400	84
886401	86
886402	86
886403	86
886404	85
886464	84
886465	86
886466	86
886467	86
886468	85
886480	86
886488	86
886490	86
886491	86
886492	85
886496	85
886498	87
886499	87
886500	86
886528	85
886529	85
886530	85
886531	85
886532	84
886544	85
886552	85
886554	85
886555	85
886556	84
886560	86
886562	86
886563	86
886564	85
886784	83
886785	85
886786	85
886787	85
886788	84
886792	85
886800	85
886802	87
886803	85
886804	86
886808	85
886810	85
886811	85
886812	84
886816	84
886818	86
886819	86
886820	85
886912	85
886913	87
886914	87
886915	87
886916	86
886976	85
886977	87
886978	87
886979	85
886980	86
886992	87
887000	85
887002	87
887003	87
887004	86
887008	86
887010	86
887011	86
887012	87
887040	84
887041	86
887042	86
887043	86
887044	85
887056	86
887064	86
887066	86
887067	86
887068	85
887072	85
887074	87
887075	87
887076	86
892928	84
892929	86
892930	86
892931	86
892932	85
892936	86
892944	86
892946	88
892947	86
892948	87
892952	86
892954	86
892955	86
892956	85
892960	85
892962	87
892963	87
892964	86
892992	86
892993	88
892994	88
892995	88
892996	87
893056	86
893057	88
893058	88
893059	88
893060	87
893072	88
893080	88
893082	88
893083	88
893084	87
893088	87
893090	89
893091	87
893092	88
893120	86
893121	88
893122	88
893123	86
893124	87
893136	88
893144	86
893146	88
893147	88
893148	87
893152	87
893154	87
893155	87
893156	88
893184	85
893185	87
893186	87
893187	87
893188	86
893200	87
893208	87
893210	87
893211	87
893212	86
893216	86
893218	88
893219	88
893220	87
897024	84
897025	86
897026	86
897027	86
897028	85
897032	86
897040	86
897042	86
897043	86
897044	87
897048	86
897050	86
897051	86
897052	85
897056	85
897058	87
897059	85
897060	86
897088	86
897089	88
897090	88
897091	88
897092	87
897152	86
897153	88
897154	88
897155	86
897156	87
897168	88
897176	88
897178	88
897179	88
897180	87
897184	87
897186	89
897187	87
897188	88
897216	84
897217	86
897218	86
897219	84
897220	85
897232	86
897240	86
897242	88
897243	86
897244	87
897248	85
897250	85
897251	85
897252	86
897280	85
897281	87
897282	87
897283	87
897284	86
897296	87
897304	87
897306	87
897307	87
897308	86
897312	86
897314	88
897315	86
897316	87
898048	86
898049	88
898050	88
898051	86
898052	87
898056	88
898064	88
898066	88
898067	88
898068	89
898072	88
898074	88
898075	88
898076	87
898080	87
898082	87
898083	87
898084	88
898560	84
898561	86
898562	86
898563	86
898564	85
898568	86
898576	86
898578	88
898579	86
898580	87
898584	86
898586	86
898587	86
898588	85
898592	85
898594	87
898595	87
898596	86
898688	86
898689	88
898690	88
898691	88
898692	87
898752	86
898753	88
898754	88
898755	86
898756	87
898768	88
898776	86
898778	88
898779	88
898780	87
898784	87
898786	87
898787	87
898788	88
898816	85
898817	87
898818	87
898819	87
898820	86
898832	87
898840	87
898842	87
898843	87
898844	86
898848	86
898850	88
898851	88
898852	87
899072	85
899073	87
899074	87
899075	85
899076	86
899080	87
899088	87
899090	87
899091	87
899092	88
899096	87
899098	87
899099	87
899100	86
899104	86
899106	86
899107	86
899108	87
899200	85
899201	87
899202	87
899203	87
899204	86
899264	85
899265	87
899266	87
899267	85
899268	86
899280	87
899288	87
899290	87
899291	87
899292	88
899296	86
899298	86
899299	86
899300	87
899328	86
899329	88
899330	88
899331	86
899332	87
899344	88
899352	86
899354	88
899355	88
899356	87
899360	87
899362	87
899363	87
899364	88
901120	83
901121	85
901122	85
901123	85
901124	84
901128	85
901136	85
901138	87
901139	85
901140	86
901144	85
901146	85
901147	85
901148	84
901152	84
901154	86
901155	86
901156	85
901184	85
901185	87
901186	87
901187	87
901188	86
901248	85
901249	87
901250	87
901251	87
901252	86
901264	87
901272	87
901274	87
901275	87
901276	86
901280	86
901282	88
901283	86
901284	87
901312	85
901313	87
901314	87
901315	85
901316	86
901328	87
901336	85
901338	87
901339	87
901340	86
901344	86
901346	86
901347	86
901348	87
901376	84
901377	86
901378	86
901379	86
901380	85
901392	86
901400	86
901402	86
901403	86
901404	85
901408	85
901410	87
901411	87
901412	86
902144	85
902145	87
902146	87
902147	87
902148	86
902152	87
902160	87
902162	89
902163	87
902164	88
902168	87
902170	87
902171	87
902172	86
902176	86
902178	88
902179	86
902180	87
902656	85
902657	87
902658	87
902659	85
902660	86
902664	87
902672	87
902674	89
902675	87
902676	88
902680	85
902682	85
902683	87
902684	84
902688	86
902690	88
902691	86
902692	87
902784	85
902785	87
902786	87
902787	87
902788	86
902848	85
902849	87
902850	87
902851	87
902852	86
902864	87
902872	87
902874	87
902875	87
902876	86
902880	86
902882	88
902883	88
902884	87
902912	86
902913	86
902914	86
902915	86
902916	85
902928	86
902936	86
902938	86
902939	86
902940	85
902944	87
902946	87
902947	87
902948	86
903168	84
903169	86
903170	86
903171	86
903172	85
903176	86
903184	86
903186	88
903187	86
903188	87
903192	86
903194	86
903195	86
903196	85
903200	85
903202	87
903203	87
903204	86
903296	86
903297	88
903298	88
903299	88
903300	87
903360	86
903361	88
903362	88
903363	86
903364	87
903376	88
903384	86
903386	88
903387	88
903388	87
903392	87
903394	87
903395	87
903396	88
903424	85
903425	87
903426	87
903427	87
903428	86
903440	87
903448	87
903450	87
903451	87
903452	86
903456	86
903458	88
903459	88
903460	87
917504	83
917505	85
917506	85
917507	85
917508	84
917512	85
917520	85
917522	85
917523	85
917524	86
917528	85
917530	85
917531	85
917532	84
917536	84
917538	86
917539	84
917540	85
917568	85
917569	87
917570	87
917571	87
917572	86
917632	85
917633	87
917634	87
917635	85
917636	86
917648	87
917656	87
917658	87
917659	87
917660	86
917664	86
917666	88
917667	86
917668	87
917696	83
917697	85
917698	85
917699	83
917700	84
917712	85
917720	85
917722	87
917723	85
917724	86
917728	84
917730	84
917731	84
917732	85
917760	84
917761	86
917762	86
917763	86
917764	85
917776	86
917784	86
917786	86
917787	86
917788	85
917792	85
917794	87
917795	85
917796	86
918016	85
918017	87
918018	87
918019	85
918020	86
918024	87
918032	87
918034	87
918035	87
918036	88
918040	87
918042	87
918043	87
918044	86
918048	86
918050	86
918051	86
918052	87
918528	85
918529	87
918530	87
918531	85
918532	86
918536	87
918544	87
918546	87
918547	87
918548	88
918552	87
918554	87
918555	87
918556	86
918560	86
918562	86
918563	86
918564	87
918656	85
918657	87
918658	87
918659	87
918660	86
918720	85
918721	87
918722	87
918723	85
918724	86
918736	87
918744	87
918746	87
918747	87
918748	88
918752	86
918754	86
918755	86
918756	87
918784	86
918785	88
918786	88
918787	86
918788	87
918800	88
918808	86
918810	88
918811	88
918812	87
918816	87
918818	87
918819	87
918820	88
919040	85
919041	85
919042	87
919043	85
919044	86
919048	87
919056	87
919058	87
919059	87
919060	88
919064	85
919066	85
919067	87
919068	84
919072	86
919074	86
919075	86
919076	87
919168	85
919169	87
919170	87
919171	87
919172	86
919232	85
919233	87
919234	87
919235	85
919236	86
919248	87
919256	87
919258	87
919259	87
919260	86
919264	86
919266	86
919267	86
919268	87
919296	86
919297	86
919298	86
919299	86
919300	85
919312	86
919320	86
919322	86
919323	86
919324	85
919328	87
919330	87
919331	87
919332	86
919552	84
919553	86
919554	86
919555	84
919556	85
919560	86
919568	86
919570	86
919571	86
919572	87
919576	86
919578	86
919579	86
919580	85
919584	85
919586	85
919587	85
919588	86
919680	84
919681	86
919682	86
919683	86
919684	85
919744	84
919745	86
919746	86
919747	84
919748	85
919760	86
919768	86
919770	86
919771	86
919772	87
919776	85
919778	85
919779	85
919780	86
919808	85
919809	87
919810	87
919811	85
919812	86
919824	87
919832	87
919834	87
919835	87
919836	86
919840	86
919842	86
919843	86
919844	87
925696	83
925697	85
925698	85
925699	85
925700	84
925704	85
925712	85
925714	87
925715	85
925716	86
925720	85
925722	85
925723	85
925724	86
925728	84
925730	86
925731	86
925732	85
925760	85
925761	87
925762	87
925763	87
925764	86
925824	85
925825	87
925826	87
925827	87
925828	86
925840	87
925848	87
925850	87
925851	87
925852	88
925856	86
925858	88
925859	86
925860	87
925888	85
925889	87
925890	87
925891	85
925892	86
925904	87
925912	85
925914	87
925915	87
925916	86
925920	86
925922	86
925923	86
925924	87
925952	84
925953	86
925954	86
925955	86
925956	85
925968	86
925976	86
925978	86
925979	86
925980	87
925984	85
925986	87
925987	87
925988	86
929792	83
929793	85
929794	85
929795	85
929796	84
929800	85
929808	85
929810	85
929811	85
929812	86
929816	85
929818	85
929819	85
929820	86
929824	84
929826	86
929827	84
929828	85
929856	85
929857	87
929858	87
929859	87
929860	86
929920	85
929921	87
929922	87
929923	85
929924	86
929936	87
929944	87
929946	87
929947	87
929948	86
929952	86
929954	88
929955	86
929956	87
929984	83
929985	85
929986	85
929987	83
929988	84
930000	85
930008	85
930010	87
930011	85
930012	86
930016	84
930018	84
930019	84
930020	85
930048	84
930049	86
930050	86
930051	86
930052	85
930064	86
930072	86
930074	86
930075	86
930076	87
930080	85
930082	87
930083	85
930084	86
930816	85
930817	87
930818	87
930819	85
930820	86
930824	87
930832	87
930834	87
930835	87
930836	88
930840	87
930842	87
930843	87
930844	86
930848	86
930850	86
930851	86
930852	87
931328	85
931329	87
931330	87
931331	85
931332	86
931336	87
931344	87
931346	87
931347	87
931348	88
931352	87
931354	87
931355	87
931356	86
931360	86
931362	86
931363	86
931364	87
931456	85
931457	87
931458	87
931459	87
931460	86
931520	85
931521	87
931522	87
931523	85
931524	86
931536	87
931544	87
931546	87
931547	87
931548	88
931552	86
931554	86
931555	86
931556	87
931584	86
931585	88
931586	88
931587	86
931588	87
931600	88
931608	86
931610	88
931611	88
931612	87
931616	87
931618	87
931619	87
931620	88
931840	84
931841	86
931842	86
931843	84
931844	85
931848	86
931856	86
931858	86
931859	86
931860	87
931864	86
931866	86
931867	86
931868	87
931872	85
931874	85
931875	85
931876	86
931968	84
931969	86
931970	86
931971	86
931972	85
932032	84
932033	86
932034	86
932035	84
932036	85
932048	86
932056	86
932058	86
932059	86
932060	87
932064	85
932066	85
932067	85
932068	86
932096	85
932097	87
932098	87
932099	85
932100	86
932112	87
932120	87
932122	87
932123	87
932124	88
932128	86
932130	86
932131	86
932132	87
933888	84
933889	86
933890	86
933891	86
933892	85
933896	86
933904	86
933906	86
933907	86
933908	87
933912	86
933914	86
933915	86
933916	85
933920	85
933922	87
933923	85
933924	86
933952	86
933953	88
933954	88
933955	88
933956	87
934016	86
934017	88
934018	88
934019	86
934020	87
934032	88
934040	88
934042	88
934043	88
934044	87
934048	87
934050	89
934051	87
934052	88
934080	84
934081	86
934082	86
934083	84
934084	85
934096	86
934104	86
934106	88
934107	86
934108	87
934112	85
934114	85
934115	85
934116	86
934144	85
934145	87
934146	87
934147	87
934148	86
934160	87
934168	87
934170	87
934171	87
934172	86
934176	86
934178	88
934179	86
934180	87
934912	86
934913	88
934914	88
934915	86
934916	87
934920	88
934928	88
934930	88
934931	88
934932	89
934936	88
934938	88
934939	88
934940	87
934944	87
934946	87
934947	87
934948	88
935424	84
935425	86
935426	86
935427	86
935428	85
935432	86
935440	86
935442	88
935443	86
935444	87
935448	86
935450	86
935451	86
935452	85
935456	85
935458	87
935459	87
935460	86
935552	86
935553	88
935554	88
935555	88
935556	87
935616	86
935617	88
935618	88
935619	86
935620	87
935632	88
935640	86
935642	88
935643	88
935644	87
935648	87
935650	87
935651	87
935652	88
935680	85
935681	87
935682	87
935683	87
935684	86
935696	87
935704	87
935706	87
935707	87
935708	86
935712	86
935714	88
935715	88
935716	87
935936	85
935937	87
935938	87
935939	85
935940	86
935944	87
935952	87
935954	87
935955	87
935956	88
935960	87
935962	87
935963	87
935964	86
935968	86
935970	86
935971	86
935972	87
936064	85
936065	87
936066	87
936067	87
936068	86
936128	85
936129	87
936130	87
936131	85
936132	86
936144	87
936152	87
936154	87
936155	87
936156	88
936160	86
936162	86
936163	86
936164	87
936192	86
936193	88
936194	88
936195	86
936196	87
936208	88
936216	86
936218	88
936219	88
936220	87
936224	87
936226	87
936227	87
936228	88
1048576	81
1048577	83
1048578	83
1048579	83
1048580	82
1048584	83
1048592	83
1048594	85
1048595	83
1048596	84
1048600	83
1048602	83
1048603	83
1048604	82
1048608	82
1048610	84
1048611	84
1048612	83
1048640	83
1048641	85
1048642	85
1048643	85
1048644	84
1048704	83
1048705	85
1048706	85
1048707	85
1048708	84
1048720	85
1048728	85
1048730	85
1048731	85
1048732	84
1048736	84
1048738	86
1048739	84
1048740	85
1048768	83
1048769	85
1048770	85
1048771	83
1048772	84
1048784	85
1048792	83
1048794	85
1048795	85
1048796	84
1048800	84
1048802	84
1048803	84
1048804	85
1048832	82
1048833	84
1048834	84
1048835	84
1048836	83
1048848	84
1048856	84
1048858	84
1048859	84
1048860	83
1048864	83
1048866	85
1048867	85
1048868	84
1049088	83
1049089	85
1049090	85
1049091	85
1049092	84
1049096	85
1049104	85
1049106	87
1049107	85
1049108	86
1049112	85
1049114	85
1049115	85
1049116	84
1049120	84
1049122	86
1049123	86
1049124	85
1049600	83
1049601	85
1049602	85
1049603	85
1049604	84
1049608	85
1049616	85
1049618	87
1049619	85
1049620	86
1049624	85
1049626	85
1049627	85
1049628	84
1049632	84
1049634	86
1049635	86
1049636	85
1049728	85
1049729	87
1049730	87
1049731	87
1049732	86
1049792	83
1049793	85
1049794	85
1049795	85
1049796	84
1049808	85
1049816	85
1049818	87
1049819	85
1049820	86
1049824	84
1049826	86
1049827	86
1049828	85
1049856	84
1049857	86
1049858	86
1049859	86
1049860	85
1049872	86
1049880	84
1049882	86
1049883	86
1049884	85
1049888	85
1049890	87
1049891	85
1049892	86
1050112	83
1050113	85
1050114	85
1050115	83
1050116	84
1050120	85
1050128	85
1050130	87
1050131	85
1050132	86
1050136	83
1050138	83
1050139	85
1050140	82
1050144	84
1050146	86
1050147	84
1050148	85
1050240	83
1050241	85
1050242	85
1050243	85
1050244	84
1050304	83
1050305	85
1050306	85
1050307	85
1050308	84
1050320	85
1050328	85
1050330	85
1050331	85
1050332	84
1050336	84
1050338	86
1050339	86
1050340	85
1050368	84
1050369	84
1050370	84
1050371	84
1050372	83
1050384	84
1050392	84
1050394	84
1050395	84
1050396	83
1050400	85
1050402	85
1050403	85
1050404	84
1050624	82
1050625	84
1050626	84
1050627	84
1050628	83
1050632	84
1050640	84
1050642	86
1050643	84
1050644	85
1050648	84
1050650	84
1050651	84
1050652	83
1050656	83
1050658	85
1050659	85
1050660	84
1050752	84
1050753	86
1050754	86
1050755	86
1050756	85
1050816	84
1050817	86
1050818	86
1050819	84
1050820	85
1050832	86
1050840	84
1050842	86
1050843	86
1050844	85
1050848	85
1050850	85
1050851	85
1050852	86
1050880	83
1050881	85
1050882	85
1050883	85
1050884	84
1050896	85
1050904	85
1050906	85
1050907	85
1050908	84
1050912	84
1050914	86
1050915	86
1050916	85
1052672	83
1052673	85
1052674	85
1052675	85
1052676	84
1052680	85
1052688	85
1052690	87
1052691	85
1052692	86
1052696	85
1052698	85
1052699	85
1052700	84
1052704	84
1052706	86
1052707	86
1052708	85
1052736	85
1052737	87
1052738	87
1052739	87
1052740	86
1052800	85
1052801	87
1052802	87
1052803	87
1052804	86
1052816	87
1052824	87
1052826	87
1052827	87
1052828	86
1052832	86
1052834	88
1052835	86
1052836	87
1052864	85
1052865	87
1052866	87
1052867	85
1052868	86
1052880	87
1052888	85
1052890	87
1052891	87
1052892	86
1052896	86
1052898	86
1052899	86
1052900	87
1052928	84
1052929	86
1052930	86
1052931	86
1052932	85
1052944	86
1052952	86
1052954	86
1052955	86
1052956	85
1052960	85
1052962	87
1052963	87
1052964	86
1056768	83
1056769	85
1056770	85
1056771	85
1056772	84
1056776	85
1056784	85
1056786	87
1056787	85
1056788	86
1056792	85
1056794	85
1056795	85
1056796	84
1056800	84
1056802	86
1056803	86
1056804	85
1056832	85
1056833	87
1056834	87
1056835	87
1056836	86
1056896	85
1056897	87
1056898	87
1056899	87
1056900	86
1056912	87
1056920	87
1056922	87
1056923	87
1056924	86
1056928	86
1056930	88
1056931	86
1056932	87
1056960	85
1056961	87
1056962	87
1056963	85
1056964	86
1056976	87
1056984	85
1056986	87
1056987	87
1056988	86
1056992	86
1056994	86
1056995	86
1056996	87
1057024	84
1057025	86
1057026	86
1057027	86
1057028	85
1057040	86
1057048	86
1057050	86
1057051	86
1057052	85
1057056	85
1057058	87
1057059	87
1057060	86
1057792	85
1057793	87
1057794	87
1057795	87
1057796	86
1057800	87
1057808	87
1057810	89
1057811	87
1057812	88
1057816	87
1057818	87
1057819	87
1057820	86
1057824	86
1057826	88
1057827	86
1057828	87
1058304	85
1058305	87
1058306	87
1058307	85
1058308	86
1058312	87
1058320	87
1058322	89
1058323	87
1058324	88
1058328	85
1058330	85
1058331	87
1058332	84
1058336	86
1058338	88
1058339	86
1058340	87
1058432	85
1058433	87
1058434	87
1058435	87
1058436	86
1058496	85
1058497	87
1058498	87
1058499	87
1058500	86
1058512	87
1058520	87
1058522	87
1058523	87
1058524	86
1058528	86
1058530	88
1058531	86
1058532	87
1058560	86
1058561	86
1058562	86
1058563	86
1058564	85
1058576	86
1058584	86
1058586	86
1058587	86
1058588	85
1058592	87
1058594	87
1058595	87
1058596	86
1058816	84
1058817	86
1058818	86
1058819	86
1058820	85
1058824	86
1058832	86
1058834	88
1058835	86
1058836	87
1058840	86
1058842	86
1058843	86
1058844	85
1058848	85
1058850	87
1058851	85
1058852	86
1058944	86
1058945	88
1058946	88
1058947	88
1058948	87
1059008	84
1059009	86
1059010	86
1059011	84
1059012	85
1059024	86
1059032	86
1059034	88
1059035	86
1059036	87
1059040	85
1059042	87
1059043	85
1059044	86
1059072	85
1059073	87
1059074	87
1059075	87
1059076	86
1059088	87
1059096	87
1059098	87
1059099	87
1059100	86
1059104	86
1059106	88
1059107	86
1059108	87
1060864	83
1060865	85
1060866	85
1060867	85
1060868	84
1060872	85
1060880	85
1060882	85
1060883	85
1060884	86
1060888	85
1060890	85
1060891	85
1060892	84
1060896	84
1060898	86
1060899	84
1060900	85
1060928	85
1060929	87
1060930	87
1060931	87
1060932	86
1060992	85
1060993	87
1060994	87
1060995	85
1060996	86
1061008	87
1061016	87
1061018	87
1061019	87
1061020	86
1061024	86
1061026	88
1061027	86
1061028	87
1061056	83
1061057	85
1061058	85
1061059	83
1061060	84
1061072	85
1061080	85
1061082	87
1061083	85
1061084	86
1061088	84
1061090	84
1061091	84
1061092	85
1061120	84
1061121	86
1061122	86
1061123	86
1061124	85
1061136	86
1061144	86
1061146	86
1061147	86
1061148	85
1061152	85
1061154	87
1061155	85
1061156	86
1061888	85
1061889	87
1061890	87
1061891	85
1061892	86
1061896	87
1061904	87
1061906	87
1061907	87
1061908	88
1061912	87
1061914	87
1061915	87
1061916	86
1061920	86
1061922	86
1061923	86
1061924	87
1062400	83
1062401	85
1062402	85
1062403	85
1062404	84
1062408	85
1062416	85
1062418	87
1062419	85
1062420	86
1062424	85
1062426	85
1062427	85
1062428	84
1062432	84
1062434	86
1062435	86
1062436	85
1062528	85
1062529	87
1062530	87
1062531	87
1062532	86
1062592	85
1062593	87
1062594	87
1062595	85
1062596	86
1062608	87
1062616	85
1062618	87
1062619	87
1062620	86
1062624	86
1062626	86
1062627	86
1062628	87
1062656	84
1062657	86
1062658	86
1062659	86
1062660	85
1062672	86
1062680	86
1062682	86
1062683	86
1062684	85
1062688	85
1062690	87
1062691	87
1062692	86
1062912	84
1062913	86
1062914	86
1062915	84
1062916	85
1062920	86
1062928	86
1062930	86
1062931	86
1062932	87
1062936	86
1062938	86
1062939	86
1062940	85
1062944	85
1062946	85
1062947	85
1062948	86
1063040	84
1063041	86
1063042	86
1063043	86
1063044	85
1063104	84
1063105	86
1063106	86
1063107	84
1063108	85
1063120	86
1063128	86
1063130	86
1063131	86
1063132	87
1063136	85
1063138	85
1063139	85
1063140	86
1063168	85
1063169	87
1063170	87
1063171	85
1063172	86
1063184	87
1063192	85
1063194	87
1063195	87
1063196	86
1063200	86
1063202	86
1063203	86
1063204	87
1064960	82
1064961	84
1064962	84
1064963	84
1064964	83
1064968	84
1064976	84
1064978	86
1064979	84
1064980	85
1064984	84
1064986	84
1064987	84
1064988	83
1064992	83
1064994	85
1064995	85
1064996	84
1065024	84
1065025	86
1065026	86
1065027	86
1065028	85
1065088	84
1065089	86
1065090	86
1065091	86
1065092	85
1065104	86
1065112	86
1065114	86
1065115	86
1065116	85
1065120	85
1065122	87
1065123	85
1065124	86
1065152	84
1065153	86
1065154	86
1065155	84
1065156	85
1065168	86
1065176	84
1065178	86
1065179	86
1065180	85
1065184	85
1065186	85
1065187	85
1065188	86
1065216	83
1065217	85
1065218	85
1065219	85
1065220	84
1065232	85
1065240	85
1065242	85
1065243	85
1065244	84
1065248	84
1065250	86
1065251	86
1065252	85
1065984	84
1065985	86
1065986	86
1065987	86
1065988	85
1065992	86
1066000	86
1066002	88
1066003	86
1066004	87
1066008	86
1066010	86
1066011	86
1066012	85
1066016	85
1066018	87
1066019	85
1066020	86
1066496	84
1066497	86
1066498	86
1066499	84
1066500	85
1066504	86
1066512	86
1066514	88
1066515	86
1066516	87
1066520	84
1066522	84
1066523	86
1066524	83
1066528	85
1066530	87
1066531	85
1066532	86
1066624	84
1066625	86
1066626	86
1066627	86
1066628	85
1066688	84
1066689	86
1066690	86
1066691	86
1066692	85
1066704	86
1066712	86
1066714	86
1066715	86
1066716	85
1066720	85
1066722	87
1066723	87
1066724	86
1066752	85
1066753	85
1066754	85
1066755	85
1066756	84
1066768	85
1066776	85
1066778	85
1066779	85
1066780	84
1066784	86
1066786	86
1066787	86
1066788	85
1067008	83
1067009	85
1067010	85
1067011	85
1067012	84
1067016	85
1067024	85
1067026	87
1067027	85
1067028	86
1067032	85
1067034	85
1067035	85
1067036	84
1067040	84
1067042	86
1067043	86
1067044	85
1067136	85
1067137	87
1067138	87
1067139	87
1067140	86
1067200	85
1067201	87
1067202	87
1067203	85
1067204	86
1067216	87
1067224	85
1067226	87
1067227	87
1067228	86
1067232	86
1067234	86
1067235	86
1067236	87
1067264	84
1067265	86
1067266	86
1067267	86
1067268	85
1067280	86
1067288	86
1067290	86
1067291	86
1067292	85
1067296	85
1067298	87
1067299	87
1067300	86
1114112	83
1114113	85
1114114	85
1114115	85
1114116	84
1114120	85
1114128	85
1114130	87
1114131	85
1114132	86
1114136	85
1114138	85
1114139	85
1114140	84
1114144	84
1114146	86
1114147	86
1114148	85
1114176	85
1114177	87
1114178	87
1114179	87
1114180	86
1114240	85
1114241	87
1114242	87
1114243	87
1114244	86
1114256	87
1114264	87
1114266	87
1114267	87
1114268	86
1114272	86
1114274	88
1114275	86
1114276	87
1114304	85
1114305	87
1114306	87
1114307	85
1114308	86
1114320	87
1114328	85
1114330	87
1114331	87
1114332	86
1114336	86
1114338	86
1114339	86
1114340	87
1114368	84
1114369	86
1114370	86
1114371	86
1114372	85
1114384	86
1114392	86
1114394	86
1114395	86
1114396	85
1114400	85
1114402	87
1114403	87
1114404	86
1114624	85
1114625	87
1114626	87
1114627	87
1114628	86
1114632	87
1114640	87
1114642	89
1114643	87
1114644	88
1114648	87
1114650	87
1114651	87
1114652	86
1114656	86
1114658	88
1114659	86
1114660	87
1115136	85
1115137	87
1115138	87
1115139	87
1115140	86
1115144	87
1115152	87
1115154	89
1115155	87
1115156	88
1115160	87
1115162	87
1115163	87
1115164	86
1115168	86
1115170	88
1115171	86
1115172	87
1115264	87
1115265	89
1115266	89
1115267	89
1115268	88
1115328	85
1115329	87
1115330	87
1115331	87
1115332	86
1115344	87
1115352	87
1115354	89
1115355	87
1115356	88
1115360	86
1115362	88
1115363	88
1115364	87
1115392	86
1115393	88
1115394	88
1115395	88
1115396	87
1115408	88
1115416	86
1115418	88
1115419	88
1115420	87
1115424	87
1115426	89
1115427	87
1115428	88
1115648	85
1115649	87
1115650	87
1115651	85
1115652	86
1115656	87
1115664	87
1115666	89
1115667	87
1115668	88
1115672	85
1115674	85
1115675	87
1115676	84
1115680	86
1115682	88
1115683	86
1115684	87
1115776	85
1115777	87
1115778	87
1115779	87
1115780	86
1115840	85
1115841	87
1115842	87
1115843	87
1115844	86
1115856	87
1115864	87
1115866	87
1115867	87
1115868	86
1115872	86
1115874	88
1115875	86
1115876	87
1115904	86
1115905	86
1115906	86
1115907	86
1115908	85
1115920	86
1115928	86
1115930	86
1115931	86
1115932	85
1115936	87
1115938	87
1115939	87
1115940	86
1116160	84
1116161	86
1116162	86
1116163	86
1116164	85
1116168	86
1116176	86
1116178	88
1116179	86
1116180	87
1116184	86
1116186	86
1116187	86
1116188	85
1116192	85
1116194	87
1116195	85
1116196	86
1116288	86
1116289	88
1116290	88
1116291	88
1116292	87
1116352	84
1116353	86
1116354	86
1116355	86
1116356	85
1116368	86
1116376	86
1116378	88
1116379	86
1116380	87
1116384	85
1116386	87
1116387	87
1116388	86
1116416	85
1116417	87
1116418	87
1116419	87
1116420	86
1116432	87
1116440	87
1116442	87
1116443	87
1116444	86
1116448	86
1116450	88
1116451	86
1116452	87
1146880	83
1146881	85
1146882	85
1146883	85
1146884	84
1146888	85
1146896	85
1146898	87
1146899	85
1146900	86
1146904	85
1146906	85
1146907	85
1146908	84
1146912	84
1146914	86
1146915	84
1146916	85
1146944	85
1146945	87
1146946	87
1146947	87
1146948	86
1147008	85
1147009	87
1147010	87
1147011	85
1147012	86
1147024	87
1147032	85
1147034	87
1147035	87
1147036	86
1147040	86
1147042	88
1147043	86
1147044	87
1147072	83
1147073	85
1147074	85
1147075	85
1147076	84
1147088	85
1147096	85
1147098	87
1147099	85
1147100	86
1147104	84
1147106	86
1147107	86
1147108	85
1147136	84
1147137	86
1147138	86
1147139	86
1147140	85
1147152	86
1147160	84
1147162	86
1147163	86
1147164	85
1147168	85
1147170	87
1147171	85
1147172	86
1147392	85
1147393	87
1147394	87
1147395	87
1147396	86
1147400	87
1147408	87
1147410	89
1147411	87
1147412	88
1147416	87
1147418	87
1147419	87
1147420	86
1147424	86
1147426	88
1147427	86
1147428	87
1147904	85
1147905	87
1147906	87
1147907	85
1147908	86
1147912	87
1147920	87
1147922	89
1147923	87
1147924	88
1147928	85
1147930	85
1147931	87
1147932	84
1147936	86
1147938	88
1147939	86
1147940	87
1148032	87
1148033	89
1148034	89
1148035	89
1148036	88
1148096	85
1148097	87
1148098	87
1148099	85
1148100	86
1148112	87
1148120	87
1148122	89
1148123	87
1148124	88
1148128	86
1148130	88
1148131	86
1148132	87
1148160	86
1148161	88
1148162	88
1148163	88
1148164	87
1148176	88
1148184	86
1148186	88
1148187	88
1148188	87
1148192	87
1148194	89
1148195	87
1148196	88
1148416	83
1148417	85
1148418	85
1148419	83
1148420	84
1148424	85
1148432	85
1148434	87
1148435	85
1148436	86
1148440	83
1148442	83
1148443	85
1148444	82
1148448	84
1148450	86
1148451	84
1148452	85
1148544	85
1148545	85
1148546	85
1148547	85
1148548	84
1148608	85
1148609	87
1148610	87
1148611	87
1148612	86
1148624	87
1148632	85
1148634	87
1148635	87
1148636	86
1148640	86
1148642	88
1148643	86
1148644	87
1148672	84
1148673	84
1148674	84
1148675	84
1148676	83
1148688	84
1148696	84
1148698	84
1148699	84
1148700	83
1148704	85
1148706	85
1148707	85
1148708	84
1148928	84
1148929	86
1148930	86
1148931	86
1148932	85
1148936	86
1148944	86
1148946	88
1148947	86
1148948	87
1148952	86
1148954	86
1148955	86
1148956	85
1148960	85
1148962	87
1148963	85
1148964	86
1149056	86
1149057	88
1149058	88
1149059	88
1149060	87
1149120	84
1149121	86
1149122	86
1149123	86
1149124	85
1149136	86
1149144	86
1149146	88
1149147	86
1149148	87
1149152	85
1149154	87
1149155	87
1149156	86
1149184	85
1149185	87
1149186	87
1149187	87
1149188	86
1149200	87
1149208	85
1149210	87
1149211	87
1149212	86
1149216	86
1149218	88
1149219	86
1149220	87
1155072	83
1155073	85
1155074	85
1155075	85
1155076	84
1155080	85
1155088	85
1155090	87
1155091	85
1155092	86
1155096	85
1155098	85
1155099	85
1155100	84
1155104	84
1155106	86
1155107	86
1155108	85
1155136	85
1155137	87
1155138	87
1155139	87
1155140	86
1155200	85
1155201	87
1155202	87
1155203	87
1155204	86
1155216	87
1155224	87
1155226	87
1155227	87
1155228	86
1155232	86
1155234	88
1155235	88
1155236	87
1155264	85
1155265	87
1155266	87
1155267	85
1155268	86
1155280	87
1155288	85
1155290	87
1155291	87
1155292	86
1155296	86
1155298	86
1155299	86
1155300	87
1155328	84
1155329	86
1155330	86
1155331	86
1155332	85
1155344	86
1155352	86
1155354	86
1155355	86
1155356	85
1155360	85
1155362	87
1155363	87
1155364	86
1159168	83
1159169	85
1159170	85
1159171	85
1159172	84
1159176	85
1159184	85
1159186	87
1159187	85
1159188	86
1159192	85
1159194	85
1159195	85
1159196	84
1159200	84
1159202	86
1159203	86
1159204	85
1159232	85
1159233	87
1159234	87
1159235	87
1159236	86
1159296	85
1159297	87
1159298	87
1159299	87
1159300	86
1159312	87
1159320	87
1159322	87
1159323	87
1159324	86
1159328	86
1159330	88
1159331	86
1159332	87
1159360	85
1159361	87
1159362	87
1159363	85
1159364	86
1159376	87
1159384	85
1159386	87
1159387	87
1159388	86
1159392	86
1159394	86
1159395	86
1159396	87
1159424	84
1159425	86
1159426	86
1159427	86
1159428	85
1159440	86
1159448	86
1159450	86
1159451	86
1159452	85
1159456	85
1159458	87
1159459	87
1159460	86
1160192	85
1160193	87
1160194	87
1160195	87
1160196	86
1160200	87
1160208	87
1160210	89
1160211	87
1160212	88
1160216	87
1160218	87
1160219	87
1160220	86
1160224	86
1160226	88
1160227	86
1160228	87
1160704	85
1160705	87
1160706	87
1160707	85
1160708	86
1160712	87
1160720	87
1160722	89
1160723	87
1160724	88
1160728	85
1160730	85
1160731	87
1160732	84
1160736	86
1160738	88
1160739	86
1160740	87
1160832	85
1160833	87
1160834	87
1160835	87
1160836	86
1160896	85
1160897	87
1160898	87
1160899	87
1160900	86
1160912	87
1160920	87
1160922	87
1160923	87
1160924	86
1160928	86
1160930	88
1160931	88
1160932	87
1160960	86
1160961	86
1160962	86
1160963	86
1160964	85
1160976	86
1160984	86
1160986	86
1160987	86
1160988	85
1160992	87
1160994	87
1160995	87
1160996	86
1161216	84
1161217	86
1161218	86
1161219	86
1161220	85
1161224	86
1161232	86
1161234	88
1161235	86
1161236	87
1161240	86
1161242	86
1161243	86
1161244	85
1161248	85
1161250	87
1161251	87
1161252	86
1161344	86
1161345	88
1161346	88
1161347	88
1161348	87
1161408	86
1161409	88
1161410	88
1161411	86
1161412	87
1161424	88
1161432	86
1161434	88
1161435	88
1161436	87
1161440	87
1161442	87
1161443	87
1161444	88
1161472	85
1161473	87
1161474	87
1161475	87
1161476	86
1161488	87
1161496	87
1161498	87
1161499	87
1161500	86
1161504	86
1161506	88
1161507	88
1161508	87
1163264	84
1163265	86
1163266	86
1163267	84
1163268	85
1163272	86
1163280	86
1163282	88
1163283	86
1163284	87
1163288	84
1163290	84
1163291	86
1163292	83
1163296	85
1163298	87
1163299	85
1163300	86
1163328	86
1163329	86
1163330	86
1163331	86
1163332	85
1163392	86
1163393	86
1163394	86
1163395	86
1163396	85
1163408	86
1163416	86
1163418	86
1163419	86
1163420	85
1163424	85
1163426	87
1163427	87
1163428	86
1163456	84
1163457	86
1163458	86
1163459	86
1163460	85
1163472	86
1163480	86
1163482	86
1163483	86
1163484	85
1163488	85
1163490	87
1163491	87
1163492	86
1163520	85
1163521	85
1163522	85
1163523	85
1163524	84
1163536	85
1163544	85
1163546	85
1163547	85
1163548	84
1163552	86
1163554	86
1163555	86
1163556	85
1164288	84
1164289	86
1164290	86
1164291	86
1164292	85
1164296	86
1164304	86
1164306	88
1164307	86
1164308	87
1164312	86
1164314	86
1164315	86
1164316	85
1164320	85
1164322	87
1164323	85
1164324	86
1164800	84
1164801	86
1164802	86
1164803	84
1164804	85
1164808	86
1164816	86
1164818	88
1164819	86
1164820	87
1164824	84
1164826	84
1164827	86
1164828	83
1164832	85
1164834	87
1164835	85
1164836	86
1164928	86
1164929	86
1164930	86
1164931	86
1164932	85
1164992	86
1164993	86
1164994	86
1164995	86
1164996	85
1165008	86
1165016	86
1165018	86
1165019	86
1165020	85
1165024	87
1165026	87
1165027	87
1165028	86
1165056	85
1165057	85
1165058	85
1165059	85
1165060	84
1165072	85
1165080	85
1165082	85
1165083	85
1165084	84
1165088	86
1165090	86
1165091	86
1165092	85
1165312	85
1165313	87
1165314	87
1165315	85
1165316	86
1165320	87
1165328	87
1165330	89
1165331	87
1165332	88
1165336	85
1165338	85
1165339	87
1165340	84
1165344	86
1165346	88
1165347	86
1165348	87
1165440	85
1165441	87
1165442	87
1165443	87
1165444	86
1165504	85
1165505	87
1165506	87
1165507	87
1165508	86
1165520	87
1165528	87
1165530	87
1165531	87
1165532	86
1165536	86
1165538	88
1165539	88
1165540	87
1165568	86
1165569	86
1165570	86
1165571	86
1165572	85
1165584	86
1165592	86
1165594	86
1165595	86
1165596	85
1165600	87
1165602	87
1165603	87
1165604	86
1179648	82
1179649	84
1179650	84
1179651	84
1179652	83
1179656	84
1179664	84
1179666	86
1179667	84
1179668	85
1179672	84
1179674	84
1179675	84
1179676	83
1179680	83
1179682	85
1179683	85
1179684	84
1179712	84
1179713	86
1179714	86
1179715	86
1179716	85
1179776	84
1179777	86
1179778	86
1179779	86
1179780	85
1179792	86
1179800	86
1179802	86
1179803	86
1179804	85
1179808	85
1179810	87
1179811	85
1179812	86
1179840	84
1179841	86
1179842	86
1179843	84
1179844	85
1179856	86
1179864	84
1179866	86
1179867	86
1179868	85
1179872	85
1179874	85
1179875	85
1179876	86
1179904	83
1179905	85
1179906	85
1179907	85
1179908	84
1179920	85
1179928	85
1179930	85
1179931	85
1179932	84
1179936	84
1179938	86
1179939	86
1179940	85
1180160	84
1180161	86
1180162	86
1180163	86
1180164	85
1180168	86
1180176	86
1180178	88
1180179	86
1180180	87
1180184	86
1180186	86
1180187	86
1180188	85
1180192	85
1180194	87
1180195	87
1180196	86
1180672	84
1180673	86
1180674	86
1180675	86
1180676	85
1180680	86
1180688	86
1180690	88
1180691	86
1180692	87
1180696	86
1180698	86
1180699	86
1180700	85
1180704	85
1180706	87
1180707	87
1180708	86
1180800	86
1180801	88
1180802	88
1180803	88
1180804	87
1180864	84
1180865	86
1180866	86
1180867	86
1180868	85
1180880	86
1180888	86
1180890	88
1180891	86
1180892	87
1180896	85
1180898	87
1180899	87
1180900	86
1180928	85
1180929	87
1180930	87
1180931	87
1180932	86
1180944	87
1180952	85
1180954	87
1180955	87
1180956	86
1180960	86
1180962	88
1180963	86
1180964	87
1181184	84
1181185	86
1181186	86
1181187	84
1181188	85
1181192	86
1181200	86
1181202	88
1181203	86
1181204	87
1181208	84
1181210	84
1181211	86
1181212	83
1181216	85
1181218	87
1181219	85
1181220	86
1181312	84
1181313	86
1181314	86
1181315	86
1181316	85
1181376	84
1181377	86
1181378	86
1181379	86
1181380	85
1181392	86
1181400	86
1181402	86
1181403	86
1181404	85
1181408	85
1181410	87
1181411	87
1181412	86
1181440	85
1181441	85
1181442	85
1181443	85
1181444	84
1181456	85
1181464	85
1181466	85
1181467	85
1181468	84
1181472	86
1181474	86
1181475	86
1181476	85
1181696	83
1181697	85
1181698	85
1181699	85
1181700	84
1181704	85
1181712	85
1181714	87
1181715	85
1181716	86
1181720	85
1181722	85
1181723	85
1181724	84
1181728	84
1181730	86
1181731	86
1181732	85
1181824	85
1181825	87
1181826	87
1181827	87
1181828	86
1181888	85
1181889	87
1181890	87
1181891	85
1181892	86
1181904	87
1181912	85
1181914	87
1181915	87
1181916	86
1181920	86
1181922	86
1181923	86
1181924	87
1181952	84
1181953	86
1181954	86
1181955	86
1181956	85
1181968	86
1181976	86
1181978	86
1181979	86
1181980	85
1181984	85
1181986	87
1181987	87
1181988	86
1187840	84
1187841	86
1187842	86
1187843	86
1187844	85
1187848	86
1187856	86
1187858	88
1187859	86
1187860	87
1187864	86
1187866	86
1187867	86
1187868	85
1187872	85
1187874	87
1187875	87
1187876	86
1187904	86
1187905	88
1187906	88
1187907	88
1187908	87
1187968	86
1187969	88
1187970	88
1187971	88
1187972	87
1187984	88
1187992	88
1187994	88
1187995	88
1187996	87
1188000	87
1188002	89
1188003	87
1188004	88
1188032	86
1188033	88
1188034	88
1188035	86
1188036	87
1188048	88
1188056	86
1188058	88
1188059	88
1188060	87
1188064	87
1188066	87
1188067	87
1188068	88
1188096	85
1188097	87
1188098	87
1188099	87
1188100	86
1188112	87
1188120	87
1188122	87
1188123	87
1188124	86
1188128	86
1188130	88
1188131	88
1188132	87
1191936	84
1191937	86
1191938	86
1191939	86
1191940	85
1191944	86
1191952	86
1191954	86
1191955	86
1191956	87
1191960	86
1191962	86
1191963	86
1191964	85
1191968	85
1191970	87
1191971	85
1191972	86
1192000	86
1192001	88
1192002	88
1192003	88
1192004	87
1192064	86
1192065	88
1192066	88
1192067	86
1192068	87
1192080	88
1192088	88
1192090	88
1192091	88
1192092	87
1192096	87
1192098	89
1192099	87
1192100	88
1192128	84
1192129	86
1192130	86
1192131	84
1192132	85
1192144	86
1192152	86
1192154	88
1192155	86
1192156	87
1192160	85
1192162	85
1192163	85
1192164	86
1192192	85
1192193	87
1192194	87
1192195	87
1192196	86
1192208	87
1192216	87
1192218	87
1192219	87
1192220	86
1192224	86
1192226	88
1192227	86
1192228	87
1192960	86
1192961	88
1192962	88
1192963	86
1192964	87
1192968	88
1192976	88
1192978	88
1192979	88
1192980	89
1192984	88
1192986	88
1192987	88
1192988	87
1192992	87
1192994	87
1192995	87
1192996	88
1193472	84
1193473	86
1193474	86
1193475	86
1193476	85
1193480	86
1193488	86
1193490	88
1193491	86
1193492	87
1193496	86
1193498	86
1193499	86
1193500	85
1193504	85
1193506	87
1193507	87
1193508	86
1193600	86
1193601	88
1193602	88
1193603	88
1193604	87
1193664	86
1193665	88
1193666	88
1193667	86
1193668	87
1193680	88
1193688	86
1193690	88
1193691	88
1193692	87
1193696	87
1193698	87
1193699	87
1193700	88
1193728	85
1193729	87
1193730	87
1193731	87
1193732	86
1193744	87
1193752	87
1193754	87
1193755	87
1193756	86
1193760	86
1193762	88
1193763	88
1193764	87
1193984	85
1193985	87
1193986	87
1193987	85
1193988	86
1193992	87
1194000	87
1194002	87
1194003	87
1194004	88
1194008	87
1194010	87
1194011	87
1194012	86
1194016	86
1194018	86
1194019	86
1194020	87
1194112	85
1194113	87
1194114	87
1194115	87
1194116	86
1194176	85
1194177	87
1194178	87
1194179	85
1194180	86
1194192	87
1194200	87
1194202	87
1194203	87
1194204	88
1194208	86
1194210	86
1194211	86
1194212	87
1194240	86
1194241	88
1194242	88
1194243	86
1194244	87
1194256	88
1194264	86
1194266	88
1194267	88
1194268	87
1194272	87
1194274	87
1194275	87
1194276	88
1196032	83
1196033	85
1196034	85
1196035	85
1196036	84
1196040	85
1196048	85
1196050	87
1196051	85
1196052	86
1196056	85
1196058	85
1196059	85
1196060	84
1196064	84
1196066	86
1196067	86
1196068	85
1196096	85
1196097	87
1196098	87
1196099	87
1196100	86
1196160	85
1196161	87
1196162	87
1196163	87
1196164	86
1196176	87
1196184	87
1196186	87
1196187	87
1196188	86
1196192	86
1196194	88
1196195	86
1196196	87
1196224	85
1196225	87
1196226	87
1196227	85
1196228	86
1196240	87
1196248	85
1196250	87
1196251	87
1196252	86
1196256	86
1196258	86
1196259	86
1196260	87
1196288	84
1196289	86
1196290	86
1196291	86
1196292	85
1196304	86
1196312	86
1196314	86
1196315	86
1196316	85
1196320	85
1196322	87
1196323	87
1196324	86
1197056	85
1197057	87
1197058	87
1197059	87
1197060	86
1197064	87
1197072	87
1197074	89
1197075	87
1197076	88
1197080	87
1197082	87
1197083	87
1197084	86
1197088	86
1197090	88
1197091	86
1197092	87
1197568	85
1197569	87
1197570	87
1197571	85
1197572	86
1197576	87
1197584	87
1197586	89
1197587	87
1197588	88
1197592	85
1197594	85
1197595	87
1197596	84
1197600	86
1197602	88
1197603	86
1197604	87
1197696	85
1197697	87
1197698	87
1197699	87
1197700	86
1197760	85
1197761	87
1197762	87
1197763	87
1197764	86
1197776	87
1197784	87
1197786	87
1197787	87
1197788	86
1197792	86
1197794	88
1197795	88
1197796	87
1197824	86
1197825	86
1197826	86
1197827	86
1197828	85
1197840	86
1197848	86
1197850	86
1197851	86
1197852	85
1197856	87
1197858	87
1197859	87
1197860	86
1198080	84
1198081	86
1198082	86
1198083	86
1198084	85
1198088	86
1198096	86
1198098	88
1198099	86
1198100	87
1198104	86
1198106	86
1198107	86
1198108	85
1198112	85
1198114	87
1198115	87
1198116	86
1198208	86
1198209	88
1198210	88
1198211	88
1198212	87
1198272	86
1198273	88
1198274	88
1198275	86
1198276	87
1198288	88
1198296	86
1198298	88
1198299	88
1198300	87
1198304	87
1198306	87
1198307	87
1198308	88
1198336	85
1198337	87
1198338	87
1198339	87
1198340	86
1198352	87
1198360	87
1198362	87
1198363	87
1198364	86
1198368	86
1198370	88
1198371	88
1198372	87
2097152	82
2097153	84
2097154	84
2097155	84
2097156	83
2097160	84
2097168	84
2097170	86
2097171	84
2097172	85
2097176	84
2097178	84
2097179	84
2097180	83
2097184	83
2097186	85
2097187	85
2097188	84
2097216	84
2097217	86
2097218	86
2097219	86
2097220	85
2097280	84
2097281	86
2097282	86
2097283	86
2097284	85
2097296	86
2097304	86
2097306	86
2097307	86
2097308	85
2097312	85
2097314	87
2097315	85
2097316	86
2097344	84
2097345	86
2097346	86
2097347	84
2097348	85
2097360	86
2097368	84
2097370	86
2097371	86
2097372	85
2097376	85
2097378	85
2097379	85
2097380	86
2097408	83
2097409	85
2097410	85
2097411	85
2097412	84
2097424	85
2097432	85
2097434	85
2097435	85
2097436	84
2097440	84
2097442	86
2097443	86
2097444	85
2097664	84
2097665	86
2097666	86
2097667	86
2097668	85
2097672	86
2097680	86
2097682	88
2097683	86
2097684	87
2097688	86
2097690	86
2097691	86
2097692	85
2097696	85
2097698	87
2097699	87
2097700	86
2098176	84
2098177	86
2098178	86
2098179	86
2098180	85
2098184	86
2098192	86
2098194	88
2098195	86
2098196	87
2098200	86
2098202	86
2098203	86
2098204	85
2098208	85
2098210	87
2098211	87
2098212	86
2098304	86
2098305	88
2098306	88
2098307	88
2098308	87
2098368	84
2098369	86
2098370	86
2098371	86
2098372	85
2098384	86
2098392	86
2098394	88
2098395	86
2098396	87
2098400	85
2098402	87
2098403	87
2098404	86
2098432	85
2098433	87
2098434	87
2098435	87
2098436	86
2098448	87
2098456	85
2098458	87
2098459	87
2098460	86
2098464	86
2098466	88
2098467	86
2098468	87
2098688	84
2098689	86
2098690	86
2098691	84
2098692	85
2098696	86
2098704	86
2098706	88
2098707	86
2098708	87
2098712	84
2098714	84
2098715	86
2098716	83
2098720	85
2098722	87
2098723	85
2098724	86
2098816	84
2098817	86
2098818	86
2098819	86
2098820	85
2098880	84
2098881	86
2098882	86
2098883	86
2098884	85
2098896	86
2098904	86
2098906	86
2098907	86
2098908	85
2098912	85
2098914	87
2098915	87
2098916	86
2098944	85
2098945	85
2098946	85
2098947	85
2098948	84
2098960	85
2098968	85
2098970	85
2098971	85
2098972	84
2098976	86
2098978	86
2098979	86
2098980	85
2099200	83
2099201	85
2099202	85
2099203	85
2099204	84
2099208	85
2099216	85
2099218	87
2099219	85
2099220	86
2099224	85
2099226	85
2099227	85
2099228	84
2099232	84
2099234	86
2099235	86
2099236	85
2099328	85
2099329	87
2099330	87
2099331	87
2099332	86
2099392	85
2099393	87
2099394	87
2099395	85
2099396	86
2099408	87
2099416	85
2099418	87
2099419	87
2099420	86
2099424	86
2099426	86
2099427	86
2099428	87
2099456	84
2099457	86
2099458	86
2099459	86
2099460	85
2099472	86
2099480	86
2099482	86
2099483	86
2099484	85
2099488	85
2099490	87
2099491	87
2099492	86
2101248	84
2101249	86
2101250	86
2101251	86
2101252	85
2101256	86
2101264	86
2101266	88
2101267	86
2101268	87
2101272	86
2101274	86
2101275	86
2101276	85
2101280	85
2101282	87
2101283	87
2101284	86
2101312	86
2101313	88
2101314	88
2101315	88
2101316	87
2101376	86
2101377	88
2101378	88
2101379	88
2101380	87
2101392	88
2101400	88
2101402	88
2101403	88
2101404	87
2101408	87
2101410	89
2101411	87
2101412	88
2101440	86
2101441	88
2101442	88
2101443	86
2101444	87
2101456	88
2101464	86
2101466	88
2101467	88
2101468	87
2101472	87
2101474	87
2101475	87
2101476	88
2101504	85
2101505	87
2101506	87
2101507	87
2101508	86
2101520	87
2101528	87
2101530	87
2101531	87
2101532	86
2101536	86
2101538	88
2101539	88
2101540	87
2105344	84
2105345	86
2105346	86
2105347	86
2105348	85
2105352	86
2105360	86
2105362	88
2105363	86
2105364	87
2105368	86
2105370	86
2105371	86
2105372	85
2105376	85
2105378	87
2105379	87
2105380	86
2105408	86
2105409	88
2105410	88
2105411	88
2105412	87
2105472	86
2105473	88
2105474	88
2105475	88
2105476	87
2105488	88
2105496	88
2105498	88
2105499	88
2105500	87
2105504	87
2105506	89
2105507	87
2105508	88
2105536	86
2105537	88
2105538	88
2105539	86
2105540	87
2105552	88
2105560	86
2105562	88
2105563	88
2105564	87
2105568	87
2105570	87
2105571	87
2105572	88
2105600	85
2105601	87
2105602	87
2105603	87
2105604	86
2105616	87
2105624	87
2105626	87
2105627	87
2105628	86
2105632	86
2105634	88
2105635	88
2105636	87
2106368	86
2106369	88
2106370	88
2106371	86
2106372	87
2106376	88
2106384	88
2106386	90
2106387	88
2106388	89
2106392	88
2106394	88
2106395	88
2106396	87
2106400	87
2106402	89
2106403	87
2106404	88
2106880	86
2106881	88
2106882	88
2106883	86
2106884	87
2106888	88
2106896	88
2106898	90
2106899	88
2106900	89
2106904	86
2106906	86
2106907	88
2106908	85
2106912	87
2106914	89
2106915	87
2106916	88
2107008	86
2107009	88
2107010	88
2107011	88
2107012	87
2107072	86
2107073	88
2107074	88
2107075	88
2107076	87
2107088	88
2107096	88
2107098	88
2107099	88
2107100	87
2107104	87
2107106	89
2107107	87
2107108	88
2107136	87
2107137	87
2107138	87
2107139	87
2107140	86
2107152	87
2107160	87
2107162	87
2107163	87
2107164	86
2107168	88
2107170	88
2107171	88
2107172	87
2107392	85
2107393	87
2107394	87
2107395	87
2107396	86
2107400	87
2107408	87
2107410	89
2107411	87
2107412	88
2107416	87
2107418	87
2107419	87
2107420	86
2107424	86
2107426	88
2107427	86
2107428	87
2107520	87
2107521	89
2107522	89
2107523	89
2107524	88
2107584	85
2107585	87
2107586	87
2107587	85
2107588	86
2107600	87
2107608	87
2107610	89
2107611	87
2107612	88
2107616	86
2107618	88
2107619	86
2107620	87
2107648	86
2107649	88
2107650	88
2107651	88
2107652	87
2107664	88
2107672	88
2107674	88
2107675	88
2107676	87
2107680	87
2107682	89
2107683	87
2107684	88
2109440	84
2109441	86
2109442	86
2109443	86
2109444	85
2109448	86
2109456	86
2109458	86
2109459	86
2109460	87
2109464	86
2109466	86
2109467	86
2109468	85
2109472	85
2109474	87
2109475	85
2109476	86
2109504	86
2109505	88
2109506	88
2109507	88
2109508	87
2109568	86
2109569	88
2109570	88
2109571	86
2109572	87
2109584	88
2109592	86
2109594	88
2109595	88
2109596	87
2109600	87
2109602	89
2109603	87
2109604	88
2109632	84
2109633	86
2109634	86
2109635	84
2109636	85
2109648	86
2109656	86
2109658	88
2109659	86
2109660	87
2109664	85
2109666	85
2109667	85
2109668	86
2109696	85
2109697	87
2109698	87
2109699	87
2109700	86
2109712	87
2109720	85
2109722	87
2109723	87
2109724	86
2109728	86
2109730	88
2109731	86
2109732	87
2110464	86
2110465	88
2110466	88
2110467	86
2110468	87
2110472	88
2110480	88
2110482	88
2110483	88
2110484	89
2110488	88
2110490	88
2110491	88
2110492	87
2110496	87
2110498	87
2110499	87
2110500	88
2110976	84
2110977	86
2110978	86
2110979	86
2110980	85
2110984	86
2110992	86
2110994	88
2110995	86
2110996	87
2111000	86
2111002	86
2111003	86
2111004	85
2111008	85
2111010	87
2111011	87
2111012	86
2111104	86
2111105	88
2111106	88
2111107	88
2111108	87
2111168	86
2111169	88
2111170	88
2111171	86
2111172	87
2111184	88
2111192	86
2111194	88
2111195	88
2111196	87
2111200	87
2111202	87
2111203	87
2111204	88
2111232	85
2111233	87
2111234	87
2111235	87
2111236	86
2111248	87
2111256	87
2111258	87
2111259	87
2111260	86
2111264	86
2111266	88
2111267	88
2111268	87
2111488	85
2111489	87
2111490	87
2111491	85
2111492	86
2111496	87
2111504	87
2111506	87
2111507	87
2111508	88
2111512	87
2111514	87
2111515	87
2111516	86
2111520	86
2111522	86
2111523	86
2111524	87
2111616	85
2111617	87
2111618	87
2111619	87
2111620	86
2111680	85
2111681	87
2111682	87
2111683	85
2111684	86
2111696	87
2111704	87
2111706	87
2111707	87
2111708	88
2111712	86
2111714	86
2111715	86
2111716	87
2111744	86
2111745	88
2111746	88
2111747	86
2111748	87
2111760	88
2111768	86
2111770	88
2111771	88
2111772	87
2111776	87
2111778	87
2111779	87
2111780	88
2113536	83
2113537	85
2113538	85
2113539	85
2113540	84
2113544	85
2113552	85
2113554	87
2113555	85
2113556	86
2113560	85
2113562	85
2113563	85
2113564	84
2113568	84
2113570	86
2113571	86
2113572	85
2113600	85
2113601	87
2113602	87
2113603	87
2113604	86
2113664	85
2113665	87
2113666	87
2113667	87
2113668	86
2113680	87
2113688	87
2113690	87
2113691	87
2113692	86
2113696	86
2113698	88
2113699	86
2113700	87
2113728	85
2113729	87
2113730	87
2113731	85
2113732	86
2113744	87
2113752	85
2113754	87
2113755	87
2113756	86
2113760	86
2113762	86
2113763	86
2113764	87
2113792	84
2113793	86
2113794	86
2113795	86
2113796	85
2113808	86
2113816	86
2113818	86
2113819	86
2113820	85
2113824	85
2113826	87
2113827	87
2113828	86
2114560	85
2114561	87
2114562	87
2114563	87
2114564	86
2114568	87
2114576	87
2114578	89
2114579	87
2114580	88
2114584	87
2114586	87
2114587	87
2114588	86
2114592	86
2114594	88
2114595	86
2114596	87
2115072	85
2115073	87
2115074	87
2115075	85
2115076	86
2115080	87
2115088	87
2115090	89
2115091	87
2115092	88
2115096	85
2115098	85
2115099	87
2115100	84
2115104	86
2115106	88
2115107	86
2115108	87
2115200	85
2115201	87
2115202	87
2115203	87
2115204	86
2115264	85
2115265	87
2115266	87
2115267	87
2115268	86
2115280	87
2115288	87
2115290	87
2115291	87
2115292	86
2115296	86
2115298	88
2115299	88
2115300	87
2115328	86
2115329	86
2115330	86
2115331	86
2115332	85
2115344	86
2115352	86
2115354	86
2115355	86
2115356	85
2115360	87
2115362	87
2115363	87
2115364	86
2115584	84
2115585	86
2115586	86
2115587	86
2115588	85
2115592	86
2115600	86
2115602	88
2115603	86
2115604	87
2115608	86
2115610	86
2115611	86
2115612	85
2115616	85
2115618	87
2115619	87
2115620	86
2115712	86
2115713	88
2115714	88
2115715	88
2115716	87
2115776	86
2115777	88
2115778	88
2115779	86
2115780	87
2115792	88
2115800	86
2115802	88
2115803	88
2115804	87
2115808	87
2115810	87
2115811	87
2115812	88
2115840	85
2115841	87
2115842	87
2115843	87
2115844	86
2115856	87
2115864	87
2115866	87
2115867	87
2115868	86
2115872	86
2115874	88
2115875	88
2115876	87
2129920	84
2129921	86
2129922	86
2129923	86
2129924	85
2129928	86
2129936	86
2129938	88
2129939	86
2129940	87
2129944	86
2129946	86
2129947	86
2129948	85
2129952	85
2129954	87
2129955	87
2129956	86
2129984	86
2129985	88
2129986	88
2129987	88
2129988	87
2130048	86
2130049	88
2130050	88
2130051	88
2130052	87
2130064	88
2130072	88
2130074	88
2130075	88
2130076	87
2130080	87
2130082	89
2130083	87
2130084	88
2130112	86
2130113	88
2130114	88
2130115	86
2130116	87
2130128	88
2130136	86
2130138	88
2130139	88
2130140	87
2130144	87
2130146	87
2130147	87
2130148	88
2130176	85
2130177	87
2130178	87
2130179	87
2130180	86
2130192	87
2130200	87
2130202	87
2130203	87
2130204	86
2130208	86
2130210	88
2130211	88
2130212	87
2130432	86
2130433	88
2130434	88
2130435	88
2130436	87
2130440	88
2130448	88
2130450	90
2130451	88
2130452	89
2130456	88
2130458	88
2130459	88
2130460	87
2130464	87
2130466	89
2130467	87
2130468	88
2130944	86
2130945	88
2130946	88
2130947	88
2130948	87
2130952	88
2130960	88
2130962	90
2130963	88
2130964	89
2130968	88
2130970	88
2130971	88
2130972	87
2130976	87
2130978	89
2130979	87
2130980	88
2131072	88
2131073	90
2131074	90
2131075	90
2131076	89
2131136	86
2131137	88
2131138	88
2131139	86
2131140	87
2131152	88
2131160	88
2131162	90
2131163	88
2131164	89
2131168	87
2131170	89
2131171	87
2131172	88
2131200	87
2131201	89
2131202	89
2131203	89
2131204	88
2131216	89
2131224	87
2131226	89
2131227	89
2131228	88
2131232	88
2131234	90
2131235	88
2131236	89
2131456	86
2131457	88
2131458	88
2131459	86
2131460	87
2131464	88
2131472	88
2131474	90
2131475	88
2131476	89
2131480	86
2131482	86
2131483	88
2131484	85
2131488	87
2131490	89
2131491	87
2131492	88
2131584	86
2131585	88
2131586	88
2131587	88
2131588	87
2131648	86
2131649	88
2131650	88
2131651	88
2131652	87
2131664	88
2131672	88
2131674	88
2131675	88
2131676	87
2131680	87
2131682	89
2131683	87
2131684	88
2131712	87
2131713	87
2131714	87
2131715	87
2131716	86
2131728	87
2131736	87
2131738	87
2131739	87
2131740	86
2131744	88
2131746	88
2131747	88
2131748	87
2131968	85
2131969	87
2131970	87
2131971	87
2131972	86
2131976	87
2131984	87
2131986	89
2131987	87
2131988	88
2131992	87
2131994	87
2131995	87
2131996	86
2132000	86
2132002	88
2132003	86
2132004	87
2132096	87
2132097	89
2132098	89
2132099	89
2132100	88
2132160	85
2132161	87
2132162	87
2132163	85
2132164	86
2132176	87
2132184	87
2132186	89
2132187	87
2132188	88
2132192	86
2132194	88
2132195	86
2132196	87
2132224	86
2132225	88
2132226	88
2132227	88
2132228	87
2132240	88
2132248	88
2132250	88
2132251	88
2132252	87
2132256	87
2132258	89
2132259	87
2132260	88
2162688	84
2162689	86
2162690	86
2162691	86
2162692	85
2162696	86
2162704	86
2162706	88
2162707	86
2162708	87
2162712	86
2162714	86
2162715	86
2162716	85
2162720	85
2162722	87
2162723	87
2162724	86
2162752	86
2162753	88
2162754	88
2162755	88
2162756	87
2162816	86
2162817	88
2162818	88
2162819	88
2162820	87
2162832	88
2162840	88
2162842	88
2162843	88
2162844	87
2162848	87
2162850	89
2162851	87
2162852	88
2162880	86
2162881	88
2162882	88
2162883	86
2162884	87
2162896	88
2162904	86
2162906	88
2162907	88
2162908	87
2162912	87
2162914	87
2162915	87
2162916	88
2162944	85
2162945	87
2162946	87
2162947	87
2162948	86
2162960	87
2162968	87
2162970	87
2162971	87
2162972	86
2162976	86
2162978	88
2162979	88
2162980	87
2163200	86
2163201	88
2163202	88
2163203	88
2163204	87
2163208	88
2163216	88
2163218	90
2163219	88
2163220	89
2163224	88
2163226	88
2163227	88
2163228	87
2163232	87
2163234	89
2163235	87
2163236	88
2163712	86
2163713	88
2163714	88
2163715	88
2163716	87
2163720	88
2163728	88
2163730	90
2163731	88
2163732	89
2163736	88
2163738	88
2163739	88
2163740	87
2163744	87
2163746	89
2163747	87
2163748	88
2163840	88
2163841	90
2163842	90
2163843	90
2163844	89
2163904	86
2163905	88
2163906	88
2163907	86
2163908	87
2163920	88
2163928	88
2163930	90
2163931	88
2163932	89
2163936	87
2163938	89
2163939	87
2163940	88
2163968	87
2163969	89
2163970	89
2163971	89
2163972	88
2163984	89
2163992	87
2163994	89
2163995	89
2163996	88
2164000	88
2164002	90
2164003	88
2164004	89
2164224	86
2164225	88
2164226	88
2164227	86
2164228	87
2164232	88
2164240	88
2164242	90
2164243	88
2164244	89
2164248	86
2164250	86
2164251	88
2164252	85
2164256	87
2164258	89
2164259	87
2164260	88
2164352	86
2164353	88
2164354	88
2164355	88
2164356	87
2164416	86
2164417	88
2164418	88
2164419	88
2164420	87
2164432	88
2164440	88
2164442	88
2164443	88
2164444	87
2164448	87
2164450	89
2164451	87
2164452	88
2164480	87
2164481	87
2164482	87
2164483	87
2164484	86
2164496	87
2164504	87
2164506	87
2164507	87
2164508	86
2164512	88
2164514	88
2164515	88
2164516	87
2164736	85
2164737	87
2164738	87
2164739	87
2164740	86
2164744	87
2164752	87
2164754	89
2164755	87
2164756	88
2164760	87
2164762	87
2164763	87
2164764	86
2164768	86
2164770	88
2164771	86
2164772	87
2164864	87
2164865	89
2164866	89
2164867	89
2164868	88
2164928	85
2164929	87
2164930	87
2164931	85
2164932	86
2164944	87
2164952	87
2164954	89
2164955	87
2164956	88
2164960	86
2164962	88
2164963	86
2164964	87
2164992	86
2164993	88
2164994	88
2164995	88
2164996	87
2165008	88
2165016	88
2165018	88
2165019	88
2165020	87
2165024	87
2165026	89
2165027	87
2165028	88
2170880	86
2170881	88
2170882	88
2170883	88
2170884	87
2170888	88
2170896	88
2170898	90
2170899	88
2170900	89
2170904	86
2170906	88
2170907	88
2170908	87
2170912	87
2170914	89
2170915	89
2170916	88
2170944	88
2170945	90
2170946	90
2170947	90
2170948	89
2171008	88
2171009	90
2171010	90
2171011	90
2171012	89
2171024	90
2171032	88
2171034	90
2171035	90
2171036	89
2171040	89
2171042	91
2171043	89
2171044	90
2171072	88
2171073	90
2171074	90
2171075	88
2171076	89
2171088	90
2171096	88
2171098	90
2171099	90
2171100	89
2171104	89
2171106	89
2171107	89
2171108	90
2171136	87
2171137	89
2171138	89
2171139	89
2171140	88
2171152	89
2171160	87
2171162	89
2171163	89
2171164	88
2171168	88
2171170	90
2171171	90
2171172	89
2174976	84
2174977	86
2174978	86
2174979	86
2174980	85
2174984	86
2174992	86
2174994	88
2174995	86
2174996	87
2175000	86
2175002	88
2175003	86
2175004	87
2175008	85
2175010	87
2175011	85
2175012	86
2175040	86
2175041	88
2175042	88
2175043	88
2175044	87
2175104	86
2175105	88
2175106	88
2175107	86
2175108	87
2175120	88
2175128	88
2175130	88
2175131	88
2175132	87
2175136	87
2175138	89
2175139	87
2175140	88
2175168	84
2175169	86
2175170	86
2175171	84
2175172	85
2175184	86
2175192	86
2175194	88
2175195	86
2175196	87
2175200	85
2175202	87
2175203	85
2175204	86
2175232	85
2175233	87
2175234	87
2175235	87
2175236	86
2175248	87
2175256	87
2175258	89
2175259	87
2175260	88
2175264	86
2175266	88
2175267	86
2175268	87
2176000	86
2176001	88
2176002	88
2176003	88
2176004	87
2176008	88
2176016	88
2176018	90
2176019	88
2176020	89
2176024	88
2176026	88
2176027	88
2176028	87
2176032	87
2176034	89
2176035	87
2176036	88
2176512	86
2176513	88
2176514	88
2176515	88
2176516	87
2176520	88
2176528	88
2176530	90
2176531	88
2176532	89
2176536	88
2176538	88
2176539	88
2176540	87
2176544	87
2176546	89
2176547	87
2176548	88
2176640	88
2176641	90
2176642	90
2176643	90
2176644	89
2176704	86
2176705	88
2176706	88
2176707	88
2176708	87
2176720	88
2176728	88
2176730	90
2176731	88
2176732	89
2176736	87
2176738	89
2176739	87
2176740	88
2176768	87
2176769	89
2176770	89
2176771	89
2176772	88
2176784	89
2176792	87
2176794	89
2176795	89
2176796	88
2176800	88
2176802	90
2176803	88
2176804	89
2177024	85
2177025	87
2177026	87
2177027	87
2177028	86
2177032	87
2177040	87
2177042	89
2177043	87
2177044	88
2177048	87
2177050	89
2177051	87
2177052	88
2177056	86
2177058	88
2177059	86
2177060	87
2177152	87
2177153	89
2177154	89
2177155	89
2177156	88
2177216	85
2177217	87
2177218	87
2177219	85
2177220	86
2177232	87
2177240	87
2177242	89
2177243	87
2177244	88
2177248	86
2177250	88
2177251	86
2177252	87
2177280	86
2177281	88
2177282	88
2177283	88
2177284	87
2177296	88
2177304	88
2177306	90
2177307	88
2177308	89
2177312	87
2177314	89
2177315	87
2177316	88
2179072	85
2179073	87
2179074	87
2179075	87
2179076	86
2179080	87
2179088	87
2179090	89
2179091	87
2179092	88
2179096	87
2179098	87
2179099	87
2179100	86
2179104	86
2179106	88
2179107	88
2179108	87
2179136	87
2179137	89
2179138	89
2179139	89
2179140	88
2179200	87
2179201	89
2179202	89
2179203	89
2179204	88
2179216	89
2179224	87
2179226	89
2179227	89
2179228	88
2179232	88
2179234	90
2179235	88
2179236	89
2179264	87
2179265	89
2179266	89
2179267	87
2179268	88
2179280	89
2179288	87
2179290	89
2179291	89
2179292	88
2179296	88
2179298	88
2179299	88
2179300	89
2179328	86
2179329	88
2179330	88
2179331	88
2179332	87
2179344	88
2179352	86
2179354	88
2179355	88
2179356	87
2179360	87
2179362	89
2179363	89
2179364	88
2180096	87
2180097	89
2180098	89
2180099	89
2180100	88
2180104	89
2180112	89
2180114	91
2180115	89
2180116	90
2180120	89
2180122	89
2180123	89
2180124	88
2180128	88
2180130	90
2180131	88
2180132	89
2180608	85
2180609	87
2180610	87
2180611	87
2180612	86
2180616	87
2180624	87
2180626	89
2180627	87
2180628	88
2180632	85
2180634	87
2180635	87
2180636	86
2180640	86
2180642	88
2180643	88
2180644	87
2180736	87
2180737	89
2180738	89
2180739	89
2180740	88
2180800	87
2180801	89
2180802	89
2180803	89
2180804	88
2180816	89
2180824	87
2180826	89
2180827	89
2180828	88
2180832	88
2180834	90
2180835	88
2180836	89
2180864	86
2180865	88
2180866	88
2180867	88
2180868	87
2180880	88
2180888	86
2180890	88
2180891	88
2180892	87
2180896	87
2180898	89
2180899	89
2180900	88
2181120	86
2181121	88
2181122	88
2181123	88
2181124	87
2181128	88
2181136	88
2181138	90
2181139	88
2181140	89
2181144	88
2181146	88
2181147	88
2181148	87
2181152	87
2181154	89
2181155	87
2181156	88
2181248	88
2181249	90
2181250	90
2181251	90
2181252	89
2181312	86
2181313	88
2181314	88
2181315	86
2181316	87
2181328	88
2181336	88
2181338	90
2181339	88
2181340	89
2181344	87
2181346	89
2181347	87
2181348	88
2181376	87
2181377	89
2181378	89
2181379	89
2181380	88
2181392	89
2181400	87
2181402	89
2181403	89
2181404	88
2181408	88
2181410	90
2181411	88
2181412	89
2195456	84
2195457	86
2195458	86
2195459	86
2195460	85
2195464	86
2195472	86
2195474	88
2195475	86
2195476	87
2195480	86
2195482	86
2195483	86
2195484	85
2195488	85
2195490	87
2195491	85
2195492	86
2195520	86
2195521	88
2195522	88
2195523	88
2195524	87
2195584	86
2195585	88
2195586	88
2195587	86
2195588	87
2195600	88
2195608	86
2195610	88
2195611	88
2195612	87
2195616	87
2195618	89
2195619	87
2195620	88
2195648	84
2195649	86
2195650	86
2195651	84
2195652	85
2195664	86
2195672	86
2195674	88
2195675	86
2195676	87
2195680	85
2195682	87
2195683	85
2195684	86
2195712	85
2195713	87
2195714	87
2195715	87
2195716	86
2195728	87
2195736	85
2195738	87
2195739	87
2195740	86
2195744	86
2195746	88
2195747	86
2195748	87
2195968	86
2195969	88
2195970	88
2195971	88
2195972	87
2195976	88
2195984	88
2195986	90
2195987	88
2195988	89
2195992	88
2195994	88
2195995	88
2195996	87
2196000	87
2196002	89
2196003	87
2196004	88
2196480	86
2196481	88
2196482	88
2196483	86
2196484	87
2196488	88
2196496	88
2196498	90
2196499	88
2196500	89
2196504	86
2196506	86
2196507	88
2196508	85
2196512	87
2196514	89
2196515	87
2196516	88
2196608	88
2196609	90
2196610	90
2196611	90
2196612	89
2196672	86
2196673	88
2196674	88
2196675	86
2196676	87
2196688	88
2196696	88
2196698	90
2196699	88
2196700	89
2196704	87
2196706	89
2196707	87
2196708	88
2196736	87
2196737	89
2196738	89
2196739	89
2196740	88
2196752	89
2196760	87
2196762	89
2196763	89
2196764	88
2196768	88
2196770	90
2196771	88
2196772	89
2196992	84
2196993	86
2196994	86
2196995	84
2196996	85
2197000	86
2197008	86
2197010	88
2197011	86
2197012	87
2197016	84
2197018	84
2197019	86
2197020	83
2197024	85
2197026	87
2197027	85
2197028	86
2197120	86
2197121	86
2197122	86
2197123	86
2197124	85
2197184	86
2197185	88
2197186	88
2197187	88
2197188	87
2197200	88
2197208	86
2197210	88
2197211	88
2197212	87
2197216	87
2197218	89
2197219	87
2197220	88
2197248	85
2197249	85
2197250	85
2197251	85
2197252	84
2197264	85
2197272	85
2197274	85
2197275	85
2197276	84
2197280	86
2197282	86
2197283	86
2197284	85
2197504	85
2197505	87
2197506	87
2197507	87
2197508	86
2197512	87
2197520	87
2197522	89
2197523	87
2197524	88
2197528	87
2197530	87
2197531	87
2197532	86
2197536	86
2197538	88
2197539	86
2197540	87
2197632	87
2197633	89
2197634	89
2197635	89
2197636	88
2197696	85
2197697	87
2197698	87
2197699	85
2197700	86
2197712	87
2197720	87
2197722	89
2197723	87
2197724	88
2197728	86
2197730	88
2197731	86
2197732	87
2197760	86
2197761	88
2197762	88
2197763	88
2197764	87
2197776	88
2197784	86
2197786	88
2197787	88
2197788	87
2197792	87
2197794	89
2197795	87
2197796	88
2203648	84
2203649	86
2203650	86
2203651	86
2203652	85
2203656	86
2203664	86
2203666	88
2203667	86
2203668	87
2203672	86
2203674	86
2203675	86
2203676	85
2203680	85
2203682	87
2203683	87
2203684	86
2203712	86
2203713	88
2203714	88
2203715	88
2203716	87
2203776	86
2203777	88
2203778	88
2203779	88
2203780	87
2203792	88
2203800	88
2203802	88
2203803	88
2203804	87
2203808	87
2203810	89
2203811	87
2203812	88
2203840	86
2203841	88
2203842	88
2203843	86
2203844	87
2203856	88
2203864	86
2203866	88
2203867	88
2203868	87
2203872	87
2203874	87
2203875	87
2203876	88
2203904	85
2203905	87
2203906	87
2203907	87
2203908	86
2203920	87
2203928	87
2203930	87
2203931	87
2203932	86
2203936	86
2203938	88
2203939	88
2203940	87
2207744	84
2207745	86
2207746	86
2207747	86
2207748	85
2207752	86
2207760	86
2207762	88
2207763	86
2207764	87
2207768	86
2207770	86
2207771	86
2207772	85
2207776	85
2207778	87
2207779	87
2207780	86
2207808	86
2207809	88
2207810	88
2207811	88
2207812	87
2207872	86
2207873	88
2207874	88
2207875	88
2207876	87
2207888	88
2207896	88
2207898	88
2207899	88
2207900	87
2207904	87
2207906	89
2207907	87
2207908	88
2207936	86
2207937	88
2207938	88
2207939	86
2207940	87
2207952	88
2207960	86
2207962	88
2207963	88
2207964	87
2207968	87
2207970	87
2207971	87
2207972	88
2208000	85
2208001	87
2208002	87
2208003	87
2208004	86
2208016	87
2208024	87
2208026	87
2208027	87
2208028	86
2208032	86
2208034	88
2208035	88
2208036	87
2208768	86
2208769	88
2208770	88
2208771	88
2208772	87
2208776	88
2208784	88
2208786	90
2208787	88
2208788	89
2208792	88
2208794	88
2208795	88
2208796	87
2208800	87
2208802	89
2208803	87
2208804	88
2209280	86
2209281	88
2209282	88
2209283	86
2209284	87
2209288	88
2209296	88
2209298	90
2209299	88
2209300	89
2209304	86
2209306	86
2209307	88
2209308	85
2209312	87
2209314	89
2209315	87
2209316	88
2209408	86
2209409	88
2209410	88
2209411	88
2209412	87
2209472	86
2209473	88
2209474	88
2209475	88
2209476	87
2209488	88
2209496	88
2209498	88
2209499	88
2209500	87
2209504	87
2209506	89
2209507	87
2209508	88
2209536	87
2209537	87
2209538	87
2209539	87
2209540	86
2209552	87
2209560	87
2209562	87
2209563	87
2209564	86
2209568	88
2209570	88
2209571	88
2209572	87
2209792	85
2209793	87
2209794	87
2209795	87
2209796	86
2209800	87
2209808	87
2209810	89
2209811	87
2209812	88
2209816	87
2209818	87
2209819	87
2209820	86
2209824	86
2209826	88
2209827	86
2209828	87
2209920	87
2209921	89
2209922	89
2209923	89
2209924	88
2209984	85
2209985	87
2209986	87
2209987	85
2209988	86
2210000	87
2210008	87
2210010	89
2210011	87
2210012	88
2210016	86
2210018	88
2210019	86
2210020	87
2210048	86
2210049	88
2210050	88
2210051	88
2210052	87
2210064	88
2210072	88
2210074	88
2210075	88
2210076	87
2210080	87
2210082	89
2210083	87
2210084	88
2211840	85
2211841	87
2211842	87
2211843	85
2211844	86
2211848	87
2211856	87
2211858	89
2211859	87
2211860	88
2211864	85
2211866	85
2211867	87
2211868	84
2211872	86
2211874	88
2211875	86
2211876	87
2211904	87
2211905	87
2211906	87
2211907	87
2211908	86
2211968	87
2211969	87
2211970	87
2211971	87
2211972	86
2211984	87
2211992	87
2211994	87
2211995	87
2211996	86
2212000	86
2212002	88
2212003	86
2212004	87
2212032	85
2212033	87
2212034	87
2212035	85
2212036	86
2212048	87
2212056	87
2212058	87
2212059	87
2212060	86
2212064	86
2212066	88
2212067	86
2212068	87
2212096	86
2212097	86
2212098	86
2212099	86
2212100	85
2212112	86
2212120	86
2212122	86
2212123	86
2212124	85
2212128	87
2212130	87
2212131	87
2212132	86
2212864	85
2212865	87
2212866	87
2212867	87
2212868	86
2212872	87
2212880	87
2212882	89
2212883	87
2212884	88
2212888	87
2212890	87
2212891	87
2212892	86
2212896	86
2212898	88
2212899	86
2212900	87
2213376	85
2213377	87
2213378	87
2213379	85
2213380	86
2213384	87
2213392	87
2213394	89
2213395	87
2213396	88
2213400	85
2213402	85
2213403	87
2213404	84
2213408	86
2213410	88
2213411	86
2213412	87
2213504	87
2213505	87
2213506	87
2213507	87
2213508	86
2213568	87
2213569	87
2213570	87
2213571	87
2213572	86
2213584	87
2213592	87
2213594	87
2213595	87
2213596	86
2213600	88
2213602	88
2213603	88
2213604	87
2213632	86
2213633	86
2213634	86
2213635	86
2213636	85
2213648	86
2213656	86
2213658	86
2213659	86
2213660	85
2213664	87
2213666	87
2213667	87
2213668	86
2213888	86
2213889	88
2213890	88
2213891	86
2213892	87
2213896	88
2213904	88
2213906	90
2213907	88
2213908	89
2213912	86
2213914	86
2213915	88
2213916	85
2213920	87
2213922	89
2213923	87
2213924	88
2214016	86
2214017	88
2214018	88
2214019	88
2214020	87
2214080	86
2214081	88
2214082	88
2214083	86
2214084	87
2214096	88
2214104	88
2214106	88
2214107	88
2214108	87
2214112	87
2214114	89
2214115	87
2214116	88
2214144	87
2214145	87
2214146	87
2214147	87
2214148	86
2214160	87
2214168	87
2214170	87
2214171	87
2214172	86
2214176	88
2214178	88
2214179	88
2214180	87
2228224	83
2228225	85
2228226	85
2228227	85
2228228	84
2228232	85
2228240	85
2228242	87
2228243	85
2228244	86
2228248	85
2228250	85
2228251	85
2228252	84
2228256	84
2228258	86
2228259	86
2228260	85
2228288	85
2228289	87
2228290	87
2228291	87
2228292	86
2228352	85
2228353	87
2228354	87
2228355	87
2228356	86
2228368	87
2228376	87
2228378	87
2228379	87
2228380	86
2228384	86
2228386	88
2228387	86
2228388	87
2228416	85
2228417	87
2228418	87
2228419	85
2228420	86
2228432	87
2228440	85
2228442	87
2228443	87
2228444	86
2228448	86
2228450	86
2228451	86
2228452	87
2228480	84
2228481	86
2228482	86
2228483	86
2228484	85
2228496	86
2228504	86
2228506	86
2228507	86
2228508	85
2228512	85
2228514	87
2228515	87
2228516	86
2228736	85
2228737	87
2228738	87
2228739	87
2228740	86
2228744	87
2228752	87
2228754	89
2228755	87
2228756	88
2228760	87
2228762	87
2228763	87
2228764	86
2228768	86
2228770	88
2228771	86
2228772	87
2229248	85
2229249	87
2229250	87
2229251	87
2229252	86
2229256	87
2229264	87
2229266	89
2229267	87
2229268	88
2229272	87
2229274	87
2229275	87
2229276	86
2229280	86
2229282	88
2229283	86
2229284	87
2229376	87
2229377	89
2229378	89
2229379	89
2229380	88
2229440	85
2229441	87
2229442	87
2229443	85
2229444	86
2229456	87
2229464	87
2229466	89
2229467	87
2229468	88
2229472	86
2229474	88
2229475	86
2229476	87
2229504	86
2229505	88
2229506	88
2229507	88
2229508	87
2229520	88
2229528	86
2229530	88
2229531	88
2229532	87
2229536	87
2229538	89
2229539	87
2229540	88
2229760	85
2229761	87
2229762	87
2229763	85
2229764	86
2229768	87
2229776	87
2229778	89
2229779	87
2229780	88
2229784	85
2229786	85
2229787	87
2229788	84
2229792	86
2229794	88
2229795	86
2229796	87
2229888	85
2229889	87
2229890	87
2229891	87
2229892	86
2229952	85
2229953	87
2229954	87
2229955	87
2229956	86
2229968	87
2229976	87
2229978	87
2229979	87
2229980	86
2229984	86
2229986	88
2229987	86
2229988	87
2230016	86
2230017	86
2230018	86
2230019	86
2230020	85
2230032	86
2230040	86
2230042	86
2230043	86
2230044	85
2230048	87
2230050	87
2230051	87
2230052	86
2230272	84
2230273	86
2230274	86
2230275	86
2230276	85
2230280	86
2230288	86
2230290	88
2230291	86
2230292	87
2230296	86
2230298	86
2230299	86
2230300	85
2230304	85
2230306	87
2230307	85
2230308	86
2230400	86
2230401	88
2230402	88
2230403	88
2230404	87
2230464	84
2230465	86
2230466	86
2230467	84
2230468	85
2230480	86
2230488	86
2230490	88
2230491	86
2230492	87
2230496	85
2230498	87
2230499	85
2230500	86
2230528	85
2230529	87
2230530	87
2230531	87
2230532	86
2230544	87
2230552	87
2230554	87
2230555	87
2230556	86
2230560	86
2230562	88
2230563	86
2230564	87
2236416	85
2236417	87
2236418	87
2236419	87
2236420	86
2236424	87
2236432	87
2236434	89
2236435	87
2236436	88
2236440	87
2236442	87
2236443	87
2236444	86
2236448	86
2236450	88
2236451	88
2236452	87
2236480	87
2236481	89
2236482	89
2236483	89
2236484	88
2236544	87
2236545	89
2236546	89
2236547	89
2236548	88
2236560	89
2236568	89
2236570	89
2236571	89
2236572	88
2236576	88
2236578	90
2236579	88
2236580	89
2236608	87
2236609	89
2236610	89
2236611	87
2236612	88
2236624	89
2236632	87
2236634	89
2236635	89
2236636	88
2236640	88
2236642	88
2236643	88
2236644	89
2236672	86
2236673	88
2236674	88
2236675	88
2236676	87
2236688	88
2236696	88
2236698	88
2236699	88
2236700	87
2236704	87
2236706	89
2236707	89
2236708	88
2240512	83
2240513	85
2240514	85
2240515	85
2240516	84
2240520	85
2240528	85
2240530	87
2240531	85
2240532	86
2240536	85
2240538	87
2240539	85
2240540	86
2240544	84
2240546	86
2240547	84
2240548	85
2240576	85
2240577	87
2240578	87
2240579	87
2240580	86
2240640	85
2240641	87
2240642	87
2240643	85
2240644	86
2240656	87
2240664	87
2240666	87
2240667	87
2240668	86
2240672	86
2240674	88
2240675	86
2240676	87
2240704	83
2240705	85
2240706	85
2240707	83
2240708	84
2240720	85
2240728	85
2240730	87
2240731	85
2240732	86
2240736	84
2240738	86
2240739	84
2240740	85
2240768	84
2240769	86
2240770	86
2240771	86
2240772	85
2240784	86
2240792	86
2240794	88
2240795	86
2240796	87
2240800	85
2240802	87
2240803	85
2240804	86
2241536	85
2241537	87
2241538	87
2241539	87
2241540	86
2241544	87
2241552	87
2241554	89
2241555	87
2241556	88
2241560	87
2241562	87
2241563	87
2241564	86
2241568	86
2241570	88
2241571	86
2241572	87
2242048	85
2242049	87
2242050	87
2242051	87
2242052	86
2242056	87
2242064	87
2242066	89
2242067	87
2242068	88
2242072	87
2242074	87
2242075	87
2242076	86
2242080	86
2242082	88
2242083	86
2242084	87
2242176	87
2242177	89
2242178	89
2242179	89
2242180	88
2242240	85
2242241	87
2242242	87
2242243	87
2242244	86
2242256	87
2242264	87
2242266	89
2242267	87
2242268	88
2242272	86
2242274	88
2242275	86
2242276	87
2242304	86
2242305	88
2242306	88
2242307	88
2242308	87
2242320	88
2242328	88
2242330	88
2242331	88
2242332	87
2242336	87
2242338	89
2242339	87
2242340	88
2242560	84
2242561	86
2242562	86
2242563	86
2242564	85
2242568	86
2242576	86
2242578	88
2242579	86
2242580	87
2242584	86
2242586	88
2242587	86
2242588	87
2242592	85
2242594	87
2242595	85
2242596	86
2242688	86
2242689	88
2242690	88
2242691	88
2242692	87
2242752	84
2242753	86
2242754	86
2242755	84
2242756	85
2242768	86
2242776	86
2242778	88
2242779	86
2242780	87
2242784	85
2242786	87
2242787	85
2242788	86
2242816	85
2242817	87
2242818	87
2242819	87
2242820	86
2242832	87
2242840	87
2242842	89
2242843	87
2242844	88
2242848	86
2242850	88
2242851	86
2242852	87
2244608	84
2244609	86
2244610	86
2244611	86
2244612	85
2244616	86
2244624	86
2244626	88
2244627	86
2244628	87
2244632	86
2244634	86
2244635	86
2244636	85
2244640	85
2244642	87
2244643	87
2244644	86
2244672	86
2244673	88
2244674	88
2244675	88
2244676	87
2244736	86
2244737	88
2244738	88
2244739	88
2244740	87
2244752	88
2244760	88
2244762	88
2244763	88
2244764	87
2244768	87
2244770	89
2244771	87
2244772	88
2244800	86
2244801	88
2244802	88
2244803	86
2244804	87
2244816	88
2244824	86
2244826	88
2244827	88
2244828	87
2244832	87
2244834	87
2244835	87
2244836	88
2244864	85
2244865	87
2244866	87
2244867	87
2244868	86
2244880	87
2244888	87
2244890	87
2244891	87
2244892	86
2244896	86
2244898	88
2244899	88
2244900	87
2245632	86
2245633	88
2245634	88
2245635	88
2245636	87
2245640	88
2245648	88
2245650	90
2245651	88
2245652	89
2245656	88
2245658	88
2245659	88
2245660	87
2245664	87
2245666	89
2245667	87
2245668	88
2246144	86
2246145	88
2246146	88
2246147	86
2246148	87
2246152	88
2246160	88
2246162	90
2246163	88
2246164	89
2246168	86
2246170	86
2246171	88
2246172	85
2246176	87
2246178	89
2246179	87
2246180	88
2246272	86
2246273	88
2246274	88
2246275	88
2246276	87
2246336	86
2246337	88
2246338	88
2246339	88
2246340	87
2246352	88
2246360	88
2246362	88
2246363	88
2246364	87
2246368	87
2246370	89
2246371	87
2246372	88
2246400	87
2246401	87
2246402	87
2246403	87
2246404	86
2246416	87
2246424	87
2246426	87
2246427	87
2246428	86
2246432	88
2246434	88
2246435	88
2246436	87
2246656	85
2246657	87
2246658	87
2246659	87
2246660	86
2246664	87
2246672	87
2246674	89
2246675	87
2246676	88
2246680	87
2246682	87
2246683	87
2246684	86
2246688	86
2246690	88
2246691	86
2246692	87
2246784	87
2246785	89
2246786	89
2246787	89
2246788	88
2246848	85
2246849	87
2246850	87
2246851	85
2246852	86
2246864	87
2246872	87
2246874	89
2246875	87
2246876	88
2246880	86
2246882	88
2246883	86
2246884	87
2246912	86
2246913	88
2246914	88
2246915	88
2246916	87
2246928	88
2246936	88
2246938	88
2246939	88
2246940	87
2246944	87
2246946	89
2246947	87
2246948	88
4194304	82
4194305	84
4194306	84
4194307	84
4194308	83
4194312	84
4194320	84
4194322	86
4194323	84
4194324	85
4194328	84
4194330	84
4194331	84
4194332	83
4194336	83
4194338	85
4194339	85
4194340	84
4194368	84
4194369	86
4194370	86
4194371	86
4194372	85
4194432	84
4194433	86
4194434	86
4194435	86
4194436	85
4194448	86
4194456	86
4194458	86
4194459	86
4194460	85
4194464	85
4194466	87
4194467	85
4194468	86
4194496	84
4194497	86
4194498	86
4194499	84
4194500	85
4194512	86
4194520	84
4194522	86
4194523	86
4194524	85
4194528	85
4194530	85
4194531	85
4194532	86
4194560	83
4194561	85
4194562	85
4194563	85
4194564	84
4194576	85
4194584	85
4194586	85
4194587	85
4194588	84
4194592	84
4194594	86
4194595	86
4194596	85
4194816	84
4194817	86
4194818	86
4194819	86
4194820	85
4194824	86
4194832	86
4194834	88
4194835	86
4194836	87
4194840	86
4194842	86
4194843	86
4194844	85
4194848	85
4194850	87
4194851	87
4194852	86
4195328	84
4195329	86
4195330	86
4195331	86
4195332	85
4195336	86
4195344	86
4195346	88
4195347	86
4195348	87
4195352	86
4195354	86
4195355	86
4195356	85
4195360	85
4195362	87
4195363	87
4195364	86
4195456	86
4195457	88
4195458	88
4195459	88
4195460	87
4195520	84
4195521	86
4195522	86
4195523	86
4195524	85
4195536	86
4195544	86
4195546	88
4195547	86
4195548	87
4195552	85
4195554	87
4195555	87
4195556	86
4195584	85
4195585	87
4195586	87
4195587	87
4195588	86
4195600	87
4195608	85
4195610	87
4195611	87
4195612	86
4195616	86
4195618	88
4195619	86
4195620	87
4195840	84
4195841	86
4195842	86
4195843	84
4195844	85
4195848	86
4195856	86
4195858	88
4195859	86
4195860	87
4195864	84
4195866	84
4195867	86
4195868	83
4195872	85
4195874	87
4195875	85
4195876	86
4195968	84
4195969	86
4195970	86
4195971	86
4195972	85
4196032	84
4196033	86
4196034	86
4196035	86
4196036	85
4196048	86
4196056	86
4196058	86
4196059	86
4196060	85
4196064	85
4196066	87
4196067	87
4196068	86
4196096	85
4196097	85
4196098	85
4196099	85
4196100	84
4196112	85
4196120	85
4196122	85
4196123	85
4196124	84
4196128	86
4196130	86
4196131	86
4196132	85
4196352	83
4196353	85
4196354	85
4196355	85
4196356	84
4196360	85
4196368	85
4196370	87
4196371	85
4196372	86
4196376	85
4196378	85
4196379	85
4196380	84
4196384	84
4196386	86
4196387	86
4196388	85
4196480	85
4196481	87
4196482	87
4196483	87
4196484	86
4196544	85
4196545	87
4196546	87
4196547	85
4196548	86
4196560	87
4196568	85
4196570	87
4196571	87
4196572	86
4196576	86
4196578	86
4196579	86
4196580	87
4196608	84
4196609	86
4196610	86
4196611	86
4196612	85
4196624	86
4196632	86
4196634	86
4196635	86
4196636	85
4196640	85
4196642	87
4196643	87
4196644	86
4198400	84
4198401	86
4198402	86
4198403	86
4198404	85
4198408	86
4198416	86
4198418	88
4198419	86
4198420	87
4198424	86
4198426	86
4198427	86
4198428	85
4198432	85
4198434	87
4198435	87
4198436	86
4198464	86
4198465	88
4198466	88
4198467	88
4198468	87
4198528	86
4198529	88
4198530	88
4198531	88
4198532	87
4198544	88
4198552	88
4198554	88
4198555	88
4198556	87
4198560	87
4198562	89
4198563	87
4198564	88
4198592	86
4198593	88
4198594	88
4198595	86
4198596	87
4198608	88
4198616	86
4198618	88
4198619	88
4198620	87
4198624	87
4198626	87
4198627	87
4198628	88
4198656	85
4198657	87
4198658	87
4198659	87
4198660	86
4198672	87
4198680	87
4198682	87
4198683	87
4198684	86
4198688	86
4198690	88
4198691	88
4198692	87
4202496	84
4202497	86
4202498	86
4202499	86
4202500	85
4202504	86
4202512	86
4202514	88
4202515	86
4202516	87
4202520	86
4202522	86
4202523	86
4202524	85
4202528	85
4202530	87
4202531	87
4202532	86
4202560	86
4202561	88
4202562	88
4202563	88
4202564	87
4202624	86
4202625	88
4202626	88
4202627	88
4202628	87
4202640	88
4202648	88
4202650	88
4202651	88
4202652	87
4202656	87
4202658	89
4202659	87
4202660	88
4202688	86
4202689	88
4202690	88
4202691	86
4202692	87
4202704	88
4202712	86
4202714	88
4202715	88
4202716	87
4202720	87
4202722	87
4202723	87
4202724	88
4202752	85
4202753	87
4202754	87
4202755	87
4202756	86
4202768	87
4202776	87
4202778	87
4202779	87
4202780	86
4202784	86
4202786	88
4202787	88
4202788	87
4203520	86
4203521	88
4203522	88
4203523	88
4203524	87
4203528	88
4203536	88
4203538	90
4203539	88
4203540	89
4203544	88
4203546	88
4203547	88
4203548	87
4203552	87
4203554	89
4203555	87
4203556	88
4204032	86
4204033	88
4204034	88
4204035	86
4204036	87
4204040	88
4204048	88
4204050	90
4204051	88
4204052	89
4204056	86
4204058	86
4204059	88
4204060	85
4204064	87
4204066	89
4204067	87
4204068	88
4204160	86
4204161	88
4204162	88
4204163	88
4204164	87
4204224	86
4204225	88
4204226	88
4204227	88
4204228	87
4204240	88
4204248	88
4204250	88
4204251	88
4204252	87
4204256	87
4204258	89
4204259	87
4204260	88
4204288	87
4204289	87
4204290	87
4204291	87
4204292	86
4204304	87
4204312	87
4204314	87
4204315	87
4204316	86
4204320	88
4204322	88
4204323	88
4204324	87
4204544	85
4204545	87
4204546	87
4204547	87
4204548	86
4204552	87
4204560	87
4204562	89
4204563	87
4204564	88
4204568	87
4204570	87
4204571	87
4204572	86
4204576	86
4204578	88
4204579	86
4204580	87
4204672	87
4204673	89
4204674	89
4204675	89
4204676	88
4204736	85
4204737	87
4204738	87
4204739	85
4204740	86
4204752	87
4204760	87
4204762	89
4204763	87
4204764	88
4204768	86
4204770	88
4204771	86
4204772	87
4204800	86
4204801	88
4204802	88
4204803	88
4204804	87
4204816	88
4204824	88
4204826	88
4204827	88
4204828	87
4204832	87
4204834	89
4204835	87
4204836	88
4206592	84
4206593	86
4206594	86
4206595	86
4206596	85
4206600	86
4206608	86
4206610	86
4206611	86
4206612	87
4206616	86
4206618	86
4206619	86
4206620	85
4206624	85
4206626	87
4206627	85
4206628	86
4206656	86
4206657	88
4206658	88
4206659	88
4206660	87
4206720	86
4206721	88
4206722	88
4206723	86
4206724	87
4206736	88
4206744	88
4206746	88
4206747	88
4206748	87
4206752	87
4206754	89
4206755	87
4206756	88
4206784	84
4206785	86
4206786	86
4206787	84
4206788	85
4206800	86
4206808	86
4206810	88
4206811	86
4206812	87
4206816	85
4206818	85
4206819	85
4206820	86
4206848	85
4206849	87
4206850	87
4206851	87
4206852	86
4206864	87
4206872	87
4206874	87
4206875	87
4206876	86
4206880	86
4206882	88
4206883	86
4206884	87
4207616	86
4207617	88
4207618	88
4207619	86
4207620	87
4207624	88
4207632	88
4207634	88
4207635	88
4207636	89
4207640	88
4207642	88
4207643	88
4207644	87
4207648	87
4207650	87
4207651	87
4207652	88
4208128	84
4208129	86
4208130	86
4208131	86
4208132	85
4208136	86
4208144	86
4208146	88
4208147	86
4208148	87
4208152	86
4208154	86
4208155	86
4208156	85
4208160	85
4208162	87
4208163	87
4208164	86
4208256	86
4208257	88
4208258	88
4208259	88
4208260	87
4208320	86
4208321	88
4208322	88
4208323	86
4208324	87
4208336	88
4208344	86
4208346	88
4208347	88
4208348	87
4208352	87
4208354	87
4208355	87
4208356	88
4208384	85
4208385	87
4208386	87
4208387	87
4208388	86
4208400	87
4208408	87
4208410	87
4208411	87
4208412	86
4208416	86
4208418	88
4208419	88
4208420	87
4208640	85
4208641	87
4208642	87
4208643	85
4208644	86
4208648	87
4208656	87
4208658	87
4208659	87
4208660	88
4208664	87
4208666	87
4208667	87
4208668	86
4208672	86
4208674	86
4208675	86
4208676	87
4208768	85
4208769	87
4208770	87
4208771	87
4208772	86
4208832	85
4208833	87
4208834	87
4208835	85
4208836	86
4208848	87
4208856	87
4208858	87
4208859	87
4208860	88
4208864	86
4208866	86
4208867	86
4208868	87
4208896	86
4208897	88
4208898	88
4208899	86
4208900	87
4208912	88
4208920	86
4208922	88
4208923	88
4208924	87
4208928	87
4208930	87
4208931	87
4208932	88
4210688	83
4210689	85
4210690	85
4210691	85
4210692	84
4210696	85
4210704	85
4210706	87
4210707	85
4210708	86
4210712	85
4210714	85
4210715	85
4210716	84
4210720	84
4210722	86
4210723	86
4210724	85
4210752	85
4210753	87
4210754	87
4210755	87
4210756	86
4210816	85
4210817	87
4210818	87
4210819	87
4210820	86
4210832	87
4210840	87
4210842	87
4210843	87
4210844	86
4210848	86
4210850	88
4210851	86
4210852	87
4210880	85
4210881	87
4210882	87
4210883	85
4210884	86
4210896	87
4210904	85
4210906	87
4210907	87
4210908	86
4210912	86
4210914	86
4210915	86
4210916	87
4210944	84
4210945	86
4210946	86
4210947	86
4210948	85
4210960	86
4210968	86
4210970	86
4210971	86
4210972	85
4210976	85
4210978	87
4210979	87
4210980	86
4211712	85
4211713	87
4211714	87
4211715	87
4211716	86
4211720	87
4211728	87
4211730	89
4211731	87
4211732	88
4211736	87
4211738	87
4211739	87
4211740	86
4211744	86
4211746	88
4211747	86
4211748	87
4212224	85
4212225	87
4212226	87
4212227	85
4212228	86
4212232	87
4212240	87
4212242	89
4212243	87
4212244	88
4212248	85
4212250	85
4212251	87
4212252	84
4212256	86
4212258	88
4212259	86
4212260	87
4212352	85
4212353	87
4212354	87
4212355	87
4212356	86
4212416	85
4212417	87
4212418	87
4212419	87
4212420	86
4212432	87
4212440	87
4212442	87
4212443	87
4212444	86
4212448	86
4212450	88
4212451	88
4212452	87
4212480	86
4212481	86
4212482	86
4212483	86
4212484	85
4212496	86
4212504	86
4212506	86
4212507	86
4212508	85
4212512	87
4212514	87
4212515	87
4212516	86
4212736	84
4212737	86
4212738	86
4212739	86
4212740	85
4212744	86
4212752	86
4212754	88
4212755	86
4212756	87
4212760	86
4212762	86
4212763	86
4212764	85
4212768	85
4212770	87
4212771	87
4212772	86
4212864	86
4212865	88
4212866	88
4212867	88
4212868	87
4212928	86
4212929	88
4212930	88
4212931	86
4212932	87
4212944	88
4212952	86
4212954	88
4212955	88
4212956	87
4212960	87
4212962	87
4212963	87
4212964	88
4212992	85
4212993	87
4212994	87
4212995	87
4212996	86
4213008	87
4213016	87
4213018	87
4213019	87
4213020	86
4213024	86
4213026	88
4213027	88
4213028	87
4227072	84
4227073	86
4227074	86
4227075	86
4227076	85
4227080	86
4227088	86
4227090	88
4227091	86
4227092	87
4227096	86
4227098	86
4227099	86
4227100	85
4227104	85
4227106	87
4227107	87
4227108	86
4227136	86
4227137	88
4227138	88
4227139	88
4227140	87
4227200	86
4227201	88
4227202	88
4227203	88
4227204	87
4227216	88
4227224	88
4227226	88
4227227	88
4227228	87
4227232	87
4227234	89
4227235	87
4227236	88
4227264	86
4227265	88
4227266	88
4227267	86
4227268	87
4227280	88
4227288	86
4227290	88
4227291	88
4227292	87
4227296	87
4227298	87
4227299	87
4227300	88
4227328	85
4227329	87
4227330	87
4227331	87
4227332	86
4227344	87
4227352	87
4227354	87
4227355	87
4227356	86
4227360	86
4227362	88
4227363	88
4227364	87
4227584	86
4227585	88
4227586	88
4227587	88
4227588	87
4227592	88
4227600	88
4227602	90
4227603	88
4227604	89
4227608	88
4227610	88
4227611	88
4227612	87
4227616	87
4227618	89
4227619	87
4227620	88
4228096	86
4228097	88
4228098	88
4228099	88
4228100	87
4228104	88
4228112	88
4228114	90
4228115	88
4228116	89
4228120	88
4228122	88
4228123	88
4228124	87
4228128	87
4228130	89
4228131	87
4228132	88
4228224	88
4228225	90
4228226	90
4228227	90
4228228	89
4228288	86
4228289	88
4228290	88
4228291	86
4228292	87
4228304	88
4228312	88
4228314	90
4228315	88
4228316	89
4228320	87
4228322	89
4228323	87
4228324	88
4228352	87
4228353	89
4228354	89
4228355	89
4228356	88
4228368	89
4228376	87
4228378	89
4228379	89
4228380	88
4228384	88
4228386	90
4228387	88
4228388	89
4228608	86
4228609	88
4228610	88
4228611	86
4228612	87
4228616	88
4228624	88
4228626	90
4228627	88
4228628	89
4228632	86
4228634	86
4228635	88
4228636	85
4228640	87
4228642	89
4228643	87
4228644	88
4228736	86
4228737	88
4228738	88
4228739	88
4228740	87
4228800	86
4228801	88
4228802	88
4228803	88
4228804	87
4228816	88
4228824	88
4228826	88
4228827	88
4228828	87
4228832	87
4228834	89
4228835	87
4228836	88
4228864	87
4228865	87
4228866	87
4228867	87
4228868	86
4228880	87
4228888	87
4228890	87
4228891	87
4228892	86
4228896	88
4228898	88
4228899	88
4228900	87
4229120	85
4229121	87
4229122	87
4229123	87
4229124	86
4229128	87
4229136	87
4229138	89
4229139	87
4229140	88
4229144	87
4229146	87
4229147	87
4229148	86
4229152	86
4229154	88
4229155	86
4229156	87
4229248	87
4229249	89
4229250	89
4229251	89
4229252	88
4229312	85
4229313	87
4229314	87
4229315	85
4229316	86
4229328	87
4229336	87
4229338	89
4229339	87
4229340	88
4229344	86
4229346	88
4229347	86
4229348	87
4229376	86
4229377	88
4229378	88
4229379	88
4229380	87
4229392	88
4229400	88
4229402	88
4229403	88
4229404	87
4229408	87
4229410	89
4229411	87
4229412	88
4259840	84
4259841	86
4259842	86
4259843	86
4259844	85
4259848	86
4259856	86
4259858	88
4259859	86
4259860	87
4259864	86
4259866	86
4259867	86
4259868	85
4259872	85
4259874	87
4259875	87
4259876	86
4259904	86
4259905	88
4259906	88
4259907	88
4259908	87
4259968	86
4259969	88
4259970	88
4259971	88
4259972	87
4259984	88
4259992	88
4259994	88
4259995	88
4259996	87
4260000	87
4260002	89
4260003	87
4260004	88
4260032	86
4260033	88
4260034	88
4260035	86
4260036	87
4260048	88
4260056	86
4260058	88
4260059	88
4260060	87
4260064	87
4260066	87
4260067	87
4260068	88
4260096	85
4260097	87
4260098	87
4260099	87
4260100	86
4260112	87
4260120	87
4260122	87
4260123	87
4260124	86
4260128	86
4260130	88
4260131	88
4260132	87
4260352	86
4260353	88
4260354	88
4260355	88
4260356	87
4260360	88
4260368	88
4260370	90
4260371	88
4260372	89
4260376	88
4260378	88
4260379	88
4260380	87
4260384	87
4260386	89
4260387	87
4260388	88
4260864	86
4260865	88
4260866	88
4260867	88
4260868	87
4260872	88
4260880	88
4260882	90
4260883	88
4260884	89
4260888	88
4260890	88
4260891	88
4260892	87
4260896	87
4260898	89
4260899	87
4260900	88
4260992	88
4260993	90
4260994	90
4260995	90
4260996	89
4261056	86
4261057	88
4261058	88
4261059	86
4261060	87
4261072	88
4261080	88
4261082	90
4261083	88
4261084	89
4261088	87
4261090	89
4261091	87
4261092	88
4261120	87
4261121	89
4261122	89
4261123	89
4261124	88
4261136	89
4261144	87
4261146	89
4261147	89
4261148	88
4261152	88
4261154	90
4261155	88
4261156	89
4261376	86
4261377	88
4261378	88
4261379	86
4261380	87
4261384	88
4261392	88
4261394	90
4261395	88
4261396	89
4261400	86
4261402	86
4261403	88
4261404	85
4261408	87
4261410	89
4261411	87
4261412	88
4261504	86
4261505	88
4261506	88
4261507	88
4261508	87
4261568	86
4261569	88
4261570	88
4261571	88
4261572	87
4261584	88
4261592	88
4261594	88
4261595	88
4261596	87
4261600	87
4261602	89
4261603	87
4261604	88
4261632	87
4261633	87
4261634	87
4261635	87
4261636	86
4261648	87
4261656	87
4261658	87
4261659	87
4261660	86
4261664	88
4261666	88
4261667	88
4261668	87
4261888	85
4261889	87
4261890	87
4261891	87
4261892	86
4261896	87
4261904	87
4261906	89
4261907	87
4261908	88
4261912	87
4261914	87
4261915	87
4261916	86
4261920	86
4261922	88
4261923	86
4261924	87
4262016	87
4262017	89
4262018	89
4262019	89
4262020	88
4262080	85
4262081	87
4262082	87
4262083	85
4262084	86
4262096	87
4262104	87
4262106	89
4262107	87
4262108	88
4262112	86
4262114	88
4262115	86
4262116	87
4262144	86
4262145	88
4262146	88
4262147	88
4262148	87
4262160	88
4262168	88
4262170	88
4262171	88
4262172	87
4262176	87
4262178	89
4262179	87
4262180	88
4268032	86
4268033	88
4268034	88
4268035	88
4268036	87
4268040	88
4268048	88
4268050	90
4268051	88
4268052	89
4268056	86
4268058	88
4268059	88
4268060	87
4268064	87
4268066	89
4268067	89
4268068	88
4268096	88
4268097	90
4268098	90
4268099	90
4268100	89
4268160	88
4268161	90
4268162	90
4268163	90
4268164	89
4268176	90
4268184	88
4268186	90
4268187	90
4268188	89
4268192	89
4268194	91
4268195	89
4268196	90
4268224	88
4268225	90
4268226	90
4268227	88
4268228	89
4268240	90
4268248	88
4268250	90
4268251	90
4268252	89
4268256	89
4268258	89
4268259	89
4268260	90
4268288	87
4268289	89
4268290	89
4268291	89
4268292	88
4268304	89
4268312	87
4268314	89
4268315	89
4268316	88
4268320	88
4268322	90
4268323	90
4268324	89
4272128	84
4272129	86
4272130	86
4272131	86
4272132	85
4272136	86
4272144	86
4272146	88
4272147	86
4272148	87
4272152	86
4272154	88
4272155	86
4272156	87
4272160	85
4272162	87
4272163	85
4272164	86
4272192	86
4272193	88
4272194	88
4272195	88
4272196	87
4272256	86
4272257	88
4272258	88
4272259	86
4272260	87
4272272	88
4272280	88
4272282	88
4272283	88
4272284	87
4272288	87
4272290	89
4272291	87
4272292	88
4272320	84
4272321	86
4272322	86
4272323	84
4272324	85
4272336	86
4272344	86
4272346	88
4272347	86
4272348	87
4272352	85
4272354	87
4272355	85
4272356	86
4272384	85
4272385	87
4272386	87
4272387	87
4272388	86
4272400	87
4272408	87
4272410	89
4272411	87
4272412	88
4272416	86
4272418	88
4272419	86
4272420	87
4273152	86
4273153	88
4273154	88
4273155	88
4273156	87
4273160	88
4273168	88
4273170	90
4273171	88
4273172	89
4273176	88
4273178	88
4273179	88
4273180	87
4273184	87
4273186	89
4273187	87
4273188	88
4273664	86
4273665	88
4273666	88
4273667	88
4273668	87
4273672	88
4273680	88
4273682	90
4273683	88
4273684	89
4273688	88
4273690	88
4273691	88
4273692	87
4273696	87
4273698	89
4273699	87
4273700	88
4273792	88
4273793	90
4273794	90
4273795	90
4273796	89
4273856	86
4273857	88
4273858	88
4273859	88
4273860	87
4273872	88
4273880	88
4273882	90
4273883	88
4273884	89
4273888	87
4273890	89
4273891	87
4273892	88
4273920	87
4273921	89
4273922	89
4273923	89
4273924	88
4273936	89
4273944	87
4273946	89
4273947	89
4273948	88
4273952	88
4273954	90
4273955	88
4273956	89
4274176	85
4274177	87
4274178	87
4274179	87
4274180	86
4274184	87
4274192	87
4274194	89
4274195	87
4274196	88
4274200	87
4274202	89
4274203	87
4274204	88
4274208	86
4274210	88
4274211	86
4274212	87
4274304	87
4274305	89
4274306	89
4274307	89
4274308	88
4274368	85
4274369	87
4274370	87
4274371	85
4274372	86
4274384	87
4274392	87
4274394	89
4274395	87
4274396	88
4274400	86
4274402	88
4274403	86
4274404	87
4274432	86
4274433	88
4274434	88
4274435	88
4274436	87
4274448	88
4274456	88
4274458	90
4274459	88
4274460	89
4274464	87
4274466	89
4274467	87
4274468	88
4276224	85
4276225	87
4276226	87
4276227	87
4276228	86
4276232	87
4276240	87
4276242	89
4276243	87
4276244	88
4276248	87
4276250	87
4276251	87
4276252	86
4276256	86
4276258	88
4276259	88
4276260	87
4276288	87
4276289	89
4276290	89
4276291	89
4276292	88
4276352	87
4276353	89
4276354	89
4276355	89
4276356	88
4276368	89
4276376	87
4276378	89
4276379	89
4276380	88
4276384	88
4276386	90
4276387	88
4276388	89
4276416	87
4276417	89
4276418	89
4276419	87
4276420	88
4276432	89
4276440	87
4276442	89
4276443	89
4276444	88
4276448	88
4276450	88
4276451	88
4276452	89
4276480	86
4276481	88
4276482	88
4276483	88
4276484	87
4276496	88
4276504	86
4276506	88
4276507	88
4276508	87
4276512	87
4276514	89
4276515	89
4276516	88
4277248	87
4277249	89
4277250	89
4277251	89
4277252	88
4277256	89
4277264	89
4277266	91
4277267	89
4277268	90
4277272	89
4277274	89
4277275	89
4277276	88
4277280	88
4277282	90
4277283	88
4277284	89
4277760	85
4277761	87
4277762	87
4277763	87
4277764	86
4277768	87
4277776	87
4277778	89
4277779	87
4277780	88
4277784	85
4277786	87
4277787	87
4277788	86
4277792	86
4277794	88
4277795	88
4277796	87
4277888	87
4277889	89
4277890	89
4277891	89
4277892	88
4277952	87
4277953	89
4277954	89
4277955	89
4277956	88
4277968	89
4277976	87
4277978	89
4277979	89
4277980	88
4277984	88
4277986	90
4277987	88
4277988	89
4278016	86
4278017	88
4278018	88
4278019	88
4278020	87
4278032	88
4278040	86
4278042	88
4278043	88
4278044	87
4278048	87
4278050	89
4278051	89
4278052	88
4278272	86
4278273	88
4278274	88
4278275	88
4278276	87
4278280	88
4278288	88
4278290	90
4278291	88
4278292	89
4278296	88
4278298	88
4278299	88
4278300	87
4278304	87
4278306	89
4278307	87
4278308	88
4278400	88
4278401	90
4278402	90
4278403	90
4278404	89
4278464	86
4278465	88
4278466	88
4278467	86
4278468	87
4278480	88
4278488	88
4278490	90
4278491	88
4278492	89
4278496	87
4278498	89
4278499	87
4278500	88
4278528	87
4278529	89
4278530	89
4278531	89
4278532	88
4278544	89
4278552	87
4278554	89
4278555	89
4278556	88
4278560	88
4278562	90
4278563	88
4278564	89
4292608	84
4292609	86
4292610	86
4292611	86
4292612	85
4292616	86
4292624	86
4292626	88
4292627	86
4292628	87
4292632	86
4292634	86
4292635	86
4292636	85
4292640	85
4292642	87
4292643	85
4292644	86
4292672	86
4292673	88
4292674	88
4292675	88
4292676	87
4292736	86
4292737	88
4292738	88
4292739	86
4292740	87
4292752	88
4292760	86
4292762	88
4292763	88
4292764	87
4292768	87
4292770	89
4292771	87
4292772	88
4292800	84
4292801	86
4292802	86
4292803	84
4292804	85
4292816	86
4292824	86
4292826	88
4292827	86
4292828	87
4292832	85
4292834	87
4292835	85
4292836	86
4292864	85
4292865	87
4292866	87
4292867	87
4292868	86
4292880	87
4292888	85
4292890	87
4292891	87
4292892	86
4292896	86
4292898	88
4292899	86
4292900	87
4293120	86
4293121	88
4293122	88
4293123	88
4293124	87
4293128	88
4293136	88
4293138	90
4293139	88
4293140	89
4293144	88
4293146	88
4293147	88
4293148	87
4293152	87
4293154	89
4293155	87
4293156	88
4293632	86
4293633	88
4293634	88
4293635	86
4293636	87
4293640	88
4293648	88
4293650	90
4293651	88
4293652	89
4293656	86
4293658	86
4293659	88
4293660	85
4293664	87
4293666	89
4293667	87
4293668	88
4293760	88
4293761	90
4293762	90
4293763	90
4293764	89
4293824	86
4293825	88
4293826	88
4293827	86
4293828	87
4293840	88
4293848	88
4293850	90
4293851	88
4293852	89
4293856	87
4293858	89
4293859	87
4293860	88
4293888	87
4293889	89
4293890	89
4293891	89
4293892	88
4293904	89
4293912	87
4293914	89
4293915	89
4293916	88
4293920	88
4293922	90
4293923	88
4293924	89
4294144	84
4294145	86
4294146	86
4294147	84
4294148	85
4294152	86
4294160	86
4294162	88
4294163	86
4294164	87
4294168	84
4294170	84
4294171	86
4294172	83
4294176	85
4294178	87
4294179	85
4294180	86
4294272	86
4294273	86
4294274	86
4294275	86
4294276	85
4294336	86
4294337	88
4294338	88
4294339	88
4294340	87
4294352	88
4294360	86
4294362	88
4294363	88
4294364	87
4294368	87
4294370	89
4294371	87
4294372	88
4294400	85
4294401	85
4294402	85
4294403	85
4294404	84
4294416	85
4294424	85
4294426	85
4294427	85
4294428	84
4294432	86
4294434	86
4294435	86
4294436	85
4294656	85
4294657	87
4294658	87
4294659	87
4294660	86
4294664	87
4294672	87
4294674	89
4294675	87
4294676	88
4294680	87
4294682	87
4294683	87
4294684	86
4294688	86
4294690	88
4294691	86
4294692	87
4294784	87
4294785	89
4294786	89
4294787	89
4294788	88
4294848	85
4294849	87
4294850	87
4294851	85
4294852	86
4294864	87
4294872	87
4294874	89
4294875	87
4294876	88
4294880	86
4294882	88
4294883	86
4294884	87
4294912	86
4294913	88
4294914	88
4294915	88
4294916	87
4294928	88
4294936	86
4294938	88
4294939	88
4294940	87
4294944	87
4294946	89
4294947	87
4294948	88
4300800	84
4300801	86
4300802	86
4300803	86
4300804	85
4300808	86
4300816	86
4300818	88
4300819	86
4300820	87
4300824	86
4300826	86
4300827	86
4300828	85
4300832	85
4300834	87
4300835	87
4300836	86
4300864	86
4300865	88
4300866	88
4300867	88
4300868	87
4300928	86
4300929	88
4300930	88
4300931	88
4300932	87
4300944	88
4300952	88
4300954	88
4300955	88
4300956	87
4300960	87
4300962	89
4300963	87
4300964	88
4300992	86
4300993	88
4300994	88
4300995	86
4300996	87
4301008	88
4301016	86
4301018	88
4301019	88
4301020	87
4301024	87
4301026	87
4301027	87
4301028	88
4301056	85
4301057	87
4301058	87
4301059	87
4301060	86
4301072	87
4301080	87
4301082	87
4301083	87
4301084	86
4301088	86
4301090	88
4301091	88
4301092	87
4304896	84
4304897	86
4304898	86
4304899	86
4304900	85
4304904	86
4304912	86
4304914	88
4304915	86
4304916	87
4304920	86
4304922	86
4304923	86
4304924	85
4304928	85
4304930	87
4304931	87
4304932	86
4304960	86
4304961	88
4304962	88
4304963	88
4304964	87
4305024	86
4305025	88
4305026	88
4305027	88
4305028	87
4305040	88
4305048	88
4305050	88
4305051	88
4305052	87
4305056	87
4305058	89
4305059	87
4305060	88
4305088	86
4305089	88
4305090	88
4305091	86
4305092	87
4305104	88
4305112	86
4305114	88
4305115	88
4305116	87
4305120	87
4305122	87
4305123	87
4305124	88
4305152	85
4305153	87
4305154	87
4305155	87
4305156	86
4305168	87
4305176	87
4305178	87
4305179	87
4305180	86
4305184	86
4305186	88
4305187	88
4305188	87
4305920	86
4305921	88
4305922	88
4305923	88
4305924	87
4305928	88
4305936	88
4305938	90
4305939	88
4305940	89
4305944	88
4305946	88
4305947	88
4305948	87
4305952	87
4305954	89
4305955	87
4305956	88
4306432	86
4306433	88
4306434	88
4306435	86
4306436	87
4306440	88
4306448	88
4306450	90
4306451	88
4306452	89
4306456	86
4306458	86
4306459	88
4306460	85
4306464	87
4306466	89
4306467	87
4306468	88
4306560	86
4306561	88
4306562	88
4306563	88
4306564	87
4306624	86
4306625	88
4306626	88
4306627	88
4306628	87
4306640	88
4306648	88
4306650	88
4306651	88
4306652	87
4306656	87
4306658	89
4306659	87
4306660	88
4306688	87
4306689	87
4306690	87
4306691	87
4306692	86
4306704	87
4306712	87
4306714	87
4306715	87
4306716	86
4306720	88
4306722	88
4306723	88
4306724	87
4306944	85
4306945	87
4306946	87
4306947	87
4306948	86
4306952	87
4306960	87
4306962	89
4306963	87
4306964	88
4306968	87
4306970	87
4306971	87
4306972	86
4306976	86
4306978	88
4306979	86
4306980	87
4307072	87
4307073	89
4307074	89
4307075	89
4307076	88
4307136	85
4307137	87
4307138	87
4307139	85
4307140	86
4307152	87
4307160	87
4307162	89
4307163	87
4307164	88
4307168	86
4307170	88
4307171	86
4307172	87
4307200	86
4307201	88
4307202	88
4307203	88
4307204	87
4307216	88
4307224	88
4307226	88
4307227	88
4307228	87
4307232	87
4307234	89
4307235	87
4307236	88
4308992	85
4308993	87
4308994	87
4308995	85
4308996	86
4309000	87
4309008	87
4309010	89
4309011	87
4309012	88
4309016	85
4309018	85
4309019	87
4309020	84
4309024	86
4309026	88
4309027	86
4309028	87
4309056	87
4309057	87
4309058	87
4309059	87
4309060	86
4309120	87
4309121	87
4309122	87
4309123	87
4309124	86
4309136	87
4309144	87
4309146	87
4309147	87
4309148	86
4309152	86
4309154	88
4309155	86
4309156	87
4309184	85
4309185	87
4309186	87
4309187	85
4309188	86
4309200	87
4309208	87
4309210	87
4309211	87
4309212	86
4309216	86
4309218	88
4309219	86
4309220	87
4309248	86
4309249	86
4309250	86
4309251	86
4309252	85
4309264	86
4309272	86
4309274	86
4309275	86
4309276	85
4309280	87
4309282	87
4309283	87
4309284	86
4310016	85
4310017	87
4310018	87
4310019	87
4310020	86
4310024	87
4310032	87
4310034	89
4310035	87
4310036	88
4310040	87
4310042	87
4310043	87
4310044	86
4310048	86
4310050	88
4310051	86
4310052	87
4310528	85
4310529	87
4310530	87
4310531	85
4310532	86
4310536	87
4310544	87
4310546	89
4310547	87
4310548	88
4310552	85
4310554	85
4310555	87
4310556	84
4310560	86
4310562	88
4310563	86
4310564	87
4310656	87
4310657	87
4310658	87
4310659	87
4310660	86
4310720	87
4310721	87
4310722	87
4310723	87
4310724	86
4310736	87
4310744	87
4310746	87
4310747	87
4310748	86
4310752	88
4310754	88
4310755	88
4310756	87
4310784	86
4310785	86
4310786	86
4310787	86
4310788	85
4310800	86
4310808	86
4310810	86
4310811	86
4310812	85
4310816	87
4310818	87
4310819	87
4310820	86
4311040	86
4311041	88
4311042	88
4311043	86
4311044	87
4311048	88
4311056	88
4311058	90
4311059	88
4311060	89
4311064	86
4311066	86
4311067	88
4311068	85
4311072	87
4311074	89
4311075	87
4311076	88
4311168	86
4311169	88
4311170	88
4311171	88
4311172	87
4311232	86
4311233	88
4311234	88
4311235	86
4311236	87
4311248	88
4311256	88
4311258	88
4311259	88
4311260	87
4311264	87
4311266	89
4311267	87
4311268	88
4311296	87
4311297	87
4311298	87
4311299	87
4311300	86
4311312	87
4311320	87
4311322	87
4311323	87
4311324	86
4311328	88
4311330	88
4311331	88
4311332	87
4325376	83
4325377	85
4325378	85
4325379	85
4325380	84
4325384	85
4325392	85
4325394	87
4325395	85
4325396	86
4325400	85
4325402	85
4325403	85
4325404	84
4325408	84
4325410	86
4325411	86
4325412	85
4325440	85
4325441	87
4325442	87
4325443	87
4325444	86
4325504	85
4325505	87
4325506	87
4325507	87
4325508	86
4325520	87
4325528	87
4325530	87
4325531	87
4325532	86
4325536	86
4325538	88
4325539	86
4325540	87
4325568	85
4325569	87
4325570	87
4325571	85
4325572	86
4325584	87
4325592	85
4325594	87
4325595	87
4325596	86
4325600	86
4325602	86
4325603	86
4325604	87
4325632	84
4325633	86
4325634	86
4325635	86
4325636	85
4325648	86
4325656	86
4325658	86
4325659	86
4325660	85
4325664	85
4325666	87
4325667	87
4325668	86
4325888	85
4325889	87
4325890	87
4325891	87
4325892	86
4325896	87
4325904	87
4325906	89
4325907	87
4325908	88
4325912	87
4325914	87
4325915	87
4325916	86
4325920	86
4325922	88
4325923	86
4325924	87
4326400	85
4326401	87
4326402	87
4326403	87
4326404	86
4326408	87
4326416	87
4326418	89
4326419	87
4326420	88
4326424	87
4326426	87
4326427	87
4326428	86
4326432	86
4326434	88
4326435	86
4326436	87
4326528	87
4326529	89
4326530	89
4326531	89
4326532	88
4326592	85
4326593	87
4326594	87
4326595	85
4326596	86
4326608	87
4326616	87
4326618	89
4326619	87
4326620	88
4326624	86
4326626	88
4326627	86
4326628	87
4326656	86
4326657	88
4326658	88
4326659	88
4326660	87
4326672	88
4326680	86
4326682	88
4326683	88
4326684	87
4326688	87
4326690	89
4326691	87
4326692	88
4326912	85
4326913	87
4326914	87
4326915	85
4326916	86
4326920	87
4326928	87
4326930	89
4326931	87
4326932	88
4326936	85
4326938	85
4326939	87
4326940	84
4326944	86
4326946	88
4326947	86
4326948	87
4327040	85
4327041	87
4327042	87
4327043	87
4327044	86
4327104	85
4327105	87
4327106	87
4327107	87
4327108	86
4327120	87
4327128	87
4327130	87
4327131	87
4327132	86
4327136	86
4327138	88
4327139	86
4327140	87
4327168	86
4327169	86
4327170	86
4327171	86
4327172	85
4327184	86
4327192	86
4327194	86
4327195	86
4327196	85
4327200	87
4327202	87
4327203	87
4327204	86
4327424	84
4327425	86
4327426	86
4327427	86
4327428	85
4327432	86
4327440	86
4327442	88
4327443	86
4327444	87
4327448	86
4327450	86
4327451	86
4327452	85
4327456	85
4327458	87
4327459	85
4327460	86
4327552	86
4327553	88
4327554	88
4327555	88
4327556	87
4327616	84
4327617	86
4327618	86
4327619	84
4327620	85
4327632	86
4327640	86
4327642	88
4327643	86
4327644	87
4327648	85
4327650	87
4327651	85
4327652	86
4327680	85
4327681	87
4327682	87
4327683	87
4327684	86
4327696	87
4327704	87
4327706	87
4327707	87
4327708	86
4327712	86
4327714	88
4327715	86
4327716	87
4333568	85
4333569	87
4333570	87
4333571	87
4333572	86
4333576	87
4333584	87
4333586	89
4333587	87
4333588	88
4333592	87
4333594	87
4333595	87
4333596	86
4333600	86
4333602	88
4333603	88
4333604	87
4333632	87
4333633	89
4333634	89
4333635	89
4333636	88
4333696	87
4333697	89
4333698	89
4333699	89
4333700	88
4333712	89
4333720	89
4333722	89
4333723	89
4333724	88
4333728	88
4333730	90
4333731	88
4333732	89
4333760	87
4333761	89
4333762	89
4333763	87
4333764	88
4333776	89
4333784	87
4333786	89
4333787	89
4333788	88
4333792	88
4333794	88
4333795	88
4333796	89
4333824	86
4333825	88
4333826	88
4333827	88
4333828	87
4333840	88
4333848	88
4333850	88
4333851	88
4333852	87
4333856	87
4333858	89
4333859	89
4333860	88
4337664	83
4337665	85
4337666	85
4337667	85
4337668	84
4337672	85
4337680	85
4337682	87
4337683	85
4337684	86
4337688	85
4337690	87
4337691	85
4337692	86
4337696	84
4337698	86
4337699	84
4337700	85
4337728	85
4337729	87
4337730	87
4337731	87
4337732	86
4337792	85
4337793	87
4337794	87
4337795	85
4337796	86
4337808	87
4337816	87
4337818	87
4337819	87
4337820	86
4337824	86
4337826	88
4337827	86
4337828	87
4337856	83
4337857	85
4337858	85
4337859	83
4337860	84
4337872	85
4337880	85
4337882	87
4337883	85
4337884	86
4337888	84
4337890	86
4337891	84
4337892	85
4337920	84
4337921	86
4337922	86
4337923	86
4337924	85
4337936	86
4337944	86
4337946	88
4337947	86
4337948	87
4337952	85
4337954	87
4337955	85
4337956	86
4338688	85
4338689	87
4338690	87
4338691	87
4338692	86
4338696	87
4338704	87
4338706	89
4338707	87
4338708	88
4338712	87
4338714	87
4338715	87
4338716	86
4338720	86
4338722	88
4338723	86
4338724	87
4339200	85
4339201	87
4339202	87
4339203	87
4339204	86
4339208	87
4339216	87
4339218	89
4339219	87
4339220	88
4339224	87
4339226	87
4339227	87
4339228	86
4339232	86
4339234	88
4339235	86
4339236	87
4339328	87
4339329	89
4339330	89
4339331	89
4339332	88
4339392	85
4339393	87
4339394	87
4339395	87
4339396	86
4339408	87
4339416	87
4339418	89
4339419	87
4339420	88
4339424	86
4339426	88
4339427	86
4339428	87
4339456	86
4339457	88
4339458	88
4339459	88
4339460	87
4339472	88
4339480	88
4339482	88
4339483	88
4339484	87
4339488	87
4339490	89
4339491	87
4339492	88
4339712	84
4339713	86
4339714	86
4339715	86
4339716	85
4339720	86
4339728	86
4339730	88
4339731	86
4339732	87
4339736	86
4339738	88
4339739	86
4339740	87
4339744	85
4339746	87
4339747	85
4339748	86
4339840	86
4339841	88
4339842	88
4339843	88
4339844	87
4339904	84
4339905	86
4339906	86
4339907	84
4339908	85
4339920	86
4339928	86
4339930	88
4339931	86
4339932	87
4339936	85
4339938	87
4339939	85
4339940	86
4339968	85
4339969	87
4339970	87
4339971	87
4339972	86
4339984	87
4339992	87
4339994	89
4339995	87
4339996	88
4340000	86
4340002	88
4340003	86
4340004	87
4341760	84
4341761	86
4341762	86
4341763	86
4341764	85
4341768	86
4341776	86
4341778	88
4341779	86
4341780	87
4341784	86
4341786	86
4341787	86
4341788	85
4341792	85
4341794	87
4341795	87
4341796	86
4341824	86
4341825	88
4341826	88
4341827	88
4341828	87
4341888	86
4341889	88
4341890	88
4341891	88
4341892	87
4341904	88
4341912	88
4341914	88
4341915	88
4341916	87
4341920	87
4341922	89
4341923	87
4341924	88
4341952	86
4341953	88
4341954	88
4341955	86
4341956	87
4341968	88
4341976	86
4341978	88
4341979	88
4341980	87
4341984	87
4341986	87
4341987	87
4341988	88
4342016	85
4342017	87
4342018	87
4342019	87
4342020	86
4342032	87
4342040	87
4342042	87
4342043	87
4342044	86
4342048	86
4342050	88
4342051	88
4342052	87
4342784	86
4342785	88
4342786	88
4342787	88
4342788	87
4342792	88
4342800	88
4342802	90
4342803	88
4342804	89
4342808	88
4342810	88
4342811	88
4342812	87
4342816	87
4342818	89
4342819	87
4342820	88
4343296	86
4343297	88
4343298	88
4343299	86
4343300	87
4343304	88
4343312	88
4343314	90
4343315	88
4343316	89
4343320	86
4343322	86
4343323	88
4343324	85
4343328	87
4343330	89
4343331	87
4343332	88
4343424	86
4343425	88
4343426	88
4343427	88
4343428	87
4343488	86
4343489	88
4343490	88
4343491	88
4343492	87
4343504	88
4343512	88
4343514	88
4343515	88
4343516	87
4343520	87
4343522	89
4343523	87
4343524	88
4343552	87
4343553	87
4343554	87
4343555	87
4343556	86
4343568	87
4343576	87
4343578	87
4343579	87
4343580	86
4343584	88
4343586	88
4343587	88
4343588	87
4343808	85
4343809	87
4343810	87
4343811	87
4343812	86
4343816	87
4343824	87
4343826	89
4343827	87
4343828	88
4343832	87
4343834	87
4343835	87
4343836	86
4343840	86
4343842	88
4343843	86
4343844	87
4343936	87
4343937	89
4343938	89
4343939	89
4343940	88
4344000	85
4344001	87
4344002	87
4344003	85
4344004	86
4344016	87
4344024	87
4344026	89
4344027	87
4344028	88
4344032	86
4344034	88
4344035	86
4344036	87
4344064	86
4344065	88
4344066	88
4344067	88
4344068	87
4344080	88
4344088	88
4344090	88
4344091	88
4344092	87
4344096	87
4344098	89
4344099	87
4344100	88
4718592	84
4718593	86
4718594	86
4718595	86
4718596	85
4718600	86
4718608	86
4718610	88
4718611	86
4718612	87
4718616	86
4718618	86
4718619	86
4718620	85
4718624	85
4718626	87
4718627	87
4718628	86
4718656	86
4718657	88
4718658	88
4718659	88
4718660	87
4718720	86
4718721	88
4718722	88
4718723	88
4718724	87
4718736	88
4718744	86
4718746	88
4718747	88
4718748	87
4718752	87
4718754	89
4718755	87
4718756	88
4718784	86
4718785	88
4718786	88
4718787	86
4718788	87
4718800	88
4718808	86
4718810	88
4718811	88
4718812	87
4718816	87
4718818	87
4718819	87
4718820	88
4718848	85
4718849	87
4718850	87
4718851	87
4718852	86
4718864	87
4718872	85
4718874	87
4718875	87
4718876	86
4718880	86
4718882	88
4718883	88
4718884	87
4719104	86
4719105	88
4719106	88
4719107	88
4719108	87
4719112	88
4719120	88
4719122	90
4719123	88
4719124	89
4719128	88
4719130	88
4719131	88
4719132	87
4719136	87
4719138	89
4719139	89
4719140	88
4719616	86
4719617	88
4719618	88
4719619	88
4719620	87
4719624	88
4719632	88
4719634	90
4719635	88
4719636	89
4719640	86
4719642	88
4719643	88
4719644	87
4719648	87
4719650	89
4719651	89
4719652	88
4719744	88
4719745	90
4719746	90
4719747	90
4719748	89
4719808	86
4719809	88
4719810	88
4719811	88
4719812	87
4719824	88
4719832	88
4719834	90
4719835	88
4719836	89
4719840	87
4719842	89
4719843	89
4719844	88
4719872	87
4719873	89
4719874	89
4719875	89
4719876	88
4719888	89
4719896	87
4719898	89
4719899	89
4719900	88
4719904	88
4719906	90
4719907	88
4719908	89
4720128	84
4720129	86
4720130	86
4720131	86
4720132	85
4720136	86
4720144	86
4720146	88
4720147	86
4720148	87
4720152	84
4720154	86
4720155	86
4720156	85
4720160	85
4720162	87
4720163	87
4720164	86
4720256	86
4720257	88
4720258	88
4720259	88
4720260	87
4720320	86
4720321	88
4720322	88
4720323	88
4720324	87
4720336	88
4720344	86
4720346	88
4720347	88
4720348	87
4720352	87
4720354	89
4720355	89
4720356	88
4720384	85
4720385	87
4720386	87
4720387	87
4720388	86
4720400	87
4720408	85
4720410	87
4720411	87
4720412	86
4720416	86
4720418	88
4720419	88
4720420	87
4720640	85
4720641	87
4720642	87
4720643	87
4720644	86
4720648	87
4720656	87
4720658	89
4720659	87
4720660	88
4720664	87
4720666	87
4720667	87
4720668	86
4720672	86
4720674	88
4720675	88
4720676	87
4720768	87
4720769	89
4720770	89
4720771	89
4720772	88
4720832	87
4720833	89
4720834	89
4720835	87
4720836	88
4720848	89
4720856	87
4720858	89
4720859	89
4720860	88
4720864	88
4720866	88
4720867	88
4720868	89
4720896	86
4720897	88
4720898	88
4720899	88
4720900	87
4720912	88
4720920	86
4720922	88
4720923	88
4720924	87
4720928	87
4720930	89
4720931	89
4720932	88
4722688	86
4722689	88
4722690	88
4722691	88
4722692	87
4722696	88
4722704	88
4722706	90
4722707	88
4722708	89
4722712	88
4722714	88
4722715	88
4722716	87
4722720	87
4722722	89
4722723	89
4722724	88
4722752	88
4722753	90
4722754	90
4722755	90
4722756	89
4722816	88
4722817	90
4722818	90
4722819	90
4722820	89
4722832	90
4722840	88
4722842	90
4722843	90
4722844	89
4722848	89
4722850	91
4722851	89
4722852	90
4722880	88
4722881	90
4722882	90
4722883	88
4722884	89
4722896	90
4722904	88
4722906	90
4722907	90
4722908	89
4722912	89
4722914	89
4722915	89
4722916	90
4722944	87
4722945	89
4722946	89
4722947	89
4722948	88
4722960	89
4722968	87
4722970	89
4722971	89
4722972	88
4722976	88
4722978	90
4722979	90
4722980	89
4726784	86
4726785	88
4726786	88
4726787	88
4726788	87
4726792	88
4726800	88
4726802	90
4726803	88
4726804	89
4726808	88
4726810	88
4726811	88
4726812	87
4726816	87
4726818	89
4726819	89
4726820	88
4726848	88
4726849	90
4726850	90
4726851	90
4726852	89
4726912	88
4726913	90
4726914	90
4726915	90
4726916	89
4726928	90
4726936	88
4726938	90
4726939	90
4726940	89
4726944	89
4726946	91
4726947	89
4726948	90
4726976	88
4726977	90
4726978	90
4726979	88
4726980	89
4726992	90
4727000	88
4727002	90
4727003	90
4727004	89
4727008	89
4727010	89
4727011	89
4727012	90
4727040	87
4727041	89
4727042	89
4727043	89
4727044	88
4727056	89
4727064	87
4727066	89
4727067	89
4727068	88
4727072	88
4727074	90
4727075	90
4727076	89
4727808	88
4727809	90
4727810	90
4727811	88
4727812	89
4727816	90
4727824	90
4727826	92
4727827	90
4727828	91
4727832	90
4727834	90
4727835	90
4727836	89
4727840	89
4727842	91
4727843	89
4727844	90
4728320	86
4728321	88
4728322	88
4728323	88
4728324	87
4728328	88
4728336	88
4728338	90
4728339	88
4728340	89
4728344	86
4728346	88
4728347	88
4728348	87
4728352	87
4728354	89
4728355	89
4728356	88
4728448	88
4728449	90
4728450	90
4728451	90
4728452	89
4728512	88
4728513	90
4728514	90
4728515	90
4728516	89
4728528	90
4728536	88
4728538	90
4728539	90
4728540	89
4728544	89
4728546	91
4728547	89
4728548	90
4728576	87
4728577	89
4728578	89
4728579	89
4728580	88
4728592	89
4728600	87
4728602	89
4728603	89
4728604	88
4728608	88
4728610	90
4728611	90
4728612	89
4728832	87
4728833	89
4728834	89
4728835	89
4728836	88
4728840	89
4728848	89
4728850	91
4728851	89
4728852	90
4728856	89
4728858	89
4728859	89
4728860	88
4728864	88
4728866	90
4728867	88
4728868	89
4728960	89
4728961	91
4728962	91
4728963	91
4728964	90
4729024	87
4729025	89
4729026	89
4729027	87
4729028	88
4729040	89
4729048	89
4729050	91
4729051	89
4729052	90
4729056	88
4729058	90
4729059	88
4729060	89
4729088	88
4729089	90
4729090	90
4729091	90
4729092	89
4729104	90
4729112	88
4729114	90
4729115	90
4729116	89
4729120	89
4729122	91
4729123	89
4729124	90
4730880	86
4730881	88
4730882	88
4730883	88
4730884	87
4730888	88
4730896	88
4730898	88
4730899	88
4730900	89
4730904	88
4730906	88
4730907	88
4730908	87
4730912	87
4730914	89
4730915	87
4730916	88
4730944	88
4730945	90
4730946	90
4730947	90
4730948	89
4731008	88
4731009	90
4731010	90
4731011	88
4731012	89
4731024	90
4731032	88
4731034	90
4731035	90
4731036	89
4731040	89
4731042	91
4731043	89
4731044	90
4731072	86
4731073	88
4731074	88
4731075	86
4731076	87
4731088	88
4731096	88
4731098	90
4731099	88
4731100	89
4731104	87
4731106	87
4731107	87
4731108	88
4731136	87
4731137	89
4731138	89
4731139	89
4731140	88
4731152	89
4731160	87
4731162	89
4731163	89
4731164	88
4731168	88
4731170	90
4731171	88
4731172	89
4731904	88
4731905	90
4731906	90
4731907	88
4731908	89
4731912	90
4731920	90
4731922	90
4731923	90
4731924	91
4731928	90
4731930	90
4731931	90
4731932	89
4731936	89
4731938	89
4731939	89
4731940	90
4732416	86
4732417	88
4732418	88
4732419	88
4732420	87
4732424	88
4732432	88
4732434	90
4732435	88
4732436	89
4732440	88
4732442	88
4732443	88
4732444	87
4732448	87
4732450	89
4732451	89
4732452	88
4732544	88
4732545	90
4732546	90
4732547	90
4732548	89
4732608	88
4732609	90
4732610	90
4732611	88
4732612	89
4732624	90
4732632	88
4732634	90
4732635	90
4732636	89
4732640	89
4732642	89
4732643	89
4732644	90
4732672	87
4732673	89
4732674	89
4732675	89
4732676	88
4732688	89
4732696	87
4732698	89
4732699	89
4732700	88
4732704	88
4732706	90
4732707	90
4732708	89
4732928	87
4732929	89
4732930	89
4732931	87
4732932	88
4732936	89
4732944	89
4732946	89
4732947	89
4732948	90
4732952	89
4732954	89
4732955	89
4732956	88
4732960	88
4732962	88
4732963	88
4732964	89
4733056	87
4733057	89
4733058	89
4733059	89
4733060	88
4733120	87
4733121	89
4733122	89
4733123	87
4733124	88
4733136	89
4733144	89
4733146	89
4733147	89
4733148	90
4733152	88
4733154	88
4733155	88
4733156	89
4733184	88
4733185	90
4733186	90
4733187	88
4733188	89
4733200	90
4733208	88
4733210	90
4733211	90
4733212	89
4733216	89
4733218	89
4733219	89
4733220	90
4734976	85
4734977	87
4734978	87
4734979	87
4734980	86
4734984	87
4734992	87
4734994	89
4734995	87
4734996	88
4735000	87
4735002	87
4735003	87
4735004	86
4735008	86
4735010	88
4735011	88
4735012	87
4735040	87
4735041	89
4735042	89
4735043	89
4735044	88
4735104	87
4735105	89
4735106	89
4735107	89
4735108	88
4735120	89
4735128	87
4735130	89
4735131	89
4735132	88
4735136	88
4735138	90
4735139	88
4735140	89
4735168	87
4735169	89
4735170	89
4735171	87
4735172	88
4735184	89
4735192	87
4735194	89
4735195	89
4735196	88
4735200	88
4735202	88
4735203	88
4735204	89
4735232	86
4735233	88
4735234	88
4735235	88
4735236	87
4735248	88
4735256	86
4735258	88
4735259	88
4735260	87
4735264	87
4735266	89
4735267	89
4735268	88
4736000	87
4736001	89
4736002	89
4736003	87
4736004	88
4736008	89
4736016	89
4736018	91
4736019	89
4736020	90
4736024	89
4736026	89
4736027	89
4736028	88
4736032	88
4736034	90
4736035	88
4736036	89
4736512	85
4736513	87
4736514	87
4736515	87
4736516	86
4736520	87
4736528	87
4736530	89
4736531	87
4736532	88
4736536	85
4736538	87
4736539	87
4736540	86
4736544	86
4736546	88
4736547	88
4736548	87
4736640	87
4736641	89
4736642	89
4736643	89
4736644	88
4736704	87
4736705	89
4736706	89
4736707	89
4736708	88
4736720	89
4736728	87
4736730	89
4736731	89
4736732	88
4736736	88
4736738	90
4736739	90
4736740	89
4736768	86
4736769	88
4736770	88
4736771	88
4736772	87
4736784	88
4736792	86
4736794	88
4736795	88
4736796	87
4736800	87
4736802	89
4736803	89
4736804	88
4737024	86
4737025	88
4737026	88
4737027	88
4737028	87
4737032	88
4737040	88
4737042	90
4737043	88
4737044	89
4737048	88
4737050	88
4737051	88
4737052	87
4737056	87
4737058	89
4737059	89
4737060	88
4737152	88
4737153	90
4737154	90
4737155	90
4737156	89
4737216	88
4737217	90
4737218	90
4737219	88
4737220	89
4737232	90
4737240	88
4737242	90
4737243	90
4737244	89
4737248	89
4737250	89
4737251	89
4737252	90
4737280	87
4737281	89
4737282	89
4737283	89
4737284	88
4737296	89
4737304	87
4737306	89
4737307	89
4737308	88
4737312	88
4737314	90
4737315	90
4737316	89
4980736	82
4980737	84
4980738	84
4980739	84
4980740	83
4980744	84
4980752	84
4980754	86
4980755	84
4980756	85
4980760	84
4980762	86
4980763	84
4980764	85
4980768	83
4980770	85
4980771	85
4980772	84
4980800	84
4980801	86
4980802	86
4980803	86
4980804	85
4980864	84
4980865	86
4980866	86
4980867	86
4980868	85
4980880	86
4980888	86
4980890	86
4980891	86
4980892	85
4980896	85
4980898	87
4980899	85
4980900	86
4980928	84
4980929	86
4980930	86
4980931	84
4980932	85
4980944	86
4980952	84
4980954	86
4980955	86
4980956	85
4980960	85
4980962	85
4980963	85
4980964	86
4980992	83
4980993	85
4980994	85
4980995	85
4980996	84
4981008	85
4981016	85
4981018	87
4981019	85
4981020	86
4981024	84
4981026	86
4981027	86
4981028	85
4981248	84
4981249	86
4981250	86
4981251	86
4981252	85
4981256	86
4981264	86
4981266	88
4981267	86
4981268	87
4981272	86
4981274	88
4981275	86
4981276	87
4981280	85
4981282	87
4981283	85
4981284	86
4981760	84
4981761	86
4981762	86
4981763	86
4981764	85
4981768	86
4981776	86
4981778	88
4981779	86
4981780	87
4981784	86
4981786	88
4981787	86
4981788	87
4981792	85
4981794	87
4981795	85
4981796	86
4981888	86
4981889	88
4981890	88
4981891	88
4981892	87
4981952	84
4981953	86
4981954	86
4981955	84
4981956	85
4981968	86
4981976	86
4981978	88
4981979	86
4981980	87
4981984	85
4981986	87
4981987	85
4981988	86
4982016	85
4982017	87
4982018	87
4982019	87
4982020	86
4982032	87
4982040	85
4982042	87
4982043	87
4982044	86
4982048	86
4982050	88
4982051	86
4982052	87
4982272	84
4982273	86
4982274	86
4982275	86
4982276	85
4982280	86
4982288	86
4982290	88
4982291	86
4982292	87
4982296	84
4982298	86
4982299	86
4982300	85
4982304	85
4982306	87
4982307	85
4982308	86
4982400	86
4982401	88
4982402	88
4982403	88
4982404	87
4982464	84
4982465	86
4982466	86
4982467	86
4982468	85
4982480	86
4982488	86
4982490	88
4982491	86
4982492	87
4982496	85
4982498	87
4982499	85
4982500	86
4982528	85
4982529	87
4982530	87
4982531	87
4982532	86
4982544	87
4982552	85
4982554	87
4982555	87
4982556	86
4982560	86
4982562	88
4982563	86
4982564	87
4982784	83
4982785	85
4982786	85
4982787	85
4982788	84
4982792	85
4982800	85
4982802	87
4982803	85
4982804	86
4982808	85
4982810	87
4982811	85
4982812	86
4982816	84
4982818	86
4982819	84
4982820	85
4982912	85
4982913	87
4982914	87
4982915	87
4982916	86
4982976	83
4982977	85
4982978	85
4982979	83
4982980	84
4982992	85
4983000	85
4983002	87
4983003	85
4983004	86
4983008	84
4983010	86
4983011	84
4983012	85
4983040	84
4983041	86
4983042	86
4983043	86
4983044	85
4983056	86
4983064	86
4983066	88
4983067	86
4983068	87
4983072	85
4983074	87
4983075	85
4983076	86
4984832	84
4984833	86
4984834	86
4984835	86
4984836	85
4984840	86
4984848	86
4984850	88
4984851	86
4984852	87
4984856	86
4984858	88
4984859	86
4984860	87
4984864	85
4984866	87
4984867	87
4984868	86
4984896	86
4984897	88
4984898	88
4984899	88
4984900	87
4984960	86
4984961	88
4984962	88
4984963	88
4984964	87
4984976	88
4984984	88
4984986	88
4984987	88
4984988	87
4984992	87
4984994	89
4984995	87
4984996	88
4985024	86
4985025	88
4985026	88
4985027	86
4985028	87
4985040	88
4985048	86
4985050	88
4985051	88
4985052	87
4985056	87
4985058	87
4985059	87
4985060	88
4985088	85
4985089	87
4985090	87
4985091	87
4985092	86
4985104	87
4985112	87
4985114	89
4985115	87
4985116	88
4985120	86
4985122	88
4985123	88
4985124	87
4988928	84
4988929	86
4988930	86
4988931	86
4988932	85
4988936	86
4988944	86
4988946	88
4988947	86
4988948	87
4988952	86
4988954	88
4988955	86
4988956	87
4988960	85
4988962	87
4988963	85
4988964	86
4988992	86
4988993	88
4988994	88
4988995	88
4988996	87
4989056	86
4989057	88
4989058	88
4989059	86
4989060	87
4989072	88
4989080	88
4989082	88
4989083	88
4989084	87
4989088	87
4989090	89
4989091	87
4989092	88
4989120	84
4989121	86
4989122	86
4989123	84
4989124	85
4989136	86
4989144	86
4989146	88
4989147	86
4989148	87
4989152	85
4989154	87
4989155	85
4989156	86
4989184	85
4989185	87
4989186	87
4989187	87
4989188	86
4989200	87
4989208	87
4989210	89
4989211	87
4989212	88
4989216	86
4989218	88
4989219	86
4989220	87
4989952	86
4989953	88
4989954	88
4989955	86
4989956	87
4989960	88
4989968	88
4989970	90
4989971	88
4989972	89
4989976	88
4989978	88
4989979	88
4989980	87
4989984	87
4989986	89
4989987	87
4989988	88
4990464	86
4990465	88
4990466	88
4990467	86
4990468	87
4990472	88
4990480	88
4990482	90
4990483	88
4990484	89
4990488	86
4990490	88
4990491	88
4990492	87
4990496	87
4990498	89
4990499	87
4990500	88
4990592	86
4990593	88
4990594	88
4990595	88
4990596	87
4990656	86
4990657	88
4990658	88
4990659	88
4990660	87
4990672	88
4990680	88
4990682	88
4990683	88
4990684	87
4990688	87
4990690	89
4990691	87
4990692	88
4990720	87
4990721	87
4990722	87
4990723	87
4990724	86
4990736	87
4990744	87
4990746	89
4990747	87
4990748	88
4990752	88
4990754	88
4990755	88
4990756	87
4990976	85
4990977	87
4990978	87
4990979	87
4990980	86
4990984	87
4990992	87
4990994	89
4990995	87
4990996	88
4991000	87
4991002	87
4991003	87
4991004	86
4991008	86
4991010	88
4991011	86
4991012	87
4991104	87
4991105	89
4991106	89
4991107	89
4991108	88
4991168	85
4991169	87
4991170	87
4991171	85
4991172	86
4991184	87
4991192	87
4991194	89
4991195	87
4991196	88
4991200	86
4991202	88
4991203	86
4991204	87
4991232	86
4991233	88
4991234	88
4991235	88
4991236	87
4991248	88
4991256	88
4991258	88
4991259	88
4991260	87
4991264	87
4991266	89
4991267	87
4991268	88
4993024	82
4993025	84
4993026	84
4993027	84
4993028	83
4993032	84
4993040	84
4993042	86
4993043	84
4993044	85
4993048	84
4993050	86
4993051	84
4993052	85
4993056	83
4993058	85
4993059	83
4993060	84
4993088	84
4993089	86
4993090	86
4993091	86
4993092	85
4993152	84
4993153	86
4993154	86
4993155	84
4993156	85
4993168	86
4993176	86
4993178	86
4993179	86
4993180	85
4993184	85
4993186	87
4993187	85
4993188	86
4993216	82
4993217	84
4993218	84
4993219	82
4993220	83
4993232	84
4993240	84
4993242	86
4993243	84
4993244	85
4993248	83
4993250	85
4993251	83
4993252	84
4993280	83
4993281	85
4993282	85
4993283	85
4993284	84
4993296	85
4993304	85
4993306	87
4993307	85
4993308	86
4993312	84
4993314	86
4993315	84
4993316	85
4994048	84
4994049	86
4994050	86
4994051	86
4994052	85
4994056	86
4994064	86
4994066	88
4994067	86
4994068	87
4994072	86
4994074	88
4994075	86
4994076	87
4994080	85
4994082	87
4994083	85
4994084	86
4994560	84
4994561	86
4994562	86
4994563	86
4994564	85
4994568	86
4994576	86
4994578	88
4994579	86
4994580	87
4994584	86
4994586	88
4994587	86
4994588	87
4994592	85
4994594	87
4994595	85
4994596	86
4994688	86
4994689	88
4994690	88
4994691	88
4994692	87
4994752	84
4994753	86
4994754	86
4994755	86
4994756	85
4994768	86
4994776	86
4994778	88
4994779	86
4994780	87
4994784	85
4994786	87
4994787	85
4994788	86
4994816	85
4994817	87
4994818	87
4994819	87
4994820	86
4994832	87
4994840	87
4994842	89
4994843	87
4994844	88
4994848	86
4994850	88
4994851	86
4994852	87
4995072	83
4995073	85
4995074	85
4995075	85
4995076	84
4995080	85
4995088	85
4995090	87
4995091	85
4995092	86
4995096	85
4995098	87
4995099	85
4995100	86
4995104	84
4995106	86
4995107	84
4995108	85
4995200	85
4995201	87
4995202	87
4995203	87
4995204	86
4995264	83
4995265	85
4995266	85
4995267	83
4995268	84
4995280	85
4995288	85
4995290	87
4995291	85
4995292	86
4995296	84
4995298	86
4995299	84
4995300	85
4995328	84
4995329	86
4995330	86
4995331	86
4995332	85
4995344	86
4995352	86
4995354	88
4995355	86
4995356	87
4995360	85
4995362	87
4995363	85
4995364	86
4997120	83
4997121	85
4997122	85
4997123	85
4997124	84
4997128	85
4997136	85
4997138	87
4997139	85
4997140	86
4997144	85
4997146	87
4997147	85
4997148	86
4997152	84
4997154	86
4997155	86
4997156	85
4997184	85
4997185	87
4997186	87
4997187	87
4997188	86
4997248	85
4997249	87
4997250	87
4997251	87
4997252	86
4997264	87
4997272	87
4997274	87
4997275	87
4997276	86
4997280	86
4997282	88
4997283	86
4997284	87
4997312	85
4997313	87
4997314	87
4997315	85
4997316	86
4997328	87
4997336	85
4997338	87
4997339	87
4997340	86
4997344	86
4997346	86
4997347	86
4997348	87
4997376	84
4997377	86
4997378	86
4997379	86
4997380	85
4997392	86
4997400	86
4997402	88
4997403	86
4997404	87
4997408	85
4997410	87
4997411	87
4997412	86
4998144	85
4998145	87
4998146	87
4998147	87
4998148	86
4998152	87
4998160	87
4998162	89
4998163	87
4998164	88
4998168	87
4998170	87
4998171	87
4998172	86
4998176	86
4998178	88
4998179	86
4998180	87
4998656	85
4998657	87
4998658	87
4998659	87
4998660	86
4998664	87
4998672	87
4998674	89
4998675	87
4998676	88
4998680	85
4998682	87
4998683	87
4998684	86
4998688	86
4998690	88
4998691	86
4998692	87
4998784	87
4998785	89
4998786	89
4998787	89
4998788	88
4998848	85
4998849	87
4998850	87
4998851	87
4998852	86
4998864	87
4998872	87
4998874	89
4998875	87
4998876	88
4998880	86
4998882	88
4998883	86
4998884	87
4998912	86
4998913	88
4998914	88
4998915	88
4998916	87
4998928	88
4998936	86
4998938	88
4998939	88
4998940	87
4998944	87
4998946	89
4998947	87
4998948	88
4999168	84
4999169	86
4999170	86
4999171	86
4999172	85
4999176	86
4999184	86
4999186	88
4999187	86
4999188	87
4999192	86
4999194	88
4999195	86
4999196	87
4999200	85
4999202	87
4999203	85
4999204	86
4999296	86
4999297	88
4999298	88
4999299	88
4999300	87
4999360	84
4999361	86
4999362	86
4999363	84
4999364	85
4999376	86
4999384	86
4999386	88
4999387	86
4999388	87
4999392	85
4999394	87
4999395	85
4999396	86
4999424	85
4999425	87
4999426	87
4999427	87
4999428	86
4999440	87
4999448	87
4999450	89
4999451	87
4999452	88
4999456	86
4999458	88
4999459	86
4999460	87
5046272	84
5046273	86
5046274	86
5046275	86
5046276	85
5046280	86
5046288	86
5046290	88
5046291	86
5046292	87
5046296	86
5046298	86
5046299	86
5046300	85
5046304	85
5046306	87
5046307	87
5046308	86
5046336	86
5046337	88
5046338	88
5046339	88
5046340	87
5046400	86
5046401	88
5046402	88
5046403	88
5046404	87
5046416	88
5046424	88
5046426	88
5046427	88
5046428	87
5046432	87
5046434	89
5046435	87
5046436	88
5046464	86
5046465	88
5046466	88
5046467	86
5046468	87
5046480	88
5046488	86
5046490	88
5046491	88
5046492	87
5046496	87
5046498	87
5046499	87
5046500	88
5046528	85
5046529	87
5046530	87
5046531	87
5046532	86
5046544	87
5046552	87
5046554	87
5046555	87
5046556	86
5046560	86
5046562	88
5046563	88
5046564	87
5046784	86
5046785	88
5046786	88
5046787	88
5046788	87
5046792	88
5046800	88
5046802	90
5046803	88
5046804	89
5046808	88
5046810	88
5046811	88
5046812	87
5046816	87
5046818	89
5046819	87
5046820	88
5047296	86
5047297	88
5047298	88
5047299	88
5047300	87
5047304	88
5047312	88
5047314	90
5047315	88
5047316	89
5047320	88
5047322	88
5047323	88
5047324	87
5047328	87
5047330	89
5047331	87
5047332	88
5047424	88
5047425	90
5047426	90
5047427	90
5047428	89
5047488	86
5047489	88
5047490	88
5047491	86
5047492	87
5047504	88
5047512	88
5047514	90
5047515	88
5047516	89
5047520	87
5047522	89
5047523	87
5047524	88
5047552	87
5047553	89
5047554	89
5047555	89
5047556	88
5047568	89
5047576	87
5047578	89
5047579	89
5047580	88
5047584	88
5047586	90
5047587	88
5047588	89
5047808	86
5047809	88
5047810	88
5047811	86
5047812	87
5047816	88
5047824	88
5047826	90
5047827	88
5047828	89
5047832	86
5047834	86
5047835	88
5047836	85
5047840	87
5047842	89
5047843	87
5047844	88
5047936	86
5047937	88
5047938	88
5047939	88
5047940	87
5048000	86
5048001	88
5048002	88
5048003	88
5048004	87
5048016	88
5048024	88
5048026	88
5048027	88
5048028	87
5048032	87
5048034	89
5048035	87
5048036	88
5048064	87
5048065	87
5048066	87
5048067	87
5048068	86
5048080	87
5048088	87
5048090	87
5048091	87
5048092	86
5048096	88
5048098	88
5048099	88
5048100	87
5048320	85
5048321	87
5048322	87
5048323	87
5048324	86
5048328	87
5048336	87
5048338	89
5048339	87
5048340	88
5048344	87
5048346	87
5048347	87
5048348	86
5048352	86
5048354	88
5048355	86
5048356	87
5048448	87
5048449	89
5048450	89
5048451	89
5048452	88
5048512	85
5048513	87
5048514	87
5048515	85
5048516	86
5048528	87
5048536	87
5048538	89
5048539	87
5048540	88
5048544	86
5048546	88
5048547	86
5048548	87
5048576	86
5048577	88
5048578	88
5048579	88
5048580	87
5048592	88
5048600	88
5048602	88
5048603	88
5048604	87
5048608	87
5048610	89
5048611	87
5048612	88
5079040	84
5079041	86
5079042	86
5079043	86
5079044	85
5079048	86
5079056	86
5079058	88
5079059	86
5079060	87
5079064	86
5079066	86
5079067	86
5079068	85
5079072	85
5079074	87
5079075	87
5079076	86
5079104	86
5079105	88
5079106	88
5079107	88
5079108	87
5079168	86
5079169	88
5079170	88
5079171	88
5079172	87
5079184	88
5079192	88
5079194	88
5079195	88
5079196	87
5079200	87
5079202	89
5079203	87
5079204	88
5079232	86
5079233	88
5079234	88
5079235	86
5079236	87
5079248	88
5079256	86
5079258	88
5079259	88
5079260	87
5079264	87
5079266	87
5079267	87
5079268	88
5079296	85
5079297	87
5079298	87
5079299	87
5079300	86
5079312	87
5079320	87
5079322	87
5079323	87
5079324	86
5079328	86
5079330	88
5079331	88
5079332	87
5079552	86
5079553	88
5079554	88
5079555	88
5079556	87
5079560	88
5079568	88
5079570	90
5079571	88
5079572	89
5079576	88
5079578	88
5079579	88
5079580	87
5079584	87
5079586	89
5079587	87
5079588	88
5080064	86
5080065	88
5080066	88
5080067	88
5080068	87
5080072	88
5080080	88
5080082	90
5080083	88
5080084	89
5080088	88
5080090	88
5080091	88
5080092	87
5080096	87
5080098	89
5080099	87
5080100	88
5080192	88
5080193	90
5080194	90
5080195	90
5080196	89
5080256	86
5080257	88
5080258	88
5080259	86
5080260	87
5080272	88
5080280	88
5080282	90
5080283	88
5080284	89
5080288	87
5080290	89
5080291	87
5080292	88
5080320	87
5080321	89
5080322	89
5080323	89
5080324	88
5080336	89
5080344	87
5080346	89
5080347	89
5080348	88
5080352	88
5080354	90
5080355	88
5080356	89
5080576	86
5080577	88
5080578	88
5080579	86
5080580	87
5080584	88
5080592	88
5080594	90
5080595	88
5080596	89
5080600	86
5080602	86
5080603	88
5080604	85
5080608	87
5080610	89
5080611	87
5080612	88
5080704	86
5080705	88
5080706	88
5080707	88
5080708	87
5080768	86
5080769	88
5080770	88
5080771	88
5080772	87
5080784	88
5080792	88
5080794	88
5080795	88
5080796	87
5080800	87
5080802	89
5080803	87
5080804	88
5080832	87
5080833	87
5080834	87
5080835	87
5080836	86
5080848	87
5080856	87
5080858	87
5080859	87
5080860	86
5080864	88
5080866	88
5080867	88
5080868	87
5081088	85
5081089	87
5081090	87
5081091	87
5081092	86
5081096	87
5081104	87
5081106	89
5081107	87
5081108	88
5081112	87
5081114	87
5081115	87
5081116	86
5081120	86
5081122	88
5081123	86
5081124	87
5081216	87
5081217	89
5081218	89
5081219	89
5081220	88
5081280	85
5081281	87
5081282	87
5081283	85
5081284	86
5081296	87
5081304	87
5081306	89
5081307	87
5081308	88
5081312	86
5081314	88
5081315	86
5081316	87
5081344	86
5081345	88
5081346	88
5081347	88
5081348	87
5081360	88
5081368	88
5081370	88
5081371	88
5081372	87
5081376	87
5081378	89
5081379	87
5081380	88
5087232	86
5087233	88
5087234	88
5087235	88
5087236	87
5087240	88
5087248	88
5087250	90
5087251	88
5087252	89
5087256	88
5087258	88
5087259	88
5087260	87
5087264	87
5087266	89
5087267	89
5087268	88
5087296	88
5087297	90
5087298	90
5087299	90
5087300	89
5087360	88
5087361	90
5087362	90
5087363	90
5087364	89
5087376	90
5087384	88
5087386	90
5087387	90
5087388	89
5087392	89
5087394	91
5087395	89
5087396	90
5087424	88
5087425	90
5087426	90
5087427	88
5087428	89
5087440	90
5087448	88
5087450	90
5087451	90
5087452	89
5087456	89
5087458	89
5087459	89
5087460	90
5087488	87
5087489	89
5087490	89
5087491	89
5087492	88
5087504	89
5087512	87
5087514	89
5087515	89
5087516	88
5087520	88
5087522	90
5087523	90
5087524	89
5091328	84
5091329	86
5091330	86
5091331	86
5091332	85
5091336	86
5091344	86
5091346	88
5091347	86
5091348	87
5091352	86
5091354	88
5091355	86
5091356	87
5091360	85
5091362	87
5091363	87
5091364	86
5091392	86
5091393	88
5091394	88
5091395	88
5091396	87
5091456	86
5091457	88
5091458	88
5091459	88
5091460	87
5091472	88
5091480	88
5091482	88
5091483	88
5091484	87
5091488	87
5091490	89
5091491	87
5091492	88
5091520	86
5091521	88
5091522	88
5091523	86
5091524	87
5091536	88
5091544	86
5091546	88
5091547	88
5091548	87
5091552	87
5091554	87
5091555	87
5091556	88
5091584	85
5091585	87
5091586	87
5091587	87
5091588	86
5091600	87
5091608	87
5091610	89
5091611	87
5091612	88
5091616	86
5091618	88
5091619	88
5091620	87
5092352	86
5092353	88
5092354	88
5092355	88
5092356	87
5092360	88
5092368	88
5092370	90
5092371	88
5092372	89
5092376	88
5092378	88
5092379	88
5092380	87
5092384	87
5092386	89
5092387	87
5092388	88
5092864	86
5092865	88
5092866	88
5092867	88
5092868	87
5092872	88
5092880	88
5092882	90
5092883	88
5092884	89
5092888	88
5092890	88
5092891	88
5092892	87
5092896	87
5092898	89
5092899	87
5092900	88
5092992	88
5092993	90
5092994	90
5092995	90
5092996	89
5093056	86
5093057	88
5093058	88
5093059	88
5093060	87
5093072	88
5093080	88
5093082	90
5093083	88
5093084	89
5093088	87
5093090	89
5093091	87
5093092	88
5093120	87
5093121	89
5093122	89
5093123	89
5093124	88
5093136	89
5093144	87
5093146	89
5093147	89
5093148	88
5093152	88
5093154	90
5093155	88
5093156	89
5093376	85
5093377	87
5093378	87
5093379	87
5093380	86
5093384	87
5093392	87
5093394	89
5093395	87
5093396	88
5093400	87
5093402	89
5093403	87
5093404	88
5093408	86
5093410	88
5093411	86
5093412	87
5093504	87
5093505	89
5093506	89
5093507	89
5093508	88
5093568	85
5093569	87
5093570	87
5093571	85
5093572	86
5093584	87
5093592	87
5093594	89
5093595	87
5093596	88
5093600	86
5093602	88
5093603	86
5093604	87
5093632	86
5093633	88
5093634	88
5093635	88
5093636	87
5093648	88
5093656	88
5093658	90
5093659	88
5093660	89
5093664	87
5093666	89
5093667	87
5093668	88
5095424	85
5095425	87
5095426	87
5095427	87
5095428	86
5095432	87
5095440	87
5095442	89
5095443	87
5095444	88
5095448	87
5095450	87
5095451	87
5095452	86
5095456	86
5095458	88
5095459	88
5095460	87
5095488	87
5095489	89
5095490	89
5095491	89
5095492	88
5095552	87
5095553	89
5095554	89
5095555	89
5095556	88
5095568	89
5095576	87
5095578	89
5095579	89
5095580	88
5095584	88
5095586	90
5095587	88
5095588	89
5095616	87
5095617	89
5095618	89
5095619	87
5095620	88
5095632	89
5095640	87
5095642	89
5095643	89
5095644	88
5095648	88
5095650	88
5095651	88
5095652	89
5095680	86
5095681	88
5095682	88
5095683	88
5095684	87
5095696	88
5095704	86
5095706	88
5095707	88
5095708	87
5095712	87
5095714	89
5095715	89
5095716	88
5096448	87
5096449	89
5096450	89
5096451	89
5096452	88
5096456	89
5096464	89
5096466	91
5096467	89
5096468	90
5096472	89
5096474	89
5096475	89
5096476	88
5096480	88
5096482	90
5096483	88
5096484	89
5096960	85
5096961	87
5096962	87
5096963	87
5096964	86
5096968	87
5096976	87
5096978	89
5096979	87
5096980	88
5096984	85
5096986	87
5096987	87
5096988	86
5096992	86
5096994	88
5096995	88
5096996	87
5097088	87
5097089	89
5097090	89
5097091	89
5097092	88
5097152	87
5097153	89
5097154	89
5097155	89
5097156	88
5097168	89
5097176	87
5097178	89
5097179	89
5097180	88
5097184	88
5097186	90
5097187	88
5097188	89
5097216	86
5097217	88
5097218	88
5097219	88
5097220	87
5097232	88
5097240	86
5097242	88
5097243	88
5097244	87
5097248	87
5097250	89
5097251	89
5097252	88
5097472	86
5097473	88
5097474	88
5097475	88
5097476	87
5097480	88
5097488	88
5097490	90
5097491	88
5097492	89
5097496	88
5097498	88
5097499	88
5097500	87
5097504	87
5097506	89
5097507	87
5097508	88
5097600	88
5097601	90
5097602	90
5097603	90
5097604	89
5097664	86
5097665	88
5097666	88
5097667	86
5097668	87
5097680	88
5097688	88
5097690	90
5097691	88
5097692	89
5097696	87
5097698	89
5097699	87
5097700	88
5097728	87
5097729	89
5097730	89
5097731	89
5097732	88
5097744	89
5097752	87
5097754	89
5097755	89
5097756	88
5097760	88
5097762	90
5097763	88
5097764	89
5111808	83
5111809	85
5111810	85
5111811	85
5111812	84
5111816	85
5111824	85
5111826	87
5111827	85
5111828	86
5111832	85
5111834	87
5111835	85
5111836	86
5111840	84
5111842	86
5111843	86
5111844	85
5111872	85
5111873	87
5111874	87
5111875	87
5111876	86
5111936	85
5111937	87
5111938	87
5111939	87
5111940	86
5111952	87
5111960	87
5111962	87
5111963	87
5111964	86
5111968	86
5111970	88
5111971	86
5111972	87
5112000	85
5112001	87
5112002	87
5112003	85
5112004	86
5112016	87
5112024	85
5112026	87
5112027	87
5112028	86
5112032	86
5112034	86
5112035	86
5112036	87
5112064	84
5112065	86
5112066	86
5112067	86
5112068	85
5112080	86
5112088	86
5112090	88
5112091	86
5112092	87
5112096	85
5112098	87
5112099	87
5112100	86
5112320	85
5112321	87
5112322	87
5112323	87
5112324	86
5112328	87
5112336	87
5112338	89
5112339	87
5112340	88
5112344	87
5112346	89
5112347	87
5112348	88
5112352	86
5112354	88
5112355	86
5112356	87
5112832	85
5112833	87
5112834	87
5112835	87
5112836	86
5112840	87
5112848	87
5112850	89
5112851	87
5112852	88
5112856	87
5112858	89
5112859	87
5112860	88
5112864	86
5112866	88
5112867	86
5112868	87
5112960	87
5112961	89
5112962	89
5112963	89
5112964	88
5113024	85
5113025	87
5113026	87
5113027	85
5113028	86
5113040	87
5113048	87
5113050	89
5113051	87
5113052	88
5113056	86
5113058	88
5113059	86
5113060	87
5113088	86
5113089	88
5113090	88
5113091	88
5113092	87
5113104	88
5113112	86
5113114	88
5113115	88
5113116	87
5113120	87
5113122	89
5113123	87
5113124	88
5113344	85
5113345	87
5113346	87
5113347	87
5113348	86
5113352	87
5113360	87
5113362	89
5113363	87
5113364	88
5113368	85
5113370	87
5113371	87
5113372	86
5113376	86
5113378	88
5113379	86
5113380	87
5113472	87
5113473	89
5113474	89
5113475	89
5113476	88
5113536	85
5113537	87
5113538	87
5113539	87
5113540	86
5113552	87
5113560	87
5113562	89
5113563	87
5113564	88
5113568	86
5113570	88
5113571	86
5113572	87
5113600	86
5113601	88
5113602	88
5113603	88
5113604	87
5113616	88
5113624	86
5113626	88
5113627	88
5113628	87
5113632	87
5113634	89
5113635	87
5113636	88
5113856	84
5113857	86
5113858	86
5113859	86
5113860	85
5113864	86
5113872	86
5113874	88
5113875	86
5113876	87
5113880	86
5113882	88
5113883	86
5113884	87
5113888	85
5113890	87
5113891	85
5113892	86
5113984	86
5113985	88
5113986	88
5113987	88
5113988	87
5114048	84
5114049	86
5114050	86
5114051	84
5114052	85
5114064	86
5114072	86
5114074	88
5114075	86
5114076	87
5114080	85
5114082	87
5114083	85
5114084	86
5114112	85
5114113	87
5114114	87
5114115	87
5114116	86
5114128	87
5114136	87
5114138	89
5114139	87
5114140	88
5114144	86
5114146	88
5114147	86
5114148	87
5120000	85
5120001	87
5120002	87
5120003	87
5120004	86
5120008	87
5120016	87
5120018	89
5120019	87
5120020	88
5120024	87
5120026	87
5120027	87
5120028	86
5120032	86
5120034	88
5120035	88
5120036	87
5120064	87
5120065	89
5120066	89
5120067	89
5120068	88
5120128	87
5120129	89
5120130	89
5120131	89
5120132	88
5120144	89
5120152	89
5120154	89
5120155	89
5120156	88
5120160	88
5120162	90
5120163	88
5120164	89
5120192	87
5120193	89
5120194	89
5120195	87
5120196	88
5120208	89
5120216	87
5120218	89
5120219	89
5120220	88
5120224	88
5120226	88
5120227	88
5120228	89
5120256	86
5120257	88
5120258	88
5120259	88
5120260	87
5120272	88
5120280	88
5120282	88
5120283	88
5120284	87
5120288	87
5120290	89
5120291	89
5120292	88
5124096	83
5124097	85
5124098	85
5124099	85
5124100	84
5124104	85
5124112	85
5124114	87
5124115	85
5124116	86
5124120	85
5124122	87
5124123	85
5124124	86
5124128	84
5124130	86
5124131	84
5124132	85
5124160	85
5124161	87
5124162	87
5124163	87
5124164	86
5124224	85
5124225	87
5124226	87
5124227	85
5124228	86
5124240	87
5124248	87
5124250	87
5124251	87
5124252	86
5124256	86
5124258	88
5124259	86
5124260	87
5124288	83
5124289	85
5124290	85
5124291	83
5124292	84
5124304	85
5124312	85
5124314	87
5124315	85
5124316	86
5124320	84
5124322	86
5124323	84
5124324	85
5124352	84
5124353	86
5124354	86
5124355	86
5124356	85
5124368	86
5124376	86
5124378	88
5124379	86
5124380	87
5124384	85
5124386	87
5124387	85
5124388	86
5125120	85
5125121	87
5125122	87
5125123	87
5125124	86
5125128	87
5125136	87
5125138	89
5125139	87
5125140	88
5125144	87
5125146	89
5125147	87
5125148	88
5125152	86
5125154	88
5125155	86
5125156	87
5125632	85
5125633	87
5125634	87
5125635	87
5125636	86
5125640	87
5125648	87
5125650	89
5125651	87
5125652	88
5125656	87
5125658	89
5125659	87
5125660	88
5125664	86
5125666	88
5125667	86
5125668	87
5125760	87
5125761	89
5125762	89
5125763	89
5125764	88
5125824	85
5125825	87
5125826	87
5125827	87
5125828	86
5125840	87
5125848	87
5125850	89
5125851	87
5125852	88
5125856	86
5125858	88
5125859	86
5125860	87
5125888	86
5125889	88
5125890	88
5125891	88
5125892	87
5125904	88
5125912	88
5125914	90
5125915	88
5125916	89
5125920	87
5125922	89
5125923	87
5125924	88
5126144	84
5126145	86
5126146	86
5126147	86
5126148	85
5126152	86
5126160	86
5126162	88
5126163	86
5126164	87
5126168	86
5126170	88
5126171	86
5126172	87
5126176	85
5126178	87
5126179	85
5126180	86
5126272	86
5126273	88
5126274	88
5126275	88
5126276	87
5126336	84
5126337	86
5126338	86
5126339	84
5126340	85
5126352	86
5126360	86
5126362	88
5126363	86
5126364	87
5126368	85
5126370	87
5126371	85
5126372	86
5126400	85
5126401	87
5126402	87
5126403	87
5126404	86
5126416	87
5126424	87
5126426	89
5126427	87
5126428	88
5126432	86
5126434	88
5126435	86
5126436	87
5128192	84
5128193	86
5128194	86
5128195	86
5128196	85
5128200	86
5128208	86
5128210	88
5128211	86
5128212	87
5128216	86
5128218	88
5128219	86
5128220	87
5128224	85
5128226	87
5128227	87
5128228	86
5128256	86
5128257	88
5128258	88
5128259	88
5128260	87
5128320	86
5128321	88
5128322	88
5128323	88
5128324	87
5128336	88
5128344	88
5128346	88
5128347	88
5128348	87
5128352	87
5128354	89
5128355	87
5128356	88
5128384	86
5128385	88
5128386	88
5128387	86
5128388	87
5128400	88
5128408	86
5128410	88
5128411	88
5128412	87
5128416	87
5128418	87
5128419	87
5128420	88
5128448	85
5128449	87
5128450	87
5128451	87
5128452	86
5128464	87
5128472	87
5128474	89
5128475	87
5128476	88
5128480	86
5128482	88
5128483	88
5128484	87
5129216	86
5129217	88
5129218	88
5129219	88
5129220	87
5129224	88
5129232	88
5129234	90
5129235	88
5129236	89
5129240	88
5129242	88
5129243	88
5129244	87
5129248	87
5129250	89
5129251	87
5129252	88
5129728	86
5129729	88
5129730	88
5129731	88
5129732	87
5129736	88
5129744	88
5129746	90
5129747	88
5129748	89
5129752	86
5129754	88
5129755	88
5129756	87
5129760	87
5129762	89
5129763	87
5129764	88
5129856	88
5129857	90
5129858	90
5129859	90
5129860	89
5129920	86
5129921	88
5129922	88
5129923	88
5129924	87
5129936	88
5129944	88
5129946	90
5129947	88
5129948	89
5129952	87
5129954	89
5129955	87
5129956	88
5129984	87
5129985	89
5129986	89
5129987	89
5129988	88
5130000	89
5130008	87
5130010	89
5130011	89
5130012	88
5130016	88
5130018	90
5130019	88
5130020	89
5130240	85
5130241	87
5130242	87
5130243	87
5130244	86
5130248	87
5130256	87
5130258	89
5130259	87
5130260	88
5130264	87
5130266	89
5130267	87
5130268	88
5130272	86
5130274	88
5130275	86
5130276	87
5130368	87
5130369	89
5130370	89
5130371	89
5130372	88
5130432	85
5130433	87
5130434	87
5130435	85
5130436	86
5130448	87
5130456	87
5130458	89
5130459	87
5130460	88
5130464	86
5130466	88
5130467	86
5130468	87
5130496	86
5130497	88
5130498	88
5130499	88
5130500	87
5130512	88
5130520	88
5130522	90
5130523	88
5130524	89
5130528	87
5130530	89
5130531	87
5130532	88
5242880	83
5242881	85
5242882	85
5242883	85
5242884	84
5242888	85
5242896	85
5242898	87
5242899	85
5242900	86
5242904	85
5242906	85
5242907	85
5242908	84
5242912	84
5242914	86
5242915	86
5242916	85
5242944	85
5242945	87
5242946	87
5242947	87
5242948	86
5243008	85
5243009	87
5243010	87
5243011	87
5243012	86
5243024	87
5243032	87
5243034	87
5243035	87
5243036	86
5243040	86
5243042	88
5243043	86
5243044	87
5243072	85
5243073	87
5243074	87
5243075	85
5243076	86
5243088	87
5243096	85
5243098	87
5243099	87
5243100	86
5243104	86
5243106	86
5243107	86
5243108	87
5243136	84
5243137	86
5243138	86
5243139	86
5243140	85
5243152	86
5243160	86
5243162	86
5243163	86
5243164	85
5243168	85
5243170	87
5243171	87
5243172	86
5243392	85
5243393	87
5243394	87
5243395	87
5243396	86
5243400	87
5243408	87
5243410	89
5243411	87
5243412	88
5243416	87
5243418	87
5243419	87
5243420	86
5243424	86
5243426	88
5243427	88
5243428	87
5243904	85
5243905	87
5243906	87
5243907	87
5243908	86
5243912	87
5243920	87
5243922	89
5243923	87
5243924	88
5243928	87
5243930	87
5243931	87
5243932	86
5243936	86
5243938	88
5243939	88
5243940	87
5244032	87
5244033	89
5244034	89
5244035	89
5244036	88
5244096	85
5244097	87
5244098	87
5244099	87
5244100	86
5244112	87
5244120	87
5244122	89
5244123	87
5244124	88
5244128	86
5244130	88
5244131	88
5244132	87
5244160	86
5244161	88
5244162	88
5244163	88
5244164	87
5244176	88
5244184	86
5244186	88
5244187	88
5244188	87
5244192	87
5244194	89
5244195	87
5244196	88
5244416	85
5244417	87
5244418	87
5244419	85
5244420	86
5244424	87
5244432	87
5244434	89
5244435	87
5244436	88
5244440	85
5244442	85
5244443	87
5244444	84
5244448	86
5244450	88
5244451	86
5244452	87
5244544	85
5244545	87
5244546	87
5244547	87
5244548	86
5244608	85
5244609	87
5244610	87
5244611	87
5244612	86
5244624	87
5244632	87
5244634	87
5244635	87
5244636	86
5244640	86
5244642	88
5244643	88
5244644	87
5244672	86
5244673	86
5244674	86
5244675	86
5244676	85
5244688	86
5244696	86
5244698	86
5244699	86
5244700	85
5244704	87
5244706	87
5244707	87
5244708	86
5244928	84
5244929	86
5244930	86
5244931	86
5244932	85
5244936	86
5244944	86
5244946	88
5244947	86
5244948	87
5244952	86
5244954	86
5244955	86
5244956	85
5244960	85
5244962	87
5244963	87
5244964	86
5245056	86
5245057	88
5245058	88
5245059	88
5245060	87
5245120	86
5245121	88
5245122	88
5245123	86
5245124	87
5245136	88
5245144	86
5245146	88
5245147	88
5245148	87
5245152	87
5245154	87
5245155	87
5245156	88
5245184	85
5245185	87
5245186	87
5245187	87
5245188	86
5245200	87
5245208	87
5245210	87
5245211	87
5245212	86
5245216	86
5245218	88
5245219	88
5245220	87
5246976	85
5246977	87
5246978	87
5246979	87
5246980	86
5246984	87
5246992	87
5246994	89
5246995	87
5246996	88
5247000	87
5247002	87
5247003	87
5247004	86
5247008	86
5247010	88
5247011	88
5247012	87
5247040	87
5247041	89
5247042	89
5247043	89
5247044	88
5247104	87
5247105	89
5247106	89
5247107	89
5247108	88
5247120	89
5247128	87
5247130	89
5247131	89
5247132	88
5247136	88
5247138	90
5247139	88
5247140	89
5247168	87
5247169	89
5247170	89
5247171	87
5247172	88
5247184	89
5247192	87
5247194	89
5247195	89
5247196	88
5247200	88
5247202	88
5247203	88
5247204	89
5247232	86
5247233	88
5247234	88
5247235	88
5247236	87
5247248	88
5247256	86
5247258	88
5247259	88
5247260	87
5247264	87
5247266	89
5247267	89
5247268	88
5251072	85
5251073	87
5251074	87
5251075	87
5251076	86
5251080	87
5251088	87
5251090	89
5251091	87
5251092	88
5251096	87
5251098	87
5251099	87
5251100	86
5251104	86
5251106	88
5251107	88
5251108	87
5251136	87
5251137	89
5251138	89
5251139	89
5251140	88
5251200	87
5251201	89
5251202	89
5251203	89
5251204	88
5251216	89
5251224	87
5251226	89
5251227	89
5251228	88
5251232	88
5251234	90
5251235	88
5251236	89
5251264	87
5251265	89
5251266	89
5251267	87
5251268	88
5251280	89
5251288	87
5251290	89
5251291	89
5251292	88
5251296	88
5251298	88
5251299	88
5251300	89
5251328	86
5251329	88
5251330	88
5251331	88
5251332	87
5251344	88
5251352	86
5251354	88
5251355	88
5251356	87
5251360	87
5251362	89
5251363	89
5251364	88
5252096	87
5252097	89
5252098	89
5252099	87
5252100	88
5252104	89
5252112	89
5252114	91
5252115	89
5252116	90
5252120	89
5252122	89
5252123	89
5252124	88
5252128	88
5252130	90
5252131	88
5252132	89
5252608	85
5252609	87
5252610	87
5252611	87
5252612	86
5252616	87
5252624	87
5252626	89
5252627	87
5252628	88
5252632	85
5252634	87
5252635	87
5252636	86
5252640	86
5252642	88
5252643	88
5252644	87
5252736	87
5252737	89
5252738	89
5252739	89
5252740	88
5252800	87
5252801	89
5252802	89
5252803	89
5252804	88
5252816	89
5252824	87
5252826	89
5252827	89
5252828	88
5252832	88
5252834	90
5252835	88
5252836	89
5252864	86
5252865	88
5252866	88
5252867	88
5252868	87
5252880	88
5252888	86
5252890	88
5252891	88
5252892	87
5252896	87
5252898	89
5252899	89
5252900	88
5253120	86
5253121	88
5253122	88
5253123	88
5253124	87
5253128	88
5253136	88
5253138	90
5253139	88
5253140	89
5253144	88
5253146	88
5253147	88
5253148	87
5253152	87
5253154	89
5253155	87
5253156	88
5253248	88
5253249	90
5253250	90
5253251	90
5253252	89
5253312	86
5253313	88
5253314	88
5253315	86
5253316	87
5253328	88
5253336	88
5253338	90
5253339	88
5253340	89
5253344	87
5253346	89
5253347	87
5253348	88
5253376	87
5253377	89
5253378	89
5253379	89
5253380	88
5253392	89
5253400	87
5253402	89
5253403	89
5253404	88
5253408	88
5253410	90
5253411	88
5253412	89
5255168	85
5255169	87
5255170	87
5255171	87
5255172	86
5255176	87
5255184	87
5255186	87
5255187	87
5255188	88
5255192	87
5255194	87
5255195	87
5255196	86
5255200	86
5255202	88
5255203	86
5255204	87
5255232	87
5255233	89
5255234	89
5255235	89
5255236	88
5255296	87
5255297	89
5255298	89
5255299	87
5255300	88
5255312	89
5255320	87
5255322	89
5255323	89
5255324	88
5255328	88
5255330	90
5255331	88
5255332	89
5255360	85
5255361	87
5255362	87
5255363	85
5255364	86
5255376	87
5255384	87
5255386	89
5255387	87
5255388	88
5255392	86
5255394	86
5255395	86
5255396	87
5255424	86
5255425	88
5255426	88
5255427	88
5255428	87
5255440	88
5255448	86
5255450	88
5255451	88
5255452	87
5255456	87
5255458	89
5255459	87
5255460	88
5256192	87
5256193	89
5256194	89
5256195	87
5256196	88
5256200	89
5256208	89
5256210	89
5256211	89
5256212	90
5256216	89
5256218	89
5256219	89
5256220	88
5256224	88
5256226	88
5256227	88
5256228	89
5256704	85
5256705	87
5256706	87
5256707	87
5256708	86
5256712	87
5256720	87
5256722	89
5256723	87
5256724	88
5256728	87
5256730	87
5256731	87
5256732	86
5256736	86
5256738	88
5256739	88
5256740	87
5256832	87
5256833	89
5256834	89
5256835	89
5256836	88
5256896	87
5256897	89
5256898	89
5256899	87
5256900	88
5256912	89
5256920	87
5256922	89
5256923	89
5256924	88
5256928	88
5256930	88
5256931	88
5256932	89
5256960	86
5256961	88
5256962	88
5256963	88
5256964	87
5256976	88
5256984	86
5256986	88
5256987	88
5256988	87
5256992	87
5256994	89
5256995	89
5256996	88
5257216	86
5257217	88
5257218	88
5257219	86
5257220	87
5257224	88
5257232	88
5257234	88
5257235	88
5257236	89
5257240	88
5257242	88
5257243	88
5257244	87
5257248	87
5257250	87
5257251	87
5257252	88
5257344	86
5257345	88
5257346	88
5257347	88
5257348	87
5257408	86
5257409	88
5257410	88
5257411	86
5257412	87
5257424	88
5257432	88
5257434	88
5257435	88
5257436	89
5257440	87
5257442	87
5257443	87
5257444	88
5257472	87
5257473	89
5257474	89
5257475	87
5257476	88
5257488	89
5257496	87
5257498	89
5257499	89
5257500	88
5257504	88
5257506	88
5257507	88
5257508	89
5259264	84
5259265	86
5259266	86
5259267	86
5259268	85
5259272	86
5259280	86
5259282	88
5259283	86
5259284	87
5259288	86
5259290	86
5259291	86
5259292	85
5259296	85
5259298	87
5259299	87
5259300	86
5259328	86
5259329	88
5259330	88
5259331	88
5259332	87
5259392	86
5259393	88
5259394	88
5259395	88
5259396	87
5259408	88
5259416	86
5259418	88
5259419	88
5259420	87
5259424	87
5259426	89
5259427	87
5259428	88
5259456	86
5259457	88
5259458	88
5259459	86
5259460	87
5259472	88
5259480	86
5259482	88
5259483	88
5259484	87
5259488	87
5259490	87
5259491	87
5259492	88
5259520	85
5259521	87
5259522	87
5259523	87
5259524	86
5259536	87
5259544	85
5259546	87
5259547	87
5259548	86
5259552	86
5259554	88
5259555	88
5259556	87
5260288	86
5260289	88
5260290	88
5260291	88
5260292	87
5260296	88
5260304	88
5260306	90
5260307	88
5260308	89
5260312	88
5260314	88
5260315	88
5260316	87
5260320	87
5260322	89
5260323	87
5260324	88
5260800	84
5260801	86
5260802	86
5260803	86
5260804	85
5260808	86
5260816	86
5260818	88
5260819	86
5260820	87
5260824	84
5260826	86
5260827	86
5260828	85
5260832	85
5260834	87
5260835	87
5260836	86
5260928	86
5260929	88
5260930	88
5260931	88
5260932	87
5260992	86
5260993	88
5260994	88
5260995	88
5260996	87
5261008	88
5261016	86
5261018	88
5261019	88
5261020	87
5261024	87
5261026	89
5261027	89
5261028	88
5261056	85
5261057	87
5261058	87
5261059	87
5261060	86
5261072	87
5261080	85
5261082	87
5261083	87
5261084	86
5261088	86
5261090	88
5261091	88
5261092	87
5261312	85
5261313	87
5261314	87
5261315	87
5261316	86
5261320	87
5261328	87
5261330	89
5261331	87
5261332	88
5261336	87
5261338	87
5261339	87
5261340	86
5261344	86
5261346	88
5261347	88
5261348	87
5261440	87
5261441	89
5261442	89
5261443	89
5261444	88
5261504	87
5261505	89
5261506	89
5261507	87
5261508	88
5261520	89
5261528	87
5261530	89
5261531	89
5261532	88
5261536	88
5261538	88
5261539	88
5261540	89
5261568	86
5261569	88
5261570	88
5261571	88
5261572	87
5261584	88
5261592	86
5261594	88
5261595	88
5261596	87
5261600	87
5261602	89
5261603	89
5261604	88
5308416	85
5308417	87
5308418	87
5308419	87
5308420	86
5308424	87
5308432	87
5308434	89
5308435	87
5308436	88
5308440	87
5308442	87
5308443	87
5308444	86
5308448	86
5308450	88
5308451	88
5308452	87
5308480	87
5308481	89
5308482	89
5308483	89
5308484	88
5308544	87
5308545	89
5308546	89
5308547	89
5308548	88
5308560	89
5308568	89
5308570	89
5308571	89
5308572	88
5308576	88
5308578	90
5308579	88
5308580	89
5308608	87
5308609	89
5308610	89
5308611	87
5308612	88
5308624	89
5308632	87
5308634	89
5308635	89
5308636	88
5308640	88
5308642	88
5308643	88
5308644	89
5308672	86
5308673	88
5308674	88
5308675	88
5308676	87
5308688	88
5308696	88
5308698	88
5308699	88
5308700	87
5308704	87
5308706	89
5308707	89
5308708	88
5308928	87
5308929	89
5308930	89
5308931	89
5308932	88
5308936	89
5308944	89
5308946	91
5308947	89
5308948	90
5308952	89
5308954	89
5308955	89
5308956	88
5308960	88
5308962	90
5308963	88
5308964	89
5309440	87
5309441	89
5309442	89
5309443	89
5309444	88
5309448	89
5309456	89
5309458	91
5309459	89
5309460	90
5309464	89
5309466	89
5309467	89
5309468	88
5309472	88
5309474	90
5309475	88
5309476	89
5309568	89
5309569	91
5309570	91
5309571	91
5309572	90
5309632	87
5309633	89
5309634	89
5309635	87
5309636	88
5309648	89
5309656	89
5309658	91
5309659	89
5309660	90
5309664	88
5309666	90
5309667	88
5309668	89
5309696	88
5309697	90
5309698	90
5309699	90
5309700	89
5309712	90
5309720	88
5309722	90
5309723	90
5309724	89
5309728	89
5309730	91
5309731	89
5309732	90
5309952	87
5309953	89
5309954	89
5309955	87
5309956	88
5309960	89
5309968	89
5309970	91
5309971	89
5309972	90
5309976	87
5309978	87
5309979	89
5309980	86
5309984	88
5309986	90
5309987	88
5309988	89
5310080	87
5310081	89
5310082	89
5310083	89
5310084	88
5310144	87
5310145	89
5310146	89
5310147	89
5310148	88
5310160	89
5310168	89
5310170	89
5310171	89
5310172	88
5310176	88
5310178	90
5310179	88
5310180	89
5310208	88
5310209	88
5310210	88
5310211	88
5310212	87
5310224	88
5310232	88
5310234	88
5310235	88
5310236	87
5310240	89
5310242	89
5310243	89
5310244	88
5310464	86
5310465	88
5310466	88
5310467	88
5310468	87
5310472	88
5310480	88
5310482	90
5310483	88
5310484	89
5310488	88
5310490	88
5310491	88
5310492	87
5310496	87
5310498	89
5310499	87
5310500	88
5310592	88
5310593	90
5310594	90
5310595	90
5310596	89
5310656	86
5310657	88
5310658	88
5310659	86
5310660	87
5310672	88
5310680	88
5310682	90
5310683	88
5310684	89
5310688	87
5310690	89
5310691	87
5310692	88
5310720	87
5310721	89
5310722	89
5310723	89
5310724	88
5310736	89
5310744	89
5310746	89
5310747	89
5310748	88
5310752	88
5310754	90
5310755	88
5310756	89
5341184	83
5341185	85
5341186	85
5341187	85
5341188	84
5341192	85
5341200	85
5341202	87
5341203	85
5341204	86
5341208	85
5341210	85
5341211	85
5341212	84
5341216	84
5341218	86
5341219	86
5341220	85
5341248	85
5341249	87
5341250	87
5341251	87
5341252	86
5341312	85
5341313	87
5341314	87
5341315	87
5341316	86
5341328	87
5341336	85
5341338	87
5341339	87
5341340	86
5341344	86
5341346	88
5341347	86
5341348	87
5341376	85
5341377	87
5341378	87
5341379	85
5341380	86
5341392	87
5341400	85
5341402	87
5341403	87
5341404	86
5341408	86
5341410	88
5341411	86
5341412	87
5341440	84
5341441	86
5341442	86
5341443	86
5341444	85
5341456	86
5341464	84
5341466	86
5341467	86
5341468	85
5341472	85
5341474	87
5341475	87
5341476	86
5341696	85
5341697	87
5341698	87
5341699	87
5341700	86
5341704	87
5341712	87
5341714	89
5341715	87
5341716	88
5341720	87
5341722	87
5341723	87
5341724	86
5341728	86
5341730	88
5341731	88
5341732	87
5342208	85
5342209	87
5342210	87
5342211	87
5342212	86
5342216	87
5342224	87
5342226	89
5342227	87
5342228	88
5342232	85
5342234	87
5342235	87
5342236	86
5342240	86
5342242	88
5342243	88
5342244	87
5342336	87
5342337	89
5342338	89
5342339	89
5342340	88
5342400	85
5342401	87
5342402	87
5342403	87
5342404	86
5342416	87
5342424	87
5342426	89
5342427	87
5342428	88
5342432	86
5342434	88
5342435	88
5342436	87
5342464	86
5342465	88
5342466	88
5342467	88
5342468	87
5342480	88
5342488	86
5342490	88
5342491	88
5342492	87
5342496	87
5342498	89
5342499	87
5342500	88
5342720	83
5342721	85
5342722	85
5342723	85
5342724	84
5342728	85
5342736	85
5342738	87
5342739	85
5342740	86
5342744	83
5342746	85
5342747	85
5342748	84
5342752	84
5342754	86
5342755	86
5342756	85
5342848	85
5342849	87
5342850	87
5342851	87
5342852	86
5342912	85
5342913	87
5342914	87
5342915	87
5342916	86
5342928	87
5342936	85
5342938	87
5342939	87
5342940	86
5342944	86
5342946	88
5342947	88
5342948	87
5342976	84
5342977	86
5342978	86
5342979	86
5342980	85
5342992	86
5343000	84
5343002	86
5343003	86
5343004	85
5343008	85
5343010	87
5343011	87
5343012	86
5343232	84
5343233	86
5343234	86
5343235	86
5343236	85
5343240	86
5343248	86
5343250	88
5343251	86
5343252	87
5343256	86
5343258	86
5343259	86
5343260	85
5343264	85
5343266	87
5343267	87
5343268	86
5343360	86
5343361	88
5343362	88
5343363	88
5343364	87
5343424	86
5343425	88
5343426	88
5343427	86
5343428	87
5343440	88
5343448	86
5343450	88
5343451	88
5343452	87
5343456	87
5343458	89
5343459	87
5343460	88
5343488	85
5343489	87
5343490	87
5343491	87
5343492	86
5343504	87
5343512	85
5343514	87
5343515	87
5343516	86
5343520	86
5343522	88
5343523	88
5343524	87
5349376	85
5349377	87
5349378	87
5349379	87
5349380	86
5349384	87
5349392	87
5349394	89
5349395	87
5349396	88
5349400	87
5349402	87
5349403	87
5349404	86
5349408	86
5349410	88
5349411	88
5349412	87
5349440	87
5349441	89
5349442	89
5349443	89
5349444	88
5349504	87
5349505	89
5349506	89
5349507	89
5349508	88
5349520	89
5349528	87
5349530	89
5349531	89
5349532	88
5349536	88
5349538	90
5349539	88
5349540	89
5349568	87
5349569	89
5349570	89
5349571	87
5349572	88
5349584	89
5349592	87
5349594	89
5349595	89
5349596	88
5349600	88
5349602	88
5349603	88
5349604	89
5349632	86
5349633	88
5349634	88
5349635	88
5349636	87
5349648	88
5349656	86
5349658	88
5349659	88
5349660	87
5349664	87
5349666	89
5349667	89
5349668	88
5353472	85
5353473	87
5353474	87
5353475	87
5353476	86
5353480	87
5353488	87
5353490	89
5353491	87
5353492	88
5353496	87
5353498	87
5353499	87
5353500	86
5353504	86
5353506	88
5353507	88
5353508	87
5353536	87
5353537	89
5353538	89
5353539	89
5353540	88
5353600	87
5353601	89
5353602	89
5353603	89
5353604	88
5353616	89
5353624	87
5353626	89
5353627	89
5353628	88
5353632	88
5353634	90
5353635	88
5353636	89
5353664	87
5353665	89
5353666	89
5353667	87
5353668	88
5353680	89
5353688	87
5353690	89
5353691	89
5353692	88
5353696	88
5353698	88
5353699	88
5353700	89
5353728	86
5353729	88
5353730	88
5353731	88
5353732	87
5353744	88
5353752	86
5353754	88
5353755	88
5353756	87
5353760	87
5353762	89
5353763	89
5353764	88
5354496	87
5354497	89
5354498	89
5354499	89
5354500	88
5354504	89
5354512	89
5354514	91
5354515	89
5354516	90
5354520	89
5354522	89
5354523	89
5354524	88
5354528	88
5354530	90
5354531	88
5354532	89
5355008	85
5355009	87
5355010	87
5355011	87
5355012	86
5355016	87
5355024	87
5355026	89
5355027	87
5355028	88
5355032	87
5355034	87
5355035	87
5355036	86
5355040	86
5355042	88
5355043	88
5355044	87
5355136	87
5355137	89
5355138	89
5355139	89
5355140	88
5355200	87
5355201	89
5355202	89
5355203	89
5355204	88
5355216	89
5355224	87
5355226	89
5355227	89
5355228	88
5355232	88
5355234	90
5355235	88
5355236	89
5355264	86
5355265	88
5355266	88
5355267	88
5355268	87
5355280	88
5355288	86
5355290	88
5355291	88
5355292	87
5355296	87
5355298	89
5355299	89
5355300	88
5355520	86
5355521	88
5355522	88
5355523	88
5355524	87
5355528	88
5355536	88
5355538	90
5355539	88
5355540	89
5355544	88
5355546	88
5355547	88
5355548	87
5355552	87
5355554	89
5355555	87
5355556	88
5355648	88
5355649	90
5355650	90
5355651	90
5355652	89
5355712	86
5355713	88
5355714	88
5355715	86
5355716	87
5355728	88
5355736	88
5355738	90
5355739	88
5355740	89
5355744	87
5355746	89
5355747	87
5355748	88
5355776	87
5355777	89
5355778	89
5355779	89
5355780	88
5355792	89
5355800	87
5355802	89
5355803	89
5355804	88
5355808	88
5355810	90
5355811	88
5355812	89
5357568	84
5357569	86
5357570	86
5357571	86
5357572	85
5357576	86
5357584	86
5357586	88
5357587	86
5357588	87
5357592	86
5357594	86
5357595	86
5357596	85
5357600	85
5357602	87
5357603	87
5357604	86
5357632	86
5357633	88
5357634	88
5357635	88
5357636	87
5357696	86
5357697	88
5357698	88
5357699	88
5357700	87
5357712	88
5357720	86
5357722	88
5357723	88
5357724	87
5357728	87
5357730	89
5357731	87
5357732	88
5357760	86
5357761	88
5357762	88
5357763	86
5357764	87
5357776	88
5357784	86
5357786	88
5357787	88
5357788	87
5357792	87
5357794	89
5357795	87
5357796	88
5357824	85
5357825	87
5357826	87
5357827	87
5357828	86
5357840	87
5357848	85
5357850	87
5357851	87
5357852	86
5357856	86
5357858	88
5357859	88
5357860	87
5358592	86
5358593	88
5358594	88
5358595	86
5358596	87
5358600	88
5358608	88
5358610	90
5358611	88
5358612	89
5358616	88
5358618	88
5358619	88
5358620	87
5358624	87
5358626	89
5358627	87
5358628	88
5359104	84
5359105	86
5359106	86
5359107	86
5359108	85
5359112	86
5359120	86
5359122	88
5359123	86
5359124	87
5359128	84
5359130	86
5359131	86
5359132	85
5359136	85
5359138	87
5359139	87
5359140	86
5359232	86
5359233	88
5359234	88
5359235	88
5359236	87
5359296	86
5359297	88
5359298	88
5359299	88
5359300	87
5359312	88
5359320	86
5359322	88
5359323	88
5359324	87
5359328	87
5359330	89
5359331	89
5359332	88
5359360	85
5359361	87
5359362	87
5359363	87
5359364	86
5359376	87
5359384	85
5359386	87
5359387	87
5359388	86
5359392	86
5359394	88
5359395	88
5359396	87
5359616	85
5359617	87
5359618	87
5359619	87
5359620	86
5359624	87
5359632	87
5359634	89
5359635	87
5359636	88
5359640	87
5359642	87
5359643	87
5359644	86
5359648	86
5359650	88
5359651	88
5359652	87
5359744	87
5359745	89
5359746	89
5359747	89
5359748	88
5359808	87
5359809	89
5359810	89
5359811	87
5359812	88
5359824	89
5359832	87
5359834	89
5359835	89
5359836	88
5359840	88
5359842	90
5359843	88
5359844	89
5359872	86
5359873	88
5359874	88
5359875	88
5359876	87
5359888	88
5359896	86
5359898	88
5359899	88
5359900	87
5359904	87
5359906	89
5359907	89
5359908	88
5373952	84
5373953	86
5373954	86
5373955	86
5373956	85
5373960	86
5373968	86
5373970	88
5373971	86
5373972	87
5373976	86
5373978	86
5373979	86
5373980	85
5373984	85
5373986	87
5373987	87
5373988	86
5374016	86
5374017	88
5374018	88
5374019	88
5374020	87
5374080	86
5374081	88
5374082	88
5374083	88
5374084	87
5374096	88
5374104	88
5374106	88
5374107	88
5374108	87
5374112	87
5374114	89
5374115	87
5374116	88
5374144	86
5374145	88
5374146	88
5374147	86
5374148	87
5374160	88
5374168	86
5374170	88
5374171	88
5374172	87
5374176	87
5374178	87
5374179	87
5374180	88
5374208	85
5374209	87
5374210	87
5374211	87
5374212	86
5374224	87
5374232	87
5374234	87
5374235	87
5374236	86
5374240	86
5374242	88
5374243	88
5374244	87
5374464	86
5374465	88
5374466	88
5374467	88
5374468	87
5374472	88
5374480	88
5374482	90
5374483	88
5374484	89
5374488	88
5374490	88
5374491	88
5374492	87
5374496	87
5374498	89
5374499	87
5374500	88
5374976	86
5374977	88
5374978	88
5374979	88
5374980	87
5374984	88
5374992	88
5374994	90
5374995	88
5374996	89
5375000	88
5375002	88
5375003	88
5375004	87
5375008	87
5375010	89
5375011	87
5375012	88
5375104	88
5375105	90
5375106	90
5375107	90
5375108	89
5375168	86
5375169	88
5375170	88
5375171	86
5375172	87
5375184	88
5375192	88
5375194	90
5375195	88
5375196	89
5375200	87
5375202	89
5375203	87
5375204	88
5375232	87
5375233	89
5375234	89
5375235	89
5375236	88
5375248	89
5375256	87
5375258	89
5375259	89
5375260	88
5375264	88
5375266	90
5375267	88
5375268	89
5375488	86
5375489	88
5375490	88
5375491	86
5375492	87
5375496	88
5375504	88
5375506	90
5375507	88
5375508	89
5375512	86
5375514	86
5375515	88
5375516	85
5375520	87
5375522	89
5375523	87
5375524	88
5375616	86
5375617	88
5375618	88
5375619	88
5375620	87
5375680	86
5375681	88
5375682	88
5375683	88
5375684	87
5375696	88
5375704	88
5375706	88
5375707	88
5375708	87
5375712	87
5375714	89
5375715	87
5375716	88
5375744	87
5375745	87
5375746	87
5375747	87
5375748	86
5375760	87
5375768	87
5375770	87
5375771	87
5375772	86
5375776	88
5375778	88
5375779	88
5375780	87
5376000	85
5376001	87
5376002	87
5376003	87
5376004	86
5376008	87
5376016	87
5376018	89
5376019	87
5376020	88
5376024	87
5376026	87
5376027	87
5376028	86
5376032	86
5376034	88
5376035	86
5376036	87
5376128	87
5376129	89
5376130	89
5376131	89
5376132	88
5376192	85
5376193	87
5376194	87
5376195	85
5376196	86
5376208	87
5376216	87
5376218	89
5376219	87
5376220	88
5376224	86
5376226	88
5376227	86
5376228	87
5376256	86
5376257	88
5376258	88
5376259	88
5376260	87
5376272	88
5376280	88
5376282	88
5376283	88
5376284	87
5376288	87
5376290	89
5376291	87
5376292	88
5382144	86
5382145	88
5382146	88
5382147	88
5382148	87
5382152	88
5382160	88
5382162	90
5382163	88
5382164	89
5382168	88
5382170	88
5382171	88
5382172	87
5382176	87
5382178	89
5382179	89
5382180	88
5382208	88
5382209	90
5382210	90
5382211	90
5382212	89
5382272	88
5382273	90
5382274	90
5382275	90
5382276	89
5382288	90
5382296	88
5382298	90
5382299	90
5382300	89
5382304	89
5382306	91
5382307	89
5382308	90
5382336	88
5382337	90
5382338	90
5382339	88
5382340	89
5382352	90
5382360	88
5382362	90
5382363	90
5382364	89
5382368	89
5382370	89
5382371	89
5382372	90
5382400	87
5382401	89
5382402	89
5382403	89
5382404	88
5382416	89
5382424	87
5382426	89
5382427	89
5382428	88
5382432	88
5382434	90
5382435	90
5382436	89
5386240	84
5386241	86
5386242	86
5386243	86
5386244	85
5386248	86
5386256	86
5386258	88
5386259	86
5386260	87
5386264	86
5386266	88
5386267	86
5386268	87
5386272	85
5386274	87
5386275	85
5386276	86
5386304	86
5386305	88
5386306	88
5386307	88
5386308	87
5386368	86
5386369	88
5386370	88
5386371	86
5386372	87
5386384	88
5386392	88
5386394	88
5386395	88
5386396	87
5386400	87
5386402	89
5386403	87
5386404	88
5386432	84
5386433	86
5386434	86
5386435	84
5386436	85
5386448	86
5386456	86
5386458	88
5386459	86
5386460	87
5386464	85
5386466	87
5386467	85
5386468	86
5386496	85
5386497	87
5386498	87
5386499	87
5386500	86
5386512	87
5386520	87
5386522	89
5386523	87
5386524	88
5386528	86
5386530	88
5386531	86
5386532	87
5387264	86
5387265	88
5387266	88
5387267	88
5387268	87
5387272	88
5387280	88
5387282	90
5387283	88
5387284	89
5387288	88
5387290	88
5387291	88
5387292	87
5387296	87
5387298	89
5387299	87
5387300	88
5387776	86
5387777	88
5387778	88
5387779	88
5387780	87
5387784	88
5387792	88
5387794	90
5387795	88
5387796	89
5387800	88
5387802	88
5387803	88
5387804	87
5387808	87
5387810	89
5387811	87
5387812	88
5387904	88
5387905	90
5387906	90
5387907	90
5387908	89
5387968	86
5387969	88
5387970	88
5387971	88
5387972	87
5387984	88
5387992	88
5387994	90
5387995	88
5387996	89
5388000	87
5388002	89
5388003	87
5388004	88
5388032	87
5388033	89
5388034	89
5388035	89
5388036	88
5388048	89
5388056	87
5388058	89
5388059	89
5388060	88
5388064	88
5388066	90
5388067	88
5388068	89
5388288	85
5388289	87
5388290	87
5388291	87
5388292	86
5388296	87
5388304	87
5388306	89
5388307	87
5388308	88
5388312	87
5388314	89
5388315	87
5388316	88
5388320	86
5388322	88
5388323	86
5388324	87
5388416	87
5388417	89
5388418	89
5388419	89
5388420	88
5388480	85
5388481	87
5388482	87
5388483	85
5388484	86
5388496	87
5388504	87
5388506	89
5388507	87
5388508	88
5388512	86
5388514	88
5388515	86
5388516	87
5388544	86
5388545	88
5388546	88
5388547	88
5388548	87
5388560	88
5388568	88
5388570	90
5388571	88
5388572	89
5388576	87
5388578	89
5388579	87
5388580	88
5390336	85
5390337	87
5390338	87
5390339	87
5390340	86
5390344	87
5390352	87
5390354	89
5390355	87
5390356	88
5390360	87
5390362	87
5390363	87
5390364	86
5390368	86
5390370	88
5390371	88
5390372	87
5390400	87
5390401	89
5390402	89
5390403	89
5390404	88
5390464	87
5390465	89
5390466	89
5390467	89
5390468	88
5390480	89
5390488	87
5390490	89
5390491	89
5390492	88
5390496	88
5390498	90
5390499	88
5390500	89
5390528	87
5390529	89
5390530	89
5390531	87
5390532	88
5390544	89
5390552	87
5390554	89
5390555	89
5390556	88
5390560	88
5390562	88
5390563	88
5390564	89
5390592	86
5390593	88
5390594	88
5390595	88
5390596	87
5390608	88
5390616	86
5390618	88
5390619	88
5390620	87
5390624	87
5390626	89
5390627	89
5390628	88
5391360	87
5391361	89
5391362	89
5391363	89
5391364	88
5391368	89
5391376	89
5391378	91
5391379	89
5391380	90
5391384	89
5391386	89
5391387	89
5391388	88
5391392	88
5391394	90
5391395	88
5391396	89
5391872	85
5391873	87
5391874	87
5391875	87
5391876	86
5391880	87
5391888	87
5391890	89
5391891	87
5391892	88
5391896	85
5391898	87
5391899	87
5391900	86
5391904	86
5391906	88
5391907	88
5391908	87
5392000	87
5392001	89
5392002	89
5392003	89
5392004	88
5392064	87
5392065	89
5392066	89
5392067	89
5392068	88
5392080	89
5392088	87
5392090	89
5392091	89
5392092	88
5392096	88
5392098	90
5392099	88
5392100	89
5392128	86
5392129	88
5392130	88
5392131	88
5392132	87
5392144	88
5392152	86
5392154	88
5392155	88
5392156	87
5392160	87
5392162	89
5392163	89
5392164	88
5392384	86
5392385	88
5392386	88
5392387	88
5392388	87
5392392	88
5392400	88
5392402	90
5392403	88
5392404	89
5392408	88
5392410	88
5392411	88
5392412	87
5392416	87
5392418	89
5392419	87
5392420	88
5392512	88
5392513	90
5392514	90
5392515	90
5392516	89
5392576	86
5392577	88
5392578	88
5392579	86
5392580	87
5392592	88
5392600	88
5392602	90
5392603	88
5392604	89
5392608	87
5392610	89
5392611	87
5392612	88
5392640	87
5392641	89
5392642	89
5392643	89
5392644	88
5392656	89
5392664	87
5392666	89
5392667	89
5392668	88
5392672	88
5392674	90
5392675	88
5392676	89
6291456	82
6291457	84
6291458	84
6291459	84
6291460	83
6291464	84
6291472	84
6291474	86
6291475	84
6291476	85
6291480	84
6291482	84
6291483	84
6291484	83
6291488	83
6291490	85
6291491	85
6291492	84
6291520	84
6291521	86
6291522	86
6291523	86
6291524	85
6291584	84
6291585	86
6291586	86
6291587	86
6291588	85
6291600	86
6291608	86
6291610	86
6291611	86
6291612	85
6291616	85
6291618	87
6291619	85
6291620	86
6291648	84
6291649	86
6291650	86
6291651	84
6291652	85
6291664	86
6291672	84
6291674	86
6291675	86
6291676	85
6291680	85
6291682	85
6291683	85
6291684	86
6291712	83
6291713	85
6291714	85
6291715	85
6291716	84
6291728	85
6291736	85
6291738	85
6291739	85
6291740	84
6291744	84
6291746	86
6291747	86
6291748	85
6291968	84
6291969	86
6291970	86
6291971	86
6291972	85
6291976	86
6291984	86
6291986	88
6291987	86
6291988	87
6291992	86
6291994	86
6291995	86
6291996	85
6292000	85
6292002	87
6292003	85
6292004	86
6292480	84
6292481	86
6292482	86
6292483	86
6292484	85
6292488	86
6292496	86
6292498	88
6292499	86
6292500	87
6292504	86
6292506	86
6292507	86
6292508	85
6292512	85
6292514	87
6292515	85
6292516	86
6292608	86
6292609	88
6292610	88
6292611	88
6292612	87
6292672	84
6292673	86
6292674	86
6292675	84
6292676	85
6292688	86
6292696	86
6292698	88
6292699	86
6292700	87
6292704	85
6292706	87
6292707	85
6292708	86
6292736	85
6292737	87
6292738	87
6292739	87
6292740	86
6292752	87
6292760	85
6292762	87
6292763	87
6292764	86
6292768	86
6292770	88
6292771	86
6292772	87
6292992	84
6292993	86
6292994	86
6292995	84
6292996	85
6293000	86
6293008	86
6293010	88
6293011	86
6293012	87
6293016	84
6293018	84
6293019	86
6293020	83
6293024	85
6293026	87
6293027	85
6293028	86
6293120	84
6293121	86
6293122	86
6293123	86
6293124	85
6293184	84
6293185	86
6293186	86
6293187	86
6293188	85
6293200	86
6293208	86
6293210	86
6293211	86
6293212	85
6293216	85
6293218	87
6293219	85
6293220	86
6293248	85
6293249	85
6293250	85
6293251	85
6293252	84
6293264	85
6293272	85
6293274	85
6293275	85
6293276	84
6293280	86
6293282	86
6293283	86
6293284	85
6293504	83
6293505	85
6293506	85
6293507	85
6293508	84
6293512	85
6293520	85
6293522	87
6293523	85
6293524	86
6293528	85
6293530	85
6293531	85
6293532	84
6293536	84
6293538	86
6293539	84
6293540	85
6293632	85
6293633	87
6293634	87
6293635	87
6293636	86
6293696	83
6293697	85
6293698	85
6293699	83
6293700	84
6293712	85
6293720	85
6293722	87
6293723	85
6293724	86
6293728	84
6293730	86
6293731	84
6293732	85
6293760	84
6293761	86
6293762	86
6293763	86
6293764	85
6293776	86
6293784	86
6293786	86
6293787	86
6293788	85
6293792	85
6293794	87
6293795	85
6293796	86
6295552	84
6295553	86
6295554	86
6295555	86
6295556	85
6295560	86
6295568	86
6295570	88
6295571	86
6295572	87
6295576	84
6295578	86
6295579	86
6295580	85
6295584	85
6295586	87
6295587	87
6295588	86
6295616	86
6295617	88
6295618	88
6295619	88
6295620	87
6295680	86
6295681	88
6295682	88
6295683	88
6295684	87
6295696	88
6295704	86
6295706	88
6295707	88
6295708	87
6295712	87
6295714	89
6295715	87
6295716	88
6295744	86
6295745	88
6295746	88
6295747	86
6295748	87
6295760	88
6295768	86
6295770	88
6295771	88
6295772	87
6295776	87
6295778	87
6295779	87
6295780	88
6295808	85
6295809	87
6295810	87
6295811	87
6295812	86
6295824	87
6295832	85
6295834	87
6295835	87
6295836	86
6295840	86
6295842	88
6295843	88
6295844	87
6299648	84
6299649	86
6299650	86
6299651	86
6299652	85
6299656	86
6299664	86
6299666	88
6299667	86
6299668	87
6299672	86
6299674	86
6299675	86
6299676	85
6299680	85
6299682	87
6299683	85
6299684	86
6299712	86
6299713	88
6299714	88
6299715	88
6299716	87
6299776	86
6299777	88
6299778	88
6299779	86
6299780	87
6299792	88
6299800	86
6299802	88
6299803	88
6299804	87
6299808	87
6299810	89
6299811	87
6299812	88
6299840	84
6299841	86
6299842	86
6299843	84
6299844	85
6299856	86
6299864	86
6299866	88
6299867	86
6299868	87
6299872	85
6299874	87
6299875	85
6299876	86
6299904	85
6299905	87
6299906	87
6299907	87
6299908	86
6299920	87
6299928	85
6299930	87
6299931	87
6299932	86
6299936	86
6299938	88
6299939	86
6299940	87
6300672	86
6300673	86
6300674	88
6300675	86
6300676	87
6300680	88
6300688	86
6300690	88
6300691	88
6300692	89
6300696	86
6300698	86
6300699	88
6300700	85
6300704	87
6300706	87
6300707	87
6300708	88
6301184	84
6301185	86
6301186	86
6301187	86
6301188	85
6301192	86
6301200	86
6301202	88
6301203	86
6301204	87
6301208	84
6301210	86
6301211	86
6301212	85
6301216	85
6301218	87
6301219	87
6301220	86
6301312	86
6301313	88
6301314	88
6301315	88
6301316	87
6301376	86
6301377	88
6301378	88
6301379	88
6301380	87
6301392	88
6301400	86
6301402	88
6301403	88
6301404	87
6301408	87
6301410	89
6301411	87
6301412	88
6301440	85
6301441	87
6301442	87
6301443	87
6301444	86
6301456	87
6301464	85
6301466	87
6301467	87
6301468	86
6301472	86
6301474	88
6301475	88
6301476	87
6301696	85
6301697	87
6301698	87
6301699	87
6301700	86
6301704	87
6301712	87
6301714	87
6301715	87
6301716	88
6301720	85
6301722	87
6301723	87
6301724	86
6301728	86
6301730	88
6301731	86
6301732	87
6301824	87
6301825	89
6301826	89
6301827	89
6301828	88
6301888	85
6301889	87
6301890	87
6301891	85
6301892	86
6301904	87
6301912	87
6301914	89
6301915	87
6301916	88
6301920	86
6301922	86
6301923	86
6301924	87
6301952	86
6301953	88
6301954	88
6301955	88
6301956	87
6301968	88
6301976	86
6301978	88
6301979	88
6301980	87
6301984	87
6301986	89
6301987	87
6301988	88
6303744	82
6303745	84
6303746	84
6303747	84
6303748	83
6303752	84
6303760	84
6303762	86
6303763	84
6303764	85
6303768	84
6303770	86
6303771	84
6303772	85
6303776	83
6303778	85
6303779	83
6303780	84
6303808	84
6303809	86
6303810	86
6303811	86
6303812	85
6303872	84
6303873	86
6303874	86
6303875	84
6303876	85
6303888	86
6303896	86
6303898	86
6303899	86
6303900	85
6303904	85
6303906	87
6303907	85
6303908	86
6303936	82
6303937	84
6303938	84
6303939	82
6303940	83
6303952	84
6303960	84
6303962	86
6303963	84
6303964	85
6303968	83
6303970	85
6303971	83
6303972	84
6304000	83
6304001	85
6304002	85
6304003	85
6304004	84
6304016	85
6304024	85
6304026	87
6304027	85
6304028	86
6304032	84
6304034	86
6304035	84
6304036	85
6304768	84
6304769	86
6304770	86
6304771	86
6304772	85
6304776	86
6304784	86
6304786	88
6304787	86
6304788	87
6304792	86
6304794	86
6304795	86
6304796	85
6304800	85
6304802	87
6304803	85
6304804	86
6305280	84
6305281	86
6305282	86
6305283	86
6305284	85
6305288	86
6305296	86
6305298	88
6305299	86
6305300	87
6305304	86
6305306	86
6305307	86
6305308	85
6305312	85
6305314	87
6305315	85
6305316	86
6305408	86
6305409	88
6305410	88
6305411	88
6305412	87
6305472	84
6305473	86
6305474	86
6305475	86
6305476	85
6305488	86
6305496	86
6305498	88
6305499	86
6305500	87
6305504	85
6305506	87
6305507	85
6305508	86
6305536	85
6305537	87
6305538	87
6305539	87
6305540	86
6305552	87
6305560	85
6305562	87
6305563	87
6305564	86
6305568	86
6305570	88
6305571	86
6305572	87
6305792	83
6305793	85
6305794	85
6305795	85
6305796	84
6305800	85
6305808	85
6305810	87
6305811	85
6305812	86
6305816	85
6305818	87
6305819	85
6305820	86
6305824	84
6305826	86
6305827	84
6305828	85
6305920	85
6305921	87
6305922	87
6305923	87
6305924	86
6305984	83
6305985	85
6305986	85
6305987	83
6305988	84
6306000	85
6306008	85
6306010	87
6306011	85
6306012	86
6306016	84
6306018	86
6306019	84
6306020	85
6306048	84
6306049	86
6306050	86
6306051	86
6306052	85
6306064	86
6306072	86
6306074	88
6306075	86
6306076	87
6306080	85
6306082	87
6306083	85
6306084	86
6307840	83
6307841	85
6307842	85
6307843	85
6307844	84
6307848	85
6307856	85
6307858	87
6307859	85
6307860	86
6307864	85
6307866	85
6307867	85
6307868	84
6307872	84
6307874	86
6307875	86
6307876	85
6307904	85
6307905	87
6307906	87
6307907	87
6307908	86
6307968	85
6307969	87
6307970	87
6307971	87
6307972	86
6307984	87
6307992	85
6307994	87
6307995	87
6307996	86
6308000	86
6308002	88
6308003	86
6308004	87
6308032	85
6308033	87
6308034	87
6308035	85
6308036	86
6308048	87
6308056	85
6308058	87
6308059	87
6308060	86
6308064	86
6308066	86
6308067	86
6308068	87
6308096	84
6308097	86
6308098	86
6308099	86
6308100	85
6308112	86
6308120	84
6308122	86
6308123	86
6308124	85
6308128	85
6308130	87
6308131	87
6308132	86
6308864	85
6308865	87
6308866	87
6308867	87
6308868	86
6308872	87
6308880	87
6308882	89
6308883	87
6308884	88
6308888	87
6308890	87
6308891	87
6308892	86
6308896	86
6308898	88
6308899	86
6308900	87
6309376	83
6309377	85
6309378	85
6309379	85
6309380	84
6309384	85
6309392	85
6309394	87
6309395	85
6309396	86
6309400	83
6309402	85
6309403	85
6309404	84
6309408	84
6309410	86
6309411	86
6309412	85
6309504	85
6309505	87
6309506	87
6309507	87
6309508	86
6309568	85
6309569	87
6309570	87
6309571	87
6309572	86
6309584	87
6309592	85
6309594	87
6309595	87
6309596	86
6309600	86
6309602	88
6309603	86
6309604	87
6309632	84
6309633	86
6309634	86
6309635	86
6309636	85
6309648	86
6309656	84
6309658	86
6309659	86
6309660	85
6309664	85
6309666	87
6309667	87
6309668	86
6309888	84
6309889	86
6309890	86
6309891	86
6309892	85
6309896	86
6309904	86
6309906	88
6309907	86
6309908	87
6309912	86
6309914	86
6309915	86
6309916	85
6309920	85
6309922	87
6309923	85
6309924	86
6310016	86
6310017	88
6310018	88
6310019	88
6310020	87
6310080	84
6310081	86
6310082	86
6310083	84
6310084	85
6310096	86
6310104	86
6310106	88
6310107	86
6310108	87
6310112	85
6310114	87
6310115	85
6310116	86
6310144	85
6310145	87
6310146	87
6310147	87
6310148	86
6310160	87
6310168	85
6310170	87
6310171	87
6310172	86
6310176	86
6310178	88
6310179	86
6310180	87
6324224	84
6324225	86
6324226	86
6324227	86
6324228	85
6324232	86
6324240	86
6324242	88
6324243	86
6324244	87
6324248	86
6324250	86
6324251	86
6324252	85
6324256	85
6324258	87
6324259	87
6324260	86
6324288	86
6324289	88
6324290	88
6324291	88
6324292	87
6324352	86
6324353	88
6324354	88
6324355	88
6324356	87
6324368	88
6324376	88
6324378	88
6324379	88
6324380	87
6324384	87
6324386	89
6324387	87
6324388	88
6324416	86
6324417	88
6324418	88
6324419	86
6324420	87
6324432	88
6324440	86
6324442	88
6324443	88
6324444	87
6324448	87
6324450	87
6324451	87
6324452	88
6324480	85
6324481	87
6324482	87
6324483	87
6324484	86
6324496	87
6324504	87
6324506	87
6324507	87
6324508	86
6324512	86
6324514	88
6324515	88
6324516	87
6324736	86
6324737	88
6324738	88
6324739	88
6324740	87
6324744	88
6324752	88
6324754	90
6324755	88
6324756	89
6324760	88
6324762	88
6324763	88
6324764	87
6324768	87
6324770	89
6324771	87
6324772	88
6325248	86
6325249	88
6325250	88
6325251	88
6325252	87
6325256	88
6325264	88
6325266	90
6325267	88
6325268	89
6325272	88
6325274	88
6325275	88
6325276	87
6325280	87
6325282	89
6325283	87
6325284	88
6325376	88
6325377	90
6325378	90
6325379	90
6325380	89
6325440	86
6325441	88
6325442	88
6325443	86
6325444	87
6325456	88
6325464	88
6325466	90
6325467	88
6325468	89
6325472	87
6325474	89
6325475	87
6325476	88
6325504	87
6325505	89
6325506	89
6325507	89
6325508	88
6325520	89
6325528	87
6325530	89
6325531	89
6325532	88
6325536	88
6325538	90
6325539	88
6325540	89
6325760	86
6325761	88
6325762	88
6325763	86
6325764	87
6325768	88
6325776	88
6325778	90
6325779	88
6325780	89
6325784	86
6325786	86
6325787	88
6325788	85
6325792	87
6325794	89
6325795	87
6325796	88
6325888	86
6325889	88
6325890	88
6325891	88
6325892	87
6325952	86
6325953	88
6325954	88
6325955	88
6325956	87
6325968	88
6325976	88
6325978	88
6325979	88
6325980	87
6325984	87
6325986	89
6325987	87
6325988	88
6326016	87
6326017	87
6326018	87
6326019	87
6326020	86
6326032	87
6326040	87
6326042	87
6326043	87
6326044	86
6326048	88
6326050	88
6326051	88
6326052	87
6326272	85
6326273	87
6326274	87
6326275	87
6326276	86
6326280	87
6326288	87
6326290	89
6326291	87
6326292	88
6326296	87
6326298	87
6326299	87
6326300	86
6326304	86
6326306	88
6326307	86
6326308	87
6326400	87
6326401	89
6326402	89
6326403	89
6326404	88
6326464	85
6326465	87
6326466	87
6326467	85
6326468	86
6326480	87
6326488	87
6326490	89
6326491	87
6326492	88
6326496	86
6326498	88
6326499	86
6326500	87
6326528	86
6326529	88
6326530	88
6326531	88
6326532	87
6326544	88
6326552	88
6326554	88
6326555	88
6326556	87
6326560	87
6326562	89
6326563	87
6326564	88
6356992	84
6356993	86
6356994	86
6356995	86
6356996	85
6357000	86
6357008	86
6357010	88
6357011	86
6357012	87
6357016	86
6357018	86
6357019	86
6357020	85
6357024	85
6357026	87
6357027	85
6357028	86
6357056	86
6357057	88
6357058	88
6357059	88
6357060	87
6357120	86
6357121	88
6357122	88
6357123	86
6357124	87
6357136	88
6357144	86
6357146	88
6357147	88
6357148	87
6357152	87
6357154	89
6357155	87
6357156	88
6357184	84
6357185	86
6357186	86
6357187	84
6357188	85
6357200	86
6357208	86
6357210	88
6357211	86
6357212	87
6357216	85
6357218	87
6357219	85
6357220	86
6357248	85
6357249	87
6357250	87
6357251	87
6357252	86
6357264	87
6357272	85
6357274	87
6357275	87
6357276	86
6357280	86
6357282	88
6357283	86
6357284	87
6357504	86
6357505	88
6357506	88
6357507	88
6357508	87
6357512	88
6357520	88
6357522	90
6357523	88
6357524	89
6357528	88
6357530	88
6357531	88
6357532	87
6357536	87
6357538	89
6357539	87
6357540	88
6358016	86
6358017	88
6358018	88
6358019	86
6358020	87
6358024	88
6358032	88
6358034	90
6358035	88
6358036	89
6358040	86
6358042	86
6358043	88
6358044	85
6358048	87
6358050	89
6358051	87
6358052	88
6358144	88
6358145	90
6358146	90
6358147	90
6358148	89
6358208	86
6358209	88
6358210	88
6358211	86
6358212	87
6358224	88
6358232	88
6358234	90
6358235	88
6358236	89
6358240	87
6358242	89
6358243	87
6358244	88
6358272	87
6358273	89
6358274	89
6358275	89
6358276	88
6358288	89
6358296	87
6358298	89
6358299	89
6358300	88
6358304	88
6358306	90
6358307	88
6358308	89
6358528	84
6358529	86
6358530	86
6358531	84
6358532	85
6358536	86
6358544	86
6358546	88
6358547	86
6358548	87
6358552	84
6358554	84
6358555	86
6358556	83
6358560	85
6358562	87
6358563	85
6358564	86
6358656	86
6358657	86
6358658	86
6358659	86
6358660	85
6358720	86
6358721	88
6358722	88
6358723	88
6358724	87
6358736	88
6358744	86
6358746	88
6358747	88
6358748	87
6358752	87
6358754	89
6358755	87
6358756	88
6358784	85
6358785	85
6358786	85
6358787	85
6358788	84
6358800	85
6358808	85
6358810	85
6358811	85
6358812	84
6358816	86
6358818	86
6358819	86
6358820	85
6359040	85
6359041	87
6359042	87
6359043	87
6359044	86
6359048	87
6359056	87
6359058	89
6359059	87
6359060	88
6359064	87
6359066	87
6359067	87
6359068	86
6359072	86
6359074	88
6359075	86
6359076	87
6359168	87
6359169	89
6359170	89
6359171	89
6359172	88
6359232	85
6359233	87
6359234	87
6359235	85
6359236	86
6359248	87
6359256	87
6359258	89
6359259	87
6359260	88
6359264	86
6359266	88
6359267	86
6359268	87
6359296	86
6359297	88
6359298	88
6359299	88
6359300	87
6359312	88
6359320	86
6359322	88
6359323	88
6359324	87
6359328	87
6359330	89
6359331	87
6359332	88
6365184	86
6365185	88
6365186	88
6365187	88
6365188	87
6365192	88
6365200	88
6365202	90
6365203	88
6365204	89
6365208	86
6365210	88
6365211	88
6365212	87
6365216	87
6365218	89
6365219	89
6365220	88
6365248	88
6365249	90
6365250	90
6365251	90
6365252	89
6365312	88
6365313	90
6365314	90
6365315	90
6365316	89
6365328	90
6365336	88
6365338	90
6365339	90
6365340	89
6365344	89
6365346	91
6365347	89
6365348	90
6365376	88
6365377	90
6365378	90
6365379	88
6365380	89
6365392	90
6365400	88
6365402	90
6365403	90
6365404	89
6365408	89
6365410	89
6365411	89
6365412	90
6365440	87
6365441	89
6365442	89
6365443	89
6365444	88
6365456	89
6365464	87
6365466	89
6365467	89
6365468	88
6365472	88
6365474	90
6365475	90
6365476	89
6369280	84
6369281	86
6369282	86
6369283	86
6369284	85
6369288	86
6369296	86
6369298	88
6369299	86
6369300	87
6369304	86
6369306	88
6369307	86
6369308	87
6369312	85
6369314	87
6369315	85
6369316	86
6369344	86
6369345	88
6369346	88
6369347	88
6369348	87
6369408	86
6369409	88
6369410	88
6369411	86
6369412	87
6369424	88
6369432	88
6369434	88
6369435	88
6369436	87
6369440	87
6369442	89
6369443	87
6369444	88
6369472	84
6369473	86
6369474	86
6369475	84
6369476	85
6369488	86
6369496	86
6369498	88
6369499	86
6369500	87
6369504	85
6369506	87
6369507	85
6369508	86
6369536	85
6369537	87
6369538	87
6369539	87
6369540	86
6369552	87
6369560	87
6369562	89
6369563	87
6369564	88
6369568	86
6369570	88
6369571	86
6369572	87
6370304	86
6370305	88
6370306	88
6370307	88
6370308	87
6370312	88
6370320	88
6370322	90
6370323	88
6370324	89
6370328	88
6370330	88
6370331	88
6370332	87
6370336	87
6370338	89
6370339	87
6370340	88
6370816	86
6370817	88
6370818	88
6370819	88
6370820	87
6370824	88
6370832	88
6370834	90
6370835	88
6370836	89
6370840	88
6370842	88
6370843	88
6370844	87
6370848	87
6370850	89
6370851	87
6370852	88
6370944	88
6370945	90
6370946	90
6370947	90
6370948	89
6371008	86
6371009	88
6371010	88
6371011	88
6371012	87
6371024	88
6371032	88
6371034	90
6371035	88
6371036	89
6371040	87
6371042	89
6371043	87
6371044	88
6371072	87
6371073	89
6371074	89
6371075	89
6371076	88
6371088	89
6371096	87
6371098	89
6371099	89
6371100	88
6371104	88
6371106	90
6371107	88
6371108	89
6371328	85
6371329	87
6371330	87
6371331	87
6371332	86
6371336	87
6371344	87
6371346	89
6371347	87
6371348	88
6371352	87
6371354	89
6371355	87
6371356	88
6371360	86
6371362	88
6371363	86
6371364	87
6371456	87
6371457	89
6371458	89
6371459	89
6371460	88
6371520	85
6371521	87
6371522	87
6371523	85
6371524	86
6371536	87
6371544	87
6371546	89
6371547	87
6371548	88
6371552	86
6371554	88
6371555	86
6371556	87
6371584	86
6371585	88
6371586	88
6371587	88
6371588	87
6371600	88
6371608	88
6371610	90
6371611	88
6371612	89
6371616	87
6371618	89
6371619	87
6371620	88
6373376	85
6373377	87
6373378	87
6373379	87
6373380	86
6373384	87
6373392	87
6373394	89
6373395	87
6373396	88
6373400	87
6373402	87
6373403	87
6373404	86
6373408	86
6373410	88
6373411	88
6373412	87
6373440	87
6373441	89
6373442	89
6373443	89
6373444	88
6373504	87
6373505	89
6373506	89
6373507	89
6373508	88
6373520	89
6373528	87
6373530	89
6373531	89
6373532	88
6373536	88
6373538	90
6373539	88
6373540	89
6373568	87
6373569	89
6373570	89
6373571	87
6373572	88
6373584	89
6373592	87
6373594	89
6373595	89
6373596	88
6373600	88
6373602	88
6373603	88
6373604	89
6373632	86
6373633	88
6373634	88
6373635	88
6373636	87
6373648	88
6373656	86
6373658	88
6373659	88
6373660	87
6373664	87
6373666	89
6373667	89
6373668	88
6374400	87
6374401	89
6374402	89
6374403	89
6374404	88
6374408	89
6374416	89
6374418	91
6374419	89
6374420	90
6374424	89
6374426	89
6374427	89
6374428	88
6374432	88
6374434	90
6374435	88
6374436	89
6374912	85
6374913	87
6374914	87
6374915	87
6374916	86
6374920	87
6374928	87
6374930	89
6374931	87
6374932	88
6374936	85
6374938	87
6374939	87
6374940	86
6374944	86
6374946	88
6374947	88
6374948	87
6375040	87
6375041	89
6375042	89
6375043	89
6375044	88
6375104	87
6375105	89
6375106	89
6375107	89
6375108	88
6375120	89
6375128	87
6375130	89
6375131	89
6375132	88
6375136	88
6375138	90
6375139	88
6375140	89
6375168	86
6375169	88
6375170	88
6375171	88
6375172	87
6375184	88
6375192	86
6375194	88
6375195	88
6375196	87
6375200	87
6375202	89
6375203	89
6375204	88
6375424	86
6375425	88
6375426	88
6375427	88
6375428	87
6375432	88
6375440	88
6375442	90
6375443	88
6375444	89
6375448	88
6375450	88
6375451	88
6375452	87
6375456	87
6375458	89
6375459	87
6375460	88
6375552	88
6375553	90
6375554	90
6375555	90
6375556	89
6375616	86
6375617	88
6375618	88
6375619	86
6375620	87
6375632	88
6375640	88
6375642	90
6375643	88
6375644	89
6375648	87
6375650	89
6375651	87
6375652	88
6375680	87
6375681	89
6375682	89
6375683	89
6375684	88
6375696	89
6375704	87
6375706	89
6375707	89
6375708	88
6375712	88
6375714	90
6375715	88
6375716	89
6389760	82
6389761	84
6389762	84
6389763	84
6389764	83
6389768	84
6389776	84
6389778	86
6389779	84
6389780	85
6389784	84
6389786	84
6389787	84
6389788	83
6389792	83
6389794	85
6389795	83
6389796	84
6389824	84
6389825	86
6389826	86
6389827	86
6389828	85
6389888	84
6389889	86
6389890	86
6389891	84
6389892	85
6389904	86
6389912	84
6389914	86
6389915	86
6389916	85
6389920	85
6389922	87
6389923	85
6389924	86
6389952	84
6389953	84
6389954	84
6389955	84
6389956	83
6389968	84
6389976	84
6389978	86
6389979	84
6389980	85
6389984	85
6389986	85
6389987	85
6389988	84
6390016	83
6390017	85
6390018	85
6390019	85
6390020	84
6390032	85
6390040	83
6390042	85
6390043	85
6390044	84
6390048	84
6390050	86
6390051	84
6390052	85
6390272	84
6390273	86
6390274	86
6390275	86
6390276	85
6390280	86
6390288	86
6390290	88
6390291	86
6390292	87
6390296	86
6390298	86
6390299	86
6390300	85
6390304	85
6390306	87
6390307	85
6390308	86
6390784	84
6390785	86
6390786	86
6390787	84
6390788	85
6390792	86
6390800	86
6390802	88
6390803	86
6390804	87
6390808	84
6390810	84
6390811	86
6390812	83
6390816	85
6390818	87
6390819	85
6390820	86
6390912	86
6390913	88
6390914	88
6390915	88
6390916	87
6390976	84
6390977	86
6390978	86
6390979	84
6390980	85
6390992	86
6391000	86
6391002	88
6391003	86
6391004	87
6391008	85
6391010	87
6391011	85
6391012	86
6391040	85
6391041	87
6391042	87
6391043	87
6391044	86
6391056	87
6391064	85
6391066	87
6391067	87
6391068	86
6391072	86
6391074	88
6391075	86
6391076	87
6391296	82
6391297	84
6391298	84
6391299	82
6391300	83
6391304	84
6391312	84
6391314	86
6391315	84
6391316	85
6391320	82
6391322	82
6391323	84
6391324	81
6391328	83
6391330	85
6391331	83
6391332	84
6391424	84
6391425	84
6391426	84
6391427	84
6391428	83
6391488	84
6391489	86
6391490	86
6391491	86
6391492	85
6391504	86
6391512	84
6391514	86
6391515	86
6391516	85
6391520	85
6391522	87
6391523	85
6391524	86
6391552	83
6391553	83
6391554	83
6391555	83
6391556	82
6391568	83
6391576	83
6391578	83
6391579	83
6391580	82
6391584	84
6391586	84
6391587	84
6391588	83
6391808	83
6391809	85
6391810	85
6391811	85
6391812	84
6391816	85
6391824	85
6391826	87
6391827	85
6391828	86
6391832	85
6391834	85
6391835	85
6391836	84
6391840	84
6391842	86
6391843	84
6391844	85
6391936	85
6391937	87
6391938	87
6391939	87
6391940	86
6392000	85
6392001	85
6392002	85
6392003	85
6392004	84
6392016	85
6392024	85
6392026	87
6392027	85
6392028	86
6392032	86
6392034	86
6392035	86
6392036	85
6392064	84
6392065	86
6392066	86
6392067	86
6392068	85
6392080	86
6392088	84
6392090	86
6392091	86
6392092	85
6392096	85
6392098	87
6392099	85
6392100	86
6397952	84
6397953	86
6397954	86
6397955	84
6397956	85
6397960	86
6397968	86
6397970	88
6397971	86
6397972	87
6397976	84
6397978	84
6397979	86
6397980	83
6397984	85
6397986	87
6397987	85
6397988	86
6398016	86
6398017	86
6398018	86
6398019	86
6398020	85
6398080	86
6398081	86
6398082	86
6398083	86
6398084	85
6398096	86
6398104	86
6398106	86
6398107	86
6398108	85
6398112	87
6398114	87
6398115	87
6398116	86
6398144	84
6398145	86
6398146	86
6398147	84
6398148	85
6398160	86
6398168	86
6398170	86
6398171	86
6398172	85
6398176	85
6398178	87
6398179	85
6398180	86
6398208	85
6398209	85
6398210	85
6398211	85
6398212	84
6398224	85
6398232	85
6398234	85
6398235	85
6398236	84
6398240	86
6398242	86
6398243	86
6398244	85
6402048	84
6402049	86
6402050	86
6402051	86
6402052	85
6402056	86
6402064	86
6402066	88
6402067	86
6402068	87
6402072	86
6402074	86
6402075	86
6402076	85
6402080	85
6402082	87
6402083	87
6402084	86
6402112	86
6402113	88
6402114	88
6402115	88
6402116	87
6402176	86
6402177	88
6402178	88
6402179	88
6402180	87
6402192	88
6402200	86
6402202	88
6402203	88
6402204	87
6402208	87
6402210	89
6402211	87
6402212	88
6402240	86
6402241	88
6402242	88
6402243	86
6402244	87
6402256	88
6402264	86
6402266	88
6402267	88
6402268	87
6402272	87
6402274	87
6402275	87
6402276	88
6402304	85
6402305	87
6402306	87
6402307	87
6402308	86
6402320	87
6402328	85
6402330	87
6402331	87
6402332	86
6402336	86
6402338	88
6402339	88
6402340	87
6403072	86
6403073	88
6403074	88
6403075	88
6403076	87
6403080	88
6403088	88
6403090	90
6403091	88
6403092	89
6403096	88
6403098	88
6403099	88
6403100	87
6403104	87
6403106	89
6403107	87
6403108	88
6403584	84
6403585	86
6403586	86
6403587	86
6403588	85
6403592	86
6403600	86
6403602	88
6403603	86
6403604	87
6403608	84
6403610	86
6403611	86
6403612	85
6403616	85
6403618	87
6403619	87
6403620	86
6403712	86
6403713	88
6403714	88
6403715	88
6403716	87
6403776	86
6403777	88
6403778	88
6403779	88
6403780	87
6403792	88
6403800	86
6403802	88
6403803	88
6403804	87
6403808	87
6403810	89
6403811	87
6403812	88
6403840	85
6403841	87
6403842	87
6403843	87
6403844	86
6403856	87
6403864	85
6403866	87
6403867	87
6403868	86
6403872	86
6403874	88
6403875	88
6403876	87
6404096	85
6404097	87
6404098	87
6404099	87
6404100	86
6404104	87
6404112	87
6404114	89
6404115	87
6404116	88
6404120	87
6404122	87
6404123	87
6404124	86
6404128	86
6404130	88
6404131	86
6404132	87
6404224	87
6404225	89
6404226	89
6404227	89
6404228	88
6404288	85
6404289	87
6404290	87
6404291	85
6404292	86
6404304	87
6404312	87
6404314	89
6404315	87
6404316	88
6404320	86
6404322	88
6404323	86
6404324	87
6404352	86
6404353	88
6404354	88
6404355	88
6404356	87
6404368	88
6404376	86
6404378	88
6404379	88
6404380	87
6404384	87
6404386	89
6404387	87
6404388	88
6406144	83
6406145	85
6406146	85
6406147	83
6406148	84
6406152	85
6406160	85
6406162	87
6406163	85
6406164	86
6406168	83
6406170	83
6406171	85
6406172	82
6406176	84
6406178	86
6406179	84
6406180	85
6406208	85
6406209	85
6406210	85
6406211	85
6406212	84
6406272	85
6406273	85
6406274	85
6406275	85
6406276	84
6406288	85
6406296	85
6406298	85
6406299	85
6406300	84
6406304	86
6406306	86
6406307	86
6406308	85
6406336	85
6406337	85
6406338	85
6406339	85
6406340	84
6406352	85
6406360	85
6406362	85
6406363	85
6406364	84
6406368	86
6406370	86
6406371	86
6406372	85
6406400	84
6406401	84
6406402	84
6406403	84
6406404	83
6406416	84
6406424	84
6406426	84
6406427	84
6406428	83
6406432	85
6406434	85
6406435	85
6406436	84
6407168	83
6407169	85
6407170	85
6407171	85
6407172	84
6407176	85
6407184	85
6407186	87
6407187	85
6407188	86
6407192	85
6407194	85
6407195	85
6407196	84
6407200	84
6407202	86
6407203	84
6407204	85
6407680	83
6407681	85
6407682	85
6407683	83
6407684	84
6407688	85
6407696	85
6407698	87
6407699	85
6407700	86
6407704	83
6407706	83
6407707	85
6407708	82
6407712	84
6407714	86
6407715	84
6407716	85
6407808	85
6407809	85
6407810	85
6407811	85
6407812	84
6407872	85
6407873	85
6407874	85
6407875	85
6407876	84
6407888	85
6407896	85
6407898	85
6407899	85
6407900	84
6407904	86
6407906	86
6407907	86
6407908	85
6407936	84
6407937	84
6407938	84
6407939	84
6407940	83
6407952	84
6407960	84
6407962	84
6407963	84
6407964	83
6407968	85
6407970	85
6407971	85
6407972	84
6408192	84
6408193	86
6408194	86
6408195	84
6408196	85
6408200	86
6408208	86
6408210	88
6408211	86
6408212	87
6408216	84
6408218	84
6408219	86
6408220	83
6408224	85
6408226	87
6408227	85
6408228	86
6408320	86
6408321	86
6408322	86
6408323	86
6408324	85
6408384	86
6408385	86
6408386	86
6408387	86
6408388	85
6408400	86
6408408	86
6408410	86
6408411	86
6408412	85
6408416	87
6408418	87
6408419	87
6408420	86
6408448	85
6408449	85
6408450	85
6408451	85
6408452	84
6408464	85
6408472	85
6408474	85
6408475	85
6408476	84
6408480	86
6408482	86
6408483	86
6408484	85
6422528	83
6422529	85
6422530	85
6422531	85
6422532	84
6422536	85
6422544	85
6422546	87
6422547	85
6422548	86
6422552	85
6422554	85
6422555	85
6422556	84
6422560	84
6422562	86
6422563	86
6422564	85
6422592	85
6422593	87
6422594	87
6422595	87
6422596	86
6422656	85
6422657	87
6422658	87
6422659	87
6422660	86
6422672	87
6422680	87
6422682	87
6422683	87
6422684	86
6422688	86
6422690	88
6422691	86
6422692	87
6422720	85
6422721	87
6422722	87
6422723	85
6422724	86
6422736	87
6422744	85
6422746	87
6422747	87
6422748	86
6422752	86
6422754	86
6422755	86
6422756	87
6422784	84
6422785	86
6422786	86
6422787	86
6422788	85
6422800	86
6422808	86
6422810	86
6422811	86
6422812	85
6422816	85
6422818	87
6422819	87
6422820	86
6423040	85
6423041	87
6423042	87
6423043	87
6423044	86
6423048	87
6423056	87
6423058	89
6423059	87
6423060	88
6423064	87
6423066	87
6423067	87
6423068	86
6423072	86
6423074	88
6423075	86
6423076	87
6423552	85
6423553	87
6423554	87
6423555	87
6423556	86
6423560	87
6423568	87
6423570	89
6423571	87
6423572	88
6423576	87
6423578	87
6423579	87
6423580	86
6423584	86
6423586	88
6423587	86
6423588	87
6423680	87
6423681	89
6423682	89
6423683	89
6423684	88
6423744	85
6423745	87
6423746	87
6423747	85
6423748	86
6423760	87
6423768	87
6423770	89
6423771	87
6423772	88
6423776	86
6423778	88
6423779	86
6423780	87
6423808	86
6423809	88
6423810	88
6423811	88
6423812	87
6423824	88
6423832	86
6423834	88
6423835	88
6423836	87
6423840	87
6423842	89
6423843	87
6423844	88
6424064	85
6424065	87
6424066	87
6424067	85
6424068	86
6424072	87
6424080	87
6424082	89
6424083	87
6424084	88
6424088	85
6424090	85
6424091	87
6424092	84
6424096	86
6424098	88
6424099	86
6424100	87
6424192	85
6424193	87
6424194	87
6424195	87
6424196	86
6424256	85
6424257	87
6424258	87
6424259	87
6424260	86
6424272	87
6424280	87
6424282	87
6424283	87
6424284	86
6424288	86
6424290	88
6424291	86
6424292	87
6424320	86
6424321	86
6424322	86
6424323	86
6424324	85
6424336	86
6424344	86
6424346	86
6424347	86
6424348	85
6424352	87
6424354	87
6424355	87
6424356	86
6424576	84
6424577	86
6424578	86
6424579	86
6424580	85
6424584	86
6424592	86
6424594	88
6424595	86
6424596	87
6424600	86
6424602	86
6424603	86
6424604	85
6424608	85
6424610	87
6424611	85
6424612	86
6424704	86
6424705	88
6424706	88
6424707	88
6424708	87
6424768	84
6424769	86
6424770	86
6424771	84
6424772	85
6424784	86
6424792	86
6424794	88
6424795	86
6424796	87
6424800	85
6424802	87
6424803	85
6424804	86
6424832	85
6424833	87
6424834	87
6424835	87
6424836	86
6424848	87
6424856	87
6424858	87
6424859	87
6424860	86
6424864	86
6424866	88
6424867	86
6424868	87
6430720	85
6430721	87
6430722	87
6430723	87
6430724	86
6430728	87
6430736	87
6430738	89
6430739	87
6430740	88
6430744	85
6430746	87
6430747	87
6430748	86
6430752	86
6430754	88
6430755	88
6430756	87
6430784	87
6430785	89
6430786	89
6430787	89
6430788	88
6430848	87
6430849	89
6430850	89
6430851	89
6430852	88
6430864	89
6430872	87
6430874	89
6430875	89
6430876	88
6430880	88
6430882	90
6430883	88
6430884	89
6430912	87
6430913	89
6430914	89
6430915	87
6430916	88
6430928	89
6430936	87
6430938	89
6430939	89
6430940	88
6430944	88
6430946	88
6430947	88
6430948	89
6430976	86
6430977	88
6430978	88
6430979	88
6430980	87
6430992	88
6431000	86
6431002	88
6431003	88
6431004	87
6431008	87
6431010	89
6431011	89
6431012	88
6434816	83
6434817	85
6434818	85
6434819	85
6434820	84
6434824	85
6434832	85
6434834	87
6434835	85
6434836	86
6434840	85
6434842	87
6434843	85
6434844	86
6434848	84
6434850	86
6434851	84
6434852	85
6434880	85
6434881	87
6434882	87
6434883	87
6434884	86
6434944	85
6434945	87
6434946	87
6434947	85
6434948	86
6434960	87
6434968	87
6434970	87
6434971	87
6434972	86
6434976	86
6434978	88
6434979	86
6434980	87
6435008	83
6435009	85
6435010	85
6435011	83
6435012	84
6435024	85
6435032	85
6435034	87
6435035	85
6435036	86
6435040	84
6435042	86
6435043	84
6435044	85
6435072	84
6435073	86
6435074	86
6435075	86
6435076	85
6435088	86
6435096	86
6435098	88
6435099	86
6435100	87
6435104	85
6435106	87
6435107	85
6435108	86
6435840	85
6435841	87
6435842	87
6435843	87
6435844	86
6435848	87
6435856	87
6435858	89
6435859	87
6435860	88
6435864	87
6435866	87
6435867	87
6435868	86
6435872	86
6435874	88
6435875	86
6435876	87
6436352	85
6436353	87
6436354	87
6436355	87
6436356	86
6436360	87
6436368	87
6436370	89
6436371	87
6436372	88
6436376	87
6436378	87
6436379	87
6436380	86
6436384	86
6436386	88
6436387	86
6436388	87
6436480	87
6436481	89
6436482	89
6436483	89
6436484	88
6436544	85
6436545	87
6436546	87
6436547	87
6436548	86
6436560	87
6436568	87
6436570	89
6436571	87
6436572	88
6436576	86
6436578	88
6436579	86
6436580	87
6436608	86
6436609	88
6436610	88
6436611	88
6436612	87
6436624	88
6436632	86
6436634	88
6436635	88
6436636	87
6436640	87
6436642	89
6436643	87
6436644	88
6436864	84
6436865	86
6436866	86
6436867	86
6436868	85
6436872	86
6436880	86
6436882	88
6436883	86
6436884	87
6436888	86
6436890	88
6436891	86
6436892	87
6436896	85
6436898	87
6436899	85
6436900	86
6436992	86
6436993	88
6436994	88
6436995	88
6436996	87
6437056	84
6437057	86
6437058	86
6437059	84
6437060	85
6437072	86
6437080	86
6437082	88
6437083	86
6437084	87
6437088	85
6437090	87
6437091	85
6437092	86
6437120	85
6437121	87
6437122	87
6437123	87
6437124	86
6437136	87
6437144	87
6437146	89
6437147	87
6437148	88
6437152	86
6437154	88
6437155	86
6437156	87
6438912	84
6438913	86
6438914	86
6438915	86
6438916	85
6438920	86
6438928	86
6438930	88
6438931	86
6438932	87
6438936	86
6438938	86
6438939	86
6438940	85
6438944	85
6438946	87
6438947	87
6438948	86
6438976	86
6438977	88
6438978	88
6438979	88
6438980	87
6439040	86
6439041	88
6439042	88
6439043	88
6439044	87
6439056	88
6439064	86
6439066	88
6439067	88
6439068	87
6439072	87
6439074	89
6439075	87
6439076	88
6439104	86
6439105	88
6439106	88
6439107	86
6439108	87
6439120	88
6439128	86
6439130	88
6439131	88
6439132	87
6439136	87
6439138	87
6439139	87
6439140	88
6439168	85
6439169	87
6439170	87
6439171	87
6439172	86
6439184	87
6439192	85
6439194	87
6439195	87
6439196	86
6439200	86
6439202	88
6439203	88
6439204	87
6439936	86
6439937	88
6439938	88
6439939	88
6439940	87
6439944	88
6439952	88
6439954	90
6439955	88
6439956	89
6439960	88
6439962	88
6439963	88
6439964	87
6439968	87
6439970	89
6439971	87
6439972	88
6440448	84
6440449	86
6440450	86
6440451	86
6440452	85
6440456	86
6440464	86
6440466	88
6440467	86
6440468	87
6440472	84
6440474	86
6440475	86
6440476	85
6440480	85
6440482	87
6440483	87
6440484	86
6440576	86
6440577	88
6440578	88
6440579	88
6440580	87
6440640	86
6440641	88
6440642	88
6440643	88
6440644	87
6440656	88
6440664	86
6440666	88
6440667	88
6440668	87
6440672	87
6440674	89
6440675	87
6440676	88
6440704	85
6440705	87
6440706	87
6440707	87
6440708	86
6440720	87
6440728	85
6440730	87
6440731	87
6440732	86
6440736	86
6440738	88
6440739	88
6440740	87
6440960	85
6440961	87
6440962	87
6440963	87
6440964	86
6440968	87
6440976	87
6440978	89
6440979	87
6440980	88
6440984	87
6440986	87
6440987	87
6440988	86
6440992	86
6440994	88
6440995	86
6440996	87
6441088	87
6441089	89
6441090	89
6441091	89
6441092	88
6441152	85
6441153	87
6441154	87
6441155	85
6441156	86
6441168	87
6441176	87
6441178	89
6441179	87
6441180	88
6441184	86
6441186	88
6441187	86
6441188	87
6441216	86
6441217	88
6441218	88
6441219	88
6441220	87
6441232	88
6441240	86
6441242	88
6441243	88
6441244	87
6441248	87
6441250	89
6441251	87
6441252	88
6815744	82
6815745	84
6815746	84
6815747	84
6815748	83
6815752	84
6815760	84
6815762	86
6815763	84
6815764	85
6815768	84
6815770	84
6815771	84
6815772	83
6815776	83
6815778	85
6815779	85
6815780	84
6815808	84
6815809	86
6815810	86
6815811	86
6815812	85
6815872	84
6815873	86
6815874	86
6815875	86
6815876	85
6815888	86
6815896	86
6815898	86
6815899	86
6815900	85
6815904	85
6815906	87
6815907	85
6815908	86
6815936	84
6815937	86
6815938	86
6815939	84
6815940	85
6815952	86
6815960	84
6815962	86
6815963	86
6815964	85
6815968	85
6815970	85
6815971	85
6815972	86
6816000	83
6816001	85
6816002	85
6816003	85
6816004	84
6816016	85
6816024	85
6816026	85
6816027	85
6816028	84
6816032	84
6816034	86
6816035	86
6816036	85
6816256	84
6816257	86
6816258	86
6816259	86
6816260	85
6816264	86
6816272	86
6816274	88
6816275	86
6816276	87
6816280	86
6816282	86
6816283	86
6816284	85
6816288	85
6816290	87
6816291	87
6816292	86
6816768	84
6816769	86
6816770	86
6816771	86
6816772	85
6816776	86
6816784	86
6816786	88
6816787	86
6816788	87
6816792	86
6816794	86
6816795	86
6816796	85
6816800	85
6816802	87
6816803	87
6816804	86
6816896	86
6816897	88
6816898	88
6816899	88
6816900	87
6816960	84
6816961	86
6816962	86
6816963	86
6816964	85
6816976	86
6816984	86
6816986	88
6816987	86
6816988	87
6816992	85
6816994	87
6816995	87
6816996	86
6817024	85
6817025	87
6817026	87
6817027	87
6817028	86
6817040	87
6817048	85
6817050	87
6817051	87
6817052	86
6817056	86
6817058	88
6817059	86
6817060	87
6817280	84
6817281	86
6817282	86
6817283	84
6817284	85
6817288	86
6817296	86
6817298	88
6817299	86
6817300	87
6817304	84
6817306	84
6817307	86
6817308	83
6817312	85
6817314	87
6817315	85
6817316	86
6817408	84
6817409	86
6817410	86
6817411	86
6817412	85
6817472	84
6817473	86
6817474	86
6817475	86
6817476	85
6817488	86
6817496	86
6817498	86
6817499	86
6817500	85
6817504	85
6817506	87
6817507	87
6817508	86
6817536	85
6817537	85
6817538	85
6817539	85
6817540	84
6817552	85
6817560	85
6817562	85
6817563	85
6817564	84
6817568	86
6817570	86
6817571	86
6817572	85
6817792	83
6817793	85
6817794	85
6817795	85
6817796	84
6817800	85
6817808	85
6817810	87
6817811	85
6817812	86
6817816	85
6817818	85
6817819	85
6817820	84
6817824	84
6817826	86
6817827	86
6817828	85
6817920	85
6817921	87
6817922	87
6817923	87
6817924	86
6817984	85
6817985	87
6817986	87
6817987	85
6817988	86
6818000	87
6818008	85
6818010	87
6818011	87
6818012	86
6818016	86
6818018	86
6818019	86
6818020	87
6818048	84
6818049	86
6818050	86
6818051	86
6818052	85
6818064	86
6818072	86
6818074	86
6818075	86
6818076	85
6818080	85
6818082	87
6818083	87
6818084	86
6819840	84
6819841	86
6819842	86
6819843	86
6819844	85
6819848	86
6819856	86
6819858	88
6819859	86
6819860	87
6819864	86
6819866	86
6819867	86
6819868	85
6819872	85
6819874	87
6819875	87
6819876	86
6819904	86
6819905	88
6819906	88
6819907	88
6819908	87
6819968	86
6819969	88
6819970	88
6819971	88
6819972	87
6819984	88
6819992	88
6819994	88
6819995	88
6819996	87
6820000	87
6820002	89
6820003	87
6820004	88
6820032	86
6820033	88
6820034	88
6820035	86
6820036	87
6820048	88
6820056	86
6820058	88
6820059	88
6820060	87
6820064	87
6820066	87
6820067	87
6820068	88
6820096	85
6820097	87
6820098	87
6820099	87
6820100	86
6820112	87
6820120	87
6820122	87
6820123	87
6820124	86
6820128	86
6820130	88
6820131	88
6820132	87
6823936	84
6823937	86
6823938	86
6823939	86
6823940	85
6823944	86
6823952	86
6823954	88
6823955	86
6823956	87
6823960	86
6823962	86
6823963	86
6823964	85
6823968	85
6823970	87
6823971	87
6823972	86
6824000	86
6824001	88
6824002	88
6824003	88
6824004	87
6824064	86
6824065	88
6824066	88
6824067	88
6824068	87
6824080	88
6824088	88
6824090	88
6824091	88
6824092	87
6824096	87
6824098	89
6824099	87
6824100	88
6824128	86
6824129	88
6824130	88
6824131	86
6824132	87
6824144	88
6824152	86
6824154	88
6824155	88
6824156	87
6824160	87
6824162	87
6824163	87
6824164	88
6824192	85
6824193	87
6824194	87
6824195	87
6824196	86
6824208	87
6824216	87
6824218	87
6824219	87
6824220	86
6824224	86
6824226	88
6824227	88
6824228	87
6824960	86
6824961	88
6824962	88
6824963	88
6824964	87
6824968	88
6824976	88
6824978	90
6824979	88
6824980	89
6824984	88
6824986	88
6824987	88
6824988	87
6824992	87
6824994	89
6824995	87
6824996	88
6825472	86
6825473	88
6825474	88
6825475	86
6825476	87
6825480	88
6825488	88
6825490	90
6825491	88
6825492	89
6825496	86
6825498	86
6825499	88
6825500	85
6825504	87
6825506	89
6825507	87
6825508	88
6825600	86
6825601	88
6825602	88
6825603	88
6825604	87
6825664	86
6825665	88
6825666	88
6825667	88
6825668	87
6825680	88
6825688	88
6825690	88
6825691	88
6825692	87
6825696	87
6825698	89
6825699	87
6825700	88
6825728	87
6825729	87
6825730	87
6825731	87
6825732	86
6825744	87
6825752	87
6825754	87
6825755	87
6825756	86
6825760	88
6825762	88
6825763	88
6825764	87
6825984	85
6825985	87
6825986	87
6825987	87
6825988	86
6825992	87
6826000	87
6826002	89
6826003	87
6826004	88
6826008	87
6826010	87
6826011	87
6826012	86
6826016	86
6826018	88
6826019	86
6826020	87
6826112	87
6826113	89
6826114	89
6826115	89
6826116	88
6826176	85
6826177	87
6826178	87
6826179	85
6826180	86
6826192	87
6826200	87
6826202	89
6826203	87
6826204	88
6826208	86
6826210	88
6826211	86
6826212	87
6826240	86
6826241	88
6826242	88
6826243	88
6826244	87
6826256	88
6826264	88
6826266	88
6826267	88
6826268	87
6826272	87
6826274	89
6826275	87
6826276	88
6828032	84
6828033	86
6828034	86
6828035	86
6828036	85
6828040	86
6828048	86
6828050	86
6828051	86
6828052	87
6828056	86
6828058	86
6828059	86
6828060	85
6828064	85
6828066	87
6828067	85
6828068	86
6828096	86
6828097	88
6828098	88
6828099	88
6828100	87
6828160	86
6828161	88
6828162	88
6828163	86
6828164	87
6828176	88
6828184	88
6828186	88
6828187	88
6828188	87
6828192	87
6828194	89
6828195	87
6828196	88
6828224	84
6828225	86
6828226	86
6828227	84
6828228	85
6828240	86
6828248	86
6828250	88
6828251	86
6828252	87
6828256	85
6828258	85
6828259	85
6828260	86
6828288	85
6828289	87
6828290	87
6828291	87
6828292	86
6828304	87
6828312	87
6828314	87
6828315	87
6828316	86
6828320	86
6828322	88
6828323	86
6828324	87
6829056	86
6829057	88
6829058	88
6829059	86
6829060	87
6829064	88
6829072	88
6829074	88
6829075	88
6829076	89
6829080	88
6829082	88
6829083	88
6829084	87
6829088	87
6829090	87
6829091	87
6829092	88
6829568	84
6829569	86
6829570	86
6829571	86
6829572	85
6829576	86
6829584	86
6829586	88
6829587	86
6829588	87
6829592	86
6829594	86
6829595	86
6829596	85
6829600	85
6829602	87
6829603	87
6829604	86
6829696	86
6829697	88
6829698	88
6829699	88
6829700	87
6829760	86
6829761	88
6829762	88
6829763	86
6829764	87
6829776	88
6829784	86
6829786	88
6829787	88
6829788	87
6829792	87
6829794	87
6829795	87
6829796	88
6829824	85
6829825	87
6829826	87
6829827	87
6829828	86
6829840	87
6829848	87
6829850	87
6829851	87
6829852	86
6829856	86
6829858	88
6829859	88
6829860	87
6830080	85
6830081	87
6830082	87
6830083	85
6830084	86
6830088	87
6830096	87
6830098	87
6830099	87
6830100	88
6830104	87
6830106	87
6830107	87
6830108	86
6830112	86
6830114	86
6830115	86
6830116	87
6830208	85
6830209	87
6830210	87
6830211	87
6830212	86
6830272	85
6830273	87
6830274	87
6830275	85
6830276	86
6830288	87
6830296	87
6830298	87
6830299	87
6830300	88
6830304	86
6830306	86
6830307	86
6830308	87
6830336	86
6830337	88
6830338	88
6830339	86
6830340	87
6830352	88
6830360	86
6830362	88
6830363	88
6830364	87
6830368	87
6830370	87
6830371	87
6830372	88
6832128	83
6832129	85
6832130	85
6832131	85
6832132	84
6832136	85
6832144	85
6832146	87
6832147	85
6832148	86
6832152	85
6832154	85
6832155	85
6832156	84
6832160	84
6832162	86
6832163	86
6832164	85
6832192	85
6832193	87
6832194	87
6832195	87
6832196	86
6832256	85
6832257	87
6832258	87
6832259	87
6832260	86
6832272	87
6832280	87
6832282	87
6832283	87
6832284	86
6832288	86
6832290	88
6832291	86
6832292	87
6832320	85
6832321	87
6832322	87
6832323	85
6832324	86
6832336	87
6832344	85
6832346	87
6832347	87
6832348	86
6832352	86
6832354	86
6832355	86
6832356	87
6832384	84
6832385	86
6832386	86
6832387	86
6832388	85
6832400	86
6832408	86
6832410	86
6832411	86
6832412	85
6832416	85
6832418	87
6832419	87
6832420	86
6833152	85
6833153	87
6833154	87
6833155	87
6833156	86
6833160	87
6833168	87
6833170	89
6833171	87
6833172	88
6833176	87
6833178	87
6833179	87
6833180	86
6833184	86
6833186	88
6833187	86
6833188	87
6833664	85
6833665	87
6833666	87
6833667	85
6833668	86
6833672	87
6833680	87
6833682	89
6833683	87
6833684	88
6833688	85
6833690	85
6833691	87
6833692	84
6833696	86
6833698	88
6833699	86
6833700	87
6833792	85
6833793	87
6833794	87
6833795	87
6833796	86
6833856	85
6833857	87
6833858	87
6833859	87
6833860	86
6833872	87
6833880	87
6833882	87
6833883	87
6833884	86
6833888	86
6833890	88
6833891	88
6833892	87
6833920	86
6833921	86
6833922	86
6833923	86
6833924	85
6833936	86
6833944	86
6833946	86
6833947	86
6833948	85
6833952	87
6833954	87
6833955	87
6833956	86
6834176	84
6834177	86
6834178	86
6834179	86
6834180	85
6834184	86
6834192	86
6834194	88
6834195	86
6834196	87
6834200	86
6834202	86
6834203	86
6834204	85
6834208	85
6834210	87
6834211	87
6834212	86
6834304	86
6834305	88
6834306	88
6834307	88
6834308	87
6834368	86
6834369	88
6834370	88
6834371	86
6834372	87
6834384	88
6834392	86
6834394	88
6834395	88
6834396	87
6834400	87
6834402	87
6834403	87
6834404	88
6834432	85
6834433	87
6834434	87
6834435	87
6834436	86
6834448	87
6834456	87
6834458	87
6834459	87
6834460	86
6834464	86
6834466	88
6834467	88
6834468	87
7077888	82
7077889	84
7077890	84
7077891	84
7077892	83
7077896	84
7077904	84
7077906	86
7077907	84
7077908	85
7077912	84
7077914	84
7077915	84
7077916	83
7077920	83
7077922	85
7077923	85
7077924	84
7077952	84
7077953	86
7077954	86
7077955	86
7077956	85
7078016	84
7078017	86
7078018	86
7078019	86
7078020	85
7078032	86
7078040	86
7078042	86
7078043	86
7078044	85
7078048	85
7078050	87
7078051	85
7078052	86
7078080	84
7078081	86
7078082	86
7078083	84
7078084	85
7078096	86
7078104	84
7078106	86
7078107	86
7078108	85
7078112	85
7078114	85
7078115	85
7078116	86
7078144	83
7078145	85
7078146	85
7078147	85
7078148	84
7078160	85
7078168	85
7078170	85
7078171	85
7078172	84
7078176	84
7078178	86
7078179	86
7078180	85
7078400	84
7078401	86
7078402	86
7078403	86
7078404	85
7078408	86
7078416	86
7078418	88
7078419	86
7078420	87
7078424	86
7078426	86
7078427	86
7078428	85
7078432	85
7078434	87
7078435	87
7078436	86
7078912	84
7078913	86
7078914	86
7078915	86
7078916	85
7078920	86
7078928	86
7078930	88
7078931	86
7078932	87
7078936	86
7078938	86
7078939	86
7078940	85
7078944	85
7078946	87
7078947	87
7078948	86
7079040	86
7079041	88
7079042	88
7079043	88
7079044	87
7079104	84
7079105	86
7079106	86
7079107	86
7079108	85
7079120	86
7079128	86
7079130	88
7079131	86
7079132	87
7079136	85
7079138	87
7079139	87
7079140	86
7079168	85
7079169	87
7079170	87
7079171	87
7079172	86
7079184	87
7079192	85
7079194	87
7079195	87
7079196	86
7079200	86
7079202	88
7079203	86
7079204	87
7079424	84
7079425	86
7079426	86
7079427	84
7079428	85
7079432	86
7079440	86
7079442	88
7079443	86
7079444	87
7079448	84
7079450	84
7079451	86
7079452	83
7079456	85
7079458	87
7079459	85
7079460	86
7079552	84
7079553	86
7079554	86
7079555	86
7079556	85
7079616	84
7079617	86
7079618	86
7079619	86
7079620	85
7079632	86
7079640	86
7079642	86
7079643	86
7079644	85
7079648	85
7079650	87
7079651	87
7079652	86
7079680	85
7079681	85
7079682	85
7079683	85
7079684	84
7079696	85
7079704	85
7079706	85
7079707	85
7079708	84
7079712	86
7079714	86
7079715	86
7079716	85
7079936	83
7079937	85
7079938	85
7079939	85
7079940	84
7079944	85
7079952	85
7079954	87
7079955	85
7079956	86
7079960	85
7079962	85
7079963	85
7079964	84
7079968	84
7079970	86
7079971	86
7079972	85
7080064	85
7080065	87
7080066	87
7080067	87
7080068	86
7080128	85
7080129	87
7080130	87
7080131	85
7080132	86
7080144	87
7080152	85
7080154	87
7080155	87
7080156	86
7080160	86
7080162	86
7080163	86
7080164	87
7080192	84
7080193	86
7080194	86
7080195	86
7080196	85
7080208	86
7080216	86
7080218	86
7080219	86
7080220	85
7080224	85
7080226	87
7080227	87
7080228	86
7081984	84
7081985	86
7081986	86
7081987	86
7081988	85
7081992	86
7082000	86
7082002	88
7082003	86
7082004	87
7082008	86
7082010	86
7082011	86
7082012	85
7082016	85
7082018	87
7082019	87
7082020	86
7082048	86
7082049	88
7082050	88
7082051	88
7082052	87
7082112	86
7082113	88
7082114	88
7082115	88
7082116	87
7082128	88
7082136	88
7082138	88
7082139	88
7082140	87
7082144	87
7082146	89
7082147	87
7082148	88
7082176	86
7082177	88
7082178	88
7082179	86
7082180	87
7082192	88
7082200	86
7082202	88
7082203	88
7082204	87
7082208	87
7082210	87
7082211	87
7082212	88
7082240	85
7082241	87
7082242	87
7082243	87
7082244	86
7082256	87
7082264	87
7082266	87
7082267	87
7082268	86
7082272	86
7082274	88
7082275	88
7082276	87
7086080	84
7086081	86
7086082	86
7086083	86
7086084	85
7086088	86
7086096	86
7086098	88
7086099	86
7086100	87
7086104	86
7086106	86
7086107	86
7086108	85
7086112	85
7086114	87
7086115	87
7086116	86
7086144	86
7086145	88
7086146	88
7086147	88
7086148	87
7086208	86
7086209	88
7086210	88
7086211	88
7086212	87
7086224	88
7086232	88
7086234	88
7086235	88
7086236	87
7086240	87
7086242	89
7086243	87
7086244	88
7086272	86
7086273	88
7086274	88
7086275	86
7086276	87
7086288	88
7086296	86
7086298	88
7086299	88
7086300	87
7086304	87
7086306	87
7086307	87
7086308	88
7086336	85
7086337	87
7086338	87
7086339	87
7086340	86
7086352	87
7086360	87
7086362	87
7086363	87
7086364	86
7086368	86
7086370	88
7086371	88
7086372	87
7087104	86
7087105	88
7087106	88
7087107	88
7087108	87
7087112	88
7087120	88
7087122	90
7087123	88
7087124	89
7087128	88
7087130	88
7087131	88
7087132	87
7087136	87
7087138	89
7087139	87
7087140	88
7087616	86
7087617	88
7087618	88
7087619	86
7087620	87
7087624	88
7087632	88
7087634	90
7087635	88
7087636	89
7087640	86
7087642	86
7087643	88
7087644	85
7087648	87
7087650	89
7087651	87
7087652	88
7087744	86
7087745	88
7087746	88
7087747	88
7087748	87
7087808	86
7087809	88
7087810	88
7087811	88
7087812	87
7087824	88
7087832	88
7087834	88
7087835	88
7087836	87
7087840	87
7087842	89
7087843	87
7087844	88
7087872	87
7087873	87
7087874	87
7087875	87
7087876	86
7087888	87
7087896	87
7087898	87
7087899	87
7087900	86
7087904	88
7087906	88
7087907	88
7087908	87
7088128	85
7088129	87
7088130	87
7088131	87
7088132	86
7088136	87
7088144	87
7088146	89
7088147	87
7088148	88
7088152	87
7088154	87
7088155	87
7088156	86
7088160	86
7088162	88
7088163	86
7088164	87
7088256	87
7088257	89
7088258	89
7088259	89
7088260	88
7088320	85
7088321	87
7088322	87
7088323	85
7088324	86
7088336	87
7088344	87
7088346	89
7088347	87
7088348	88
7088352	86
7088354	88
7088355	86
7088356	87
7088384	86
7088385	88
7088386	88
7088387	88
7088388	87
7088400	88
7088408	88
7088410	88
7088411	88
7088412	87
7088416	87
7088418	89
7088419	87
7088420	88
7090176	84
7090177	86
7090178	86
7090179	86
7090180	85
7090184	86
7090192	86
7090194	86
7090195	86
7090196	87
7090200	86
7090202	86
7090203	86
7090204	85
7090208	85
7090210	87
7090211	85
7090212	86
7090240	86
7090241	88
7090242	88
7090243	88
7090244	87
7090304	86
7090305	88
7090306	88
7090307	86
7090308	87
7090320	88
7090328	88
7090330	88
7090331	88
7090332	87
7090336	87
7090338	89
7090339	87
7090340	88
7090368	84
7090369	86
7090370	86
7090371	84
7090372	85
7090384	86
7090392	86
7090394	88
7090395	86
7090396	87
7090400	85
7090402	85
7090403	85
7090404	86
7090432	85
7090433	87
7090434	87
7090435	87
7090436	86
7090448	87
7090456	87
7090458	87
7090459	87
7090460	86
7090464	86
7090466	88
7090467	86
7090468	87
7091200	86
7091201	88
7091202	88
7091203	86
7091204	87
7091208	88
7091216	88
7091218	88
7091219	88
7091220	89
7091224	88
7091226	88
7091227	88
7091228	87
7091232	87
7091234	87
7091235	87
7091236	88
7091712	84
7091713	86
7091714	86
7091715	86
7091716	85
7091720	86
7091728	86
7091730	88
7091731	86
7091732	87
7091736	86
7091738	86
7091739	86
7091740	85
7091744	85
7091746	87
7091747	87
7091748	86
7091840	86
7091841	88
7091842	88
7091843	88
7091844	87
7091904	86
7091905	88
7091906	88
7091907	86
7091908	87
7091920	88
7091928	86
7091930	88
7091931	88
7091932	87
7091936	87
7091938	87
7091939	87
7091940	88
7091968	85
7091969	87
7091970	87
7091971	87
7091972	86
7091984	87
7091992	87
7091994	87
7091995	87
7091996	86
7092000	86
7092002	88
7092003	88
7092004	87
7092224	85
7092225	87
7092226	87
7092227	85
7092228	86
7092232	87
7092240	87
7092242	87
7092243	87
7092244	88
7092248	87
7092250	87
7092251	87
7092252	86
7092256	86
7092258	86
7092259	86
7092260	87
7092352	85
7092353	87
7092354	87
7092355	87
7092356	86
7092416	85
7092417	87
7092418	87
7092419	85
7092420	86
7092432	87
7092440	87
7092442	87
7092443	87
7092444	88
7092448	86
7092450	86
7092451	86
7092452	87
7092480	86
7092481	88
7092482	88
7092483	86
7092484	87
7092496	88
7092504	86
7092506	88
7092507	88
7092508	87
7092512	87
7092514	87
7092515	87
7092516	88
7094272	83
7094273	85
7094274	85
7094275	85
7094276	84
7094280	85
7094288	85
7094290	87
7094291	85
7094292	86
7094296	85
7094298	85
7094299	85
7094300	84
7094304	84
7094306	86
7094307	86
7094308	85
7094336	85
7094337	87
7094338	87
7094339	87
7094340	86
7094400	85
7094401	87
7094402	87
7094403	87
7094404	86
7094416	87
7094424	87
7094426	87
7094427	87
7094428	86
7094432	86
7094434	88
7094435	86
7094436	87
7094464	85
7094465	87
7094466	87
7094467	85
7094468	86
7094480	87
7094488	85
7094490	87
7094491	87
7094492	86
7094496	86
7094498	86
7094499	86
7094500	87
7094528	84
7094529	86
7094530	86
7094531	86
7094532	85
7094544	86
7094552	86
7094554	86
7094555	86
7094556	85
7094560	85
7094562	87
7094563	87
7094564	86
7095296	85
7095297	87
7095298	87
7095299	87
7095300	86
7095304	87
7095312	87
7095314	89
7095315	87
7095316	88
7095320	87
7095322	87
7095323	87
7095324	86
7095328	86
7095330	88
7095331	86
7095332	87
7095808	85
7095809	87
7095810	87
7095811	85
7095812	86
7095816	87
7095824	87
7095826	89
7095827	87
7095828	88
7095832	85
7095834	85
7095835	87
7095836	84
7095840	86
7095842	88
7095843	86
7095844	87
7095936	85
7095937	87
7095938	87
7095939	87
7095940	86
7096000	85
7096001	87
7096002	87
7096003	87
7096004	86
7096016	87
7096024	87
7096026	87
7096027	87
7096028	86
7096032	86
7096034	88
7096035	88
7096036	87
7096064	86
7096065	86
7096066	86
7096067	86
7096068	85
7096080	86
7096088	86
7096090	86
7096091	86
7096092	85
7096096	87
7096098	87
7096099	87
7096100	86
7096320	84
7096321	86
7096322	86
7096323	86
7096324	85
7096328	86
7096336	86
7096338	88
7096339	86
7096340	87
7096344	86
7096346	86
7096347	86
7096348	85
7096352	85
7096354	87
7096355	87
7096356	86
7096448	86
7096449	88
7096450	88
7096451	88
7096452	87
7096512	86
7096513	88
7096514	88
7096515	86
7096516	87
7096528	88
7096536	86
7096538	88
7096539	88
7096540	87
7096544	87
7096546	87
7096547	87
7096548	88
7096576	85
7096577	87
7096578	87
7096579	87
7096580	86
7096592	87
7096600	87
7096602	87
7096603	87
7096604	86
7096608	86
7096610	88
7096611	88
7096612	87
7143424	84
7143425	86
7143426	86
7143427	86
7143428	85
7143432	86
7143440	86
7143442	88
7143443	86
7143444	87
7143448	86
7143450	86
7143451	86
7143452	85
7143456	85
7143458	87
7143459	87
7143460	86
7143488	86
7143489	88
7143490	88
7143491	88
7143492	87
7143552	86
7143553	88
7143554	88
7143555	88
7143556	87
7143568	88
7143576	88
7143578	88
7143579	88
7143580	87
7143584	87
7143586	89
7143587	87
7143588	88
7143616	86
7143617	88
7143618	88
7143619	86
7143620	87
7143632	88
7143640	86
7143642	88
7143643	88
7143644	87
7143648	87
7143650	87
7143651	87
7143652	88
7143680	85
7143681	87
7143682	87
7143683	87
7143684	86
7143696	87
7143704	87
7143706	87
7143707	87
7143708	86
7143712	86
7143714	88
7143715	88
7143716	87
7143936	86
7143937	88
7143938	88
7143939	88
7143940	87
7143944	88
7143952	88
7143954	90
7143955	88
7143956	89
7143960	88
7143962	88
7143963	88
7143964	87
7143968	87
7143970	89
7143971	87
7143972	88
7144448	86
7144449	88
7144450	88
7144451	88
7144452	87
7144456	88
7144464	88
7144466	90
7144467	88
7144468	89
7144472	88
7144474	88
7144475	88
7144476	87
7144480	87
7144482	89
7144483	87
7144484	88
7144576	88
7144577	90
7144578	90
7144579	90
7144580	89
7144640	86
7144641	88
7144642	88
7144643	86
7144644	87
7144656	88
7144664	88
7144666	90
7144667	88
7144668	89
7144672	87
7144674	89
7144675	87
7144676	88
7144704	87
7144705	89
7144706	89
7144707	89
7144708	88
7144720	89
7144728	87
7144730	89
7144731	89
7144732	88
7144736	88
7144738	90
7144739	88
7144740	89
7144960	86
7144961	88
7144962	88
7144963	86
7144964	87
7144968	88
7144976	88
7144978	90
7144979	88
7144980	89
7144984	86
7144986	86
7144987	88
7144988	85
7144992	87
7144994	89
7144995	87
7144996	88
7145088	86
7145089	88
7145090	88
7145091	88
7145092	87
7145152	86
7145153	88
7145154	88
7145155	88
7145156	87
7145168	88
7145176	88
7145178	88
7145179	88
7145180	87
7145184	87
7145186	89
7145187	87
7145188	88
7145216	87
7145217	87
7145218	87
7145219	87
7145220	86
7145232	87
7145240	87
7145242	87
7145243	87
7145244	86
7145248	88
7145250	88
7145251	88
7145252	87
7145472	85
7145473	87
7145474	87
7145475	87
7145476	86
7145480	87
7145488	87
7145490	89
7145491	87
7145492	88
7145496	87
7145498	87
7145499	87
7145500	86
7145504	86
7145506	88
7145507	86
7145508	87
7145600	87
7145601	89
7145602	89
7145603	89
7145604	88
7145664	85
7145665	87
7145666	87
7145667	85
7145668	86
7145680	87
7145688	87
7145690	89
7145691	87
7145692	88
7145696	86
7145698	88
7145699	86
7145700	87
7145728	86
7145729	88
7145730	88
7145731	88
7145732	87
7145744	88
7145752	88
7145754	88
7145755	88
7145756	87
7145760	87
7145762	89
7145763	87
7145764	88
7176192	84
7176193	86
7176194	86
7176195	86
7176196	85
7176200	86
7176208	86
7176210	88
7176211	86
7176212	87
7176216	86
7176218	86
7176219	86
7176220	85
7176224	85
7176226	87
7176227	85
7176228	86
7176256	86
7176257	88
7176258	88
7176259	88
7176260	87
7176320	86
7176321	88
7176322	88
7176323	86
7176324	87
7176336	88
7176344	86
7176346	88
7176347	88
7176348	87
7176352	87
7176354	89
7176355	87
7176356	88
7176384	84
7176385	86
7176386	86
7176387	84
7176388	85
7176400	86
7176408	86
7176410	88
7176411	86
7176412	87
7176416	85
7176418	87
7176419	85
7176420	86
7176448	85
7176449	87
7176450	87
7176451	87
7176452	86
7176464	87
7176472	85
7176474	87
7176475	87
7176476	86
7176480	86
7176482	88
7176483	86
7176484	87
7176704	86
7176705	88
7176706	88
7176707	88
7176708	87
7176712	88
7176720	88
7176722	90
7176723	88
7176724	89
7176728	88
7176730	88
7176731	88
7176732	87
7176736	87
7176738	89
7176739	87
7176740	88
7177216	86
7177217	88
7177218	88
7177219	86
7177220	87
7177224	88
7177232	88
7177234	90
7177235	88
7177236	89
7177240	86
7177242	86
7177243	88
7177244	85
7177248	87
7177250	89
7177251	87
7177252	88
7177344	88
7177345	90
7177346	90
7177347	90
7177348	89
7177408	86
7177409	88
7177410	88
7177411	86
7177412	87
7177424	88
7177432	88
7177434	90
7177435	88
7177436	89
7177440	87
7177442	89
7177443	87
7177444	88
7177472	87
7177473	89
7177474	89
7177475	89
7177476	88
7177488	89
7177496	87
7177498	89
7177499	89
7177500	88
7177504	88
7177506	90
7177507	88
7177508	89
7177728	84
7177729	86
7177730	86
7177731	84
7177732	85
7177736	86
7177744	86
7177746	88
7177747	86
7177748	87
7177752	84
7177754	84
7177755	86
7177756	83
7177760	85
7177762	87
7177763	85
7177764	86
7177856	86
7177857	86
7177858	86
7177859	86
7177860	85
7177920	86
7177921	88
7177922	88
7177923	88
7177924	87
7177936	88
7177944	86
7177946	88
7177947	88
7177948	87
7177952	87
7177954	89
7177955	87
7177956	88
7177984	85
7177985	85
7177986	85
7177987	85
7177988	84
7178000	85
7178008	85
7178010	85
7178011	85
7178012	84
7178016	86
7178018	86
7178019	86
7178020	85
7178240	85
7178241	87
7178242	87
7178243	87
7178244	86
7178248	87
7178256	87
7178258	89
7178259	87
7178260	88
7178264	87
7178266	87
7178267	87
7178268	86
7178272	86
7178274	88
7178275	86
7178276	87
7178368	87
7178369	89
7178370	89
7178371	89
7178372	88
7178432	85
7178433	87
7178434	87
7178435	85
7178436	86
7178448	87
7178456	87
7178458	89
7178459	87
7178460	88
7178464	86
7178466	88
7178467	86
7178468	87
7178496	86
7178497	88
7178498	88
7178499	88
7178500	87
7178512	88
7178520	86
7178522	88
7178523	88
7178524	87
7178528	87
7178530	89
7178531	87
7178532	88
7184384	84
7184385	86
7184386	86
7184387	86
7184388	85
7184392	86
7184400	86
7184402	88
7184403	86
7184404	87
7184408	86
7184410	86
7184411	86
7184412	85
7184416	85
7184418	87
7184419	87
7184420	86
7184448	86
7184449	88
7184450	88
7184451	88
7184452	87
7184512	86
7184513	88
7184514	88
7184515	88
7184516	87
7184528	88
7184536	88
7184538	88
7184539	88
7184540	87
7184544	87
7184546	89
7184547	87
7184548	88
7184576	86
7184577	88
7184578	88
7184579	86
7184580	87
7184592	88
7184600	86
7184602	88
7184603	88
7184604	87
7184608	87
7184610	87
7184611	87
7184612	88
7184640	85
7184641	87
7184642	87
7184643	87
7184644	86
7184656	87
7184664	87
7184666	87
7184667	87
7184668	86
7184672	86
7184674	88
7184675	88
7184676	87
7188480	84
7188481	86
7188482	86
7188483	86
7188484	85
7188488	86
7188496	86
7188498	88
7188499	86
7188500	87
7188504	86
7188506	86
7188507	86
7188508	85
7188512	85
7188514	87
7188515	87
7188516	86
7188544	86
7188545	88
7188546	88
7188547	88
7188548	87
7188608	86
7188609	88
7188610	88
7188611	88
7188612	87
7188624	88
7188632	88
7188634	88
7188635	88
7188636	87
7188640	87
7188642	89
7188643	87
7188644	88
7188672	86
7188673	88
7188674	88
7188675	86
7188676	87
7188688	88
7188696	86
7188698	88
7188699	88
7188700	87
7188704	87
7188706	87
7188707	87
7188708	88
7188736	85
7188737	87
7188738	87
7188739	87
7188740	86
7188752	87
7188760	87
7188762	87
7188763	87
7188764	86
7188768	86
7188770	88
7188771	88
7188772	87
7189504	86
7189505	88
7189506	88
7189507	88
7189508	87
7189512	88
7189520	88
7189522	90
7189523	88
7189524	89
7189528	88
7189530	88
7189531	88
7189532	87
7189536	87
7189538	89
7189539	87
7189540	88
7190016	86
7190017	88
7190018	88
7190019	86
7190020	87
7190024	88
7190032	88
7190034	90
7190035	88
7190036	89
7190040	86
7190042	86
7190043	88
7190044	85
7190048	87
7190050	89
7190051	87
7190052	88
7190144	86
7190145	88
7190146	88
7190147	88
7190148	87
7190208	86
7190209	88
7190210	88
7190211	88
7190212	87
7190224	88
7190232	88
7190234	88
7190235	88
7190236	87
7190240	87
7190242	89
7190243	87
7190244	88
7190272	87
7190273	87
7190274	87
7190275	87
7190276	86
7190288	87
7190296	87
7190298	87
7190299	87
7190300	86
7190304	88
7190306	88
7190307	88
7190308	87
7190528	85
7190529	87
7190530	87
7190531	87
7190532	86
7190536	87
7190544	87
7190546	89
7190547	87
7190548	88
7190552	87
7190554	87
7190555	87
7190556	86
7190560	86
7190562	88
7190563	86
7190564	87
7190656	87
7190657	89
7190658	89
7190659	89
7190660	88
7190720	85
7190721	87
7190722	87
7190723	85
7190724	86
7190736	87
7190744	87
7190746	89
7190747	87
7190748	88
7190752	86
7190754	88
7190755	86
7190756	87
7190784	86
7190785	88
7190786	88
7190787	88
7190788	87
7190800	88
7190808	88
7190810	88
7190811	88
7190812	87
7190816	87
7190818	89
7190819	87
7190820	88
7192576	85
7192577	87
7192578	87
7192579	85
7192580	86
7192584	87
7192592	87
7192594	89
7192595	87
7192596	88
7192600	85
7192602	85
7192603	87
7192604	84
7192608	86
7192610	88
7192611	86
7192612	87
7192640	87
7192641	87
7192642	87
7192643	87
7192644	86
7192704	87
7192705	87
7192706	87
7192707	87
7192708	86
7192720	87
7192728	87
7192730	87
7192731	87
7192732	86
7192736	86
7192738	88
7192739	86
7192740	87
7192768	85
7192769	87
7192770	87
7192771	85
7192772	86
7192784	87
7192792	87
7192794	87
7192795	87
7192796	86
7192800	86
7192802	88
7192803	86
7192804	87
7192832	86
7192833	86
7192834	86
7192835	86
7192836	85
7192848	86
7192856	86
7192858	86
7192859	86
7192860	85
7192864	87
7192866	87
7192867	87
7192868	86
7193600	85
7193601	87
7193602	87
7193603	87
7193604	86
7193608	87
7193616	87
7193618	89
7193619	87
7193620	88
7193624	87
7193626	87
7193627	87
7193628	86
7193632	86
7193634	88
7193635	86
7193636	87
7194112	85
7194113	87
7194114	87
7194115	85
7194116	86
7194120	87
7194128	87
7194130	89
7194131	87
7194132	88
7194136	85
7194138	85
7194139	87
7194140	84
7194144	86
7194146	88
7194147	86
7194148	87
7194240	87
7194241	87
7194242	87
7194243	87
7194244	86
7194304	87
7194305	87
7194306	87
7194307	87
7194308	86
7194320	87
7194328	87
7194330	87
7194331	87
7194332	86
7194336	88
7194338	88
7194339	88
7194340	87
7194368	86
7194369	86
7194370	86
7194371	86
7194372	85
7194384	86
7194392	86
7194394	86
7194395	86
7194396	85
7194400	87
7194402	87
7194403	87
7194404	86
7194624	86
7194625	88
7194626	88
7194627	86
7194628	87
7194632	88
7194640	88
7194642	90
7194643	88
7194644	89
7194648	86
7194650	86
7194651	88
7194652	85
7194656	87
7194658	89
7194659	87
7194660	88
7194752	86
7194753	88
7194754	88
7194755	88
7194756	87
7194816	86
7194817	88
7194818	88
7194819	86
7194820	87
7194832	88
7194840	88
7194842	88
7194843	88
7194844	87
7194848	87
7194850	89
7194851	87
7194852	88
7194880	87
7194881	87
7194882	87
7194883	87
7194884	86
7194896	87
7194904	87
7194906	87
7194907	87
7194908	86
7194912	88
7194914	88
7194915	88
7194916	87
7208960	83
7208961	85
7208962	85
7208963	85
7208964	84
7208968	85
7208976	85
7208978	87
7208979	85
7208980	86
7208984	85
7208986	85
7208987	85
7208988	84
7208992	84
7208994	86
7208995	86
7208996	85
7209024	85
7209025	87
7209026	87
7209027	87
7209028	86
7209088	85
7209089	87
7209090	87
7209091	87
7209092	86
7209104	87
7209112	87
7209114	87
7209115	87
7209116	86
7209120	86
7209122	88
7209123	86
7209124	87
7209152	85
7209153	87
7209154	87
7209155	85
7209156	86
7209168	87
7209176	85
7209178	87
7209179	87
7209180	86
7209184	86
7209186	86
7209187	86
7209188	87
7209216	84
7209217	86
7209218	86
7209219	86
7209220	85
7209232	86
7209240	86
7209242	86
7209243	86
7209244	85
7209248	85
7209250	87
7209251	87
7209252	86
7209472	85
7209473	87
7209474	87
7209475	87
7209476	86
7209480	87
7209488	87
7209490	89
7209491	87
7209492	88
7209496	87
7209498	87
7209499	87
7209500	86
7209504	86
7209506	88
7209507	86
7209508	87
7209984	85
7209985	87
7209986	87
7209987	87
7209988	86
7209992	87
7210000	87
7210002	89
7210003	87
7210004	88
7210008	87
7210010	87
7210011	87
7210012	86
7210016	86
7210018	88
7210019	86
7210020	87
7210112	87
7210113	89
7210114	89
7210115	89
7210116	88
7210176	85
7210177	87
7210178	87
7210179	85
7210180	86
7210192	87
7210200	87
7210202	89
7210203	87
7210204	88
7210208	86
7210210	88
7210211	86
7210212	87
7210240	86
7210241	88
7210242	88
7210243	88
7210244	87
7210256	88
7210264	86
7210266	88
7210267	88
7210268	87
7210272	87
7210274	89
7210275	87
7210276	88
7210496	85
7210497	87
7210498	87
7210499	85
7210500	86
7210504	87
7210512	87
7210514	89
7210515	87
7210516	88
7210520	85
7210522	85
7210523	87
7210524	84
7210528	86
7210530	88
7210531	86
7210532	87
7210624	85
7210625	87
7210626	87
7210627	87
7210628	86
7210688	85
7210689	87
7210690	87
7210691	87
7210692	86
7210704	87
7210712	87
7210714	87
7210715	87
7210716	86
7210720	86
7210722	88
7210723	86
7210724	87
7210752	86
7210753	86
7210754	86
7210755	86
7210756	85
7210768	86
7210776	86
7210778	86
7210779	86
7210780	85
7210784	87
7210786	87
7210787	87
7210788	86
7211008	84
7211009	86
7211010	86
7211011	86
7211012	85
7211016	86
7211024	86
7211026	88
7211027	86
7211028	87
7211032	86
7211034	86
7211035	86
7211036	85
7211040	85
7211042	87
7211043	85
7211044	86
7211136	86
7211137	88
7211138	88
7211139	88
7211140	87
7211200	84
7211201	86
7211202	86
7211203	84
7211204	85
7211216	86
7211224	86
7211226	88
7211227	86
7211228	87
7211232	85
7211234	87
7211235	85
7211236	86
7211264	85
7211265	87
7211266	87
7211267	87
7211268	86
7211280	87
7211288	87
7211290	87
7211291	87
7211292	86
7211296	86
7211298	88
7211299	86
7211300	87
7217152	85
7217153	87
7217154	87
7217155	87
7217156	86
7217160	87
7217168	87
7217170	89
7217171	87
7217172	88
7217176	87
7217178	87
7217179	87
7217180	86
7217184	86
7217186	88
7217187	88
7217188	87
7217216	87
7217217	89
7217218	89
7217219	89
7217220	88
7217280	87
7217281	89
7217282	89
7217283	89
7217284	88
7217296	89
7217304	89
7217306	89
7217307	89
7217308	88
7217312	88
7217314	90
7217315	88
7217316	89
7217344	87
7217345	89
7217346	89
7217347	87
7217348	88
7217360	89
7217368	87
7217370	89
7217371	89
7217372	88
7217376	88
7217378	88
7217379	88
7217380	89
7217408	86
7217409	88
7217410	88
7217411	88
7217412	87
7217424	88
7217432	88
7217434	88
7217435	88
7217436	87
7217440	87
7217442	89
7217443	89
7217444	88
7221248	83
7221249	85
7221250	85
7221251	85
7221252	84
7221256	85
7221264	85
7221266	87
7221267	85
7221268	86
7221272	85
7221274	87
7221275	85
7221276	86
7221280	84
7221282	86
7221283	84
7221284	85
7221312	85
7221313	87
7221314	87
7221315	87
7221316	86
7221376	85
7221377	87
7221378	87
7221379	85
7221380	86
7221392	87
7221400	87
7221402	87
7221403	87
7221404	86
7221408	86
7221410	88
7221411	86
7221412	87
7221440	83
7221441	85
7221442	85
7221443	83
7221444	84
7221456	85
7221464	85
7221466	87
7221467	85
7221468	86
7221472	84
7221474	86
7221475	84
7221476	85
7221504	84
7221505	86
7221506	86
7221507	86
7221508	85
7221520	86
7221528	86
7221530	88
7221531	86
7221532	87
7221536	85
7221538	87
7221539	85
7221540	86
7222272	85
7222273	87
7222274	87
7222275	87
7222276	86
7222280	87
7222288	87
7222290	89
7222291	87
7222292	88
7222296	87
7222298	87
7222299	87
7222300	86
7222304	86
7222306	88
7222307	86
7222308	87
7222784	85
7222785	87
7222786	87
7222787	87
7222788	86
7222792	87
7222800	87
7222802	89
7222803	87
7222804	88
7222808	87
7222810	87
7222811	87
7222812	86
7222816	86
7222818	88
7222819	86
7222820	87
7222912	87
7222913	89
7222914	89
7222915	89
7222916	88
7222976	85
7222977	87
7222978	87
7222979	87
7222980	86
7222992	87
7223000	87
7223002	89
7223003	87
7223004	88
7223008	86
7223010	88
7223011	86
7223012	87
7223040	86
7223041	88
7223042	88
7223043	88
7223044	87
7223056	88
7223064	88
7223066	88
7223067	88
7223068	87
7223072	87
7223074	89
7223075	87
7223076	88
7223296	84
7223297	86
7223298	86
7223299	86
7223300	85
7223304	86
7223312	86
7223314	88
7223315	86
7223316	87
7223320	86
7223322	88
7223323	86
7223324	87
7223328	85
7223330	87
7223331	85
7223332	86
7223424	86
7223425	88
7223426	88
7223427	88
7223428	87
7223488	84
7223489	86
7223490	86
7223491	84
7223492	85
7223504	86
7223512	86
7223514	88
7223515	86
7223516	87
7223520	85
7223522	87
7223523	85
7223524	86
7223552	85
7223553	87
7223554	87
7223555	87
7223556	86
7223568	87
7223576	87
7223578	89
7223579	87
7223580	88
7223584	86
7223586	88
7223587	86
7223588	87
7225344	84
7225345	86
7225346	86
7225347	86
7225348	85
7225352	86
7225360	86
7225362	88
7225363	86
7225364	87
7225368	86
7225370	86
7225371	86
7225372	85
7225376	85
7225378	87
7225379	87
7225380	86
7225408	86
7225409	88
7225410	88
7225411	88
7225412	87
7225472	86
7225473	88
7225474	88
7225475	88
7225476	87
7225488	88
7225496	88
7225498	88
7225499	88
7225500	87
7225504	87
7225506	89
7225507	87
7225508	88
7225536	86
7225537	88
7225538	88
7225539	86
7225540	87
7225552	88
7225560	86
7225562	88
7225563	88
7225564	87
7225568	87
7225570	87
7225571	87
7225572	88
7225600	85
7225601	87
7225602	87
7225603	87
7225604	86
7225616	87
7225624	87
7225626	87
7225627	87
7225628	86
7225632	86
7225634	88
7225635	88
7225636	87
7226368	86
7226369	88
7226370	88
7226371	88
7226372	87
7226376	88
7226384	88
7226386	90
7226387	88
7226388	89
7226392	88
7226394	88
7226395	88
7226396	87
7226400	87
7226402	89
7226403	87
7226404	88
7226880	86
7226881	88
7226882	88
7226883	86
7226884	87
7226888	88
7226896	88
7226898	90
7226899	88
7226900	89
7226904	86
7226906	86
7226907	88
7226908	85
7226912	87
7226914	89
7226915	87
7226916	88
7227008	86
7227009	88
7227010	88
7227011	88
7227012	87
7227072	86
7227073	88
7227074	88
7227075	88
7227076	87
7227088	88
7227096	88
7227098	88
7227099	88
7227100	87
7227104	87
7227106	89
7227107	87
7227108	88
7227136	87
7227137	87
7227138	87
7227139	87
7227140	86
7227152	87
7227160	87
7227162	87
7227163	87
7227164	86
7227168	88
7227170	88
7227171	88
7227172	87
7227392	85
7227393	87
7227394	87
7227395	87
7227396	86
7227400	87
7227408	87
7227410	89
7227411	87
7227412	88
7227416	87
7227418	87
7227419	87
7227420	86
7227424	86
7227426	88
7227427	86
7227428	87
7227520	87
7227521	89
7227522	89
7227523	89
7227524	88
7227584	85
7227585	87
7227586	87
7227587	85
7227588	86
7227600	87
7227608	87
7227610	89
7227611	87
7227612	88
7227616	86
7227618	88
7227619	86
7227620	87
7227648	86
7227649	88
7227650	88
7227651	88
7227652	87
7227664	88
7227672	88
7227674	88
7227675	88
7227676	87
7227680	87
7227682	89
7227683	87
7227684	88
7340032	83
7340033	85
7340034	85
7340035	85
7340036	84
7340040	85
7340048	85
7340050	87
7340051	85
7340052	86
7340056	85
7340058	85
7340059	85
7340060	84
7340064	84
7340066	86
7340067	84
7340068	85
7340096	85
7340097	87
7340098	87
7340099	87
7340100	86
7340160	85
7340161	87
7340162	87
7340163	85
7340164	86
7340176	87
7340184	85
7340186	87
7340187	87
7340188	86
7340192	86
7340194	88
7340195	86
7340196	87
7340224	83
7340225	85
7340226	85
7340227	83
7340228	84
7340240	85
7340248	85
7340250	87
7340251	85
7340252	86
7340256	84
7340258	86
7340259	84
7340260	85
7340288	84
7340289	86
7340290	86
7340291	86
7340292	85
7340304	86
7340312	84
7340314	86
7340315	86
7340316	85
7340320	85
7340322	87
7340323	85
7340324	86
7340544	85
7340545	87
7340546	87
7340547	87
7340548	86
7340552	87
7340560	87
7340562	89
7340563	87
7340564	88
7340568	87
7340570	87
7340571	87
7340572	86
7340576	86
7340578	88
7340579	86
7340580	87
7341056	85
7341057	87
7341058	87
7341059	85
7341060	86
7341064	87
7341072	87
7341074	89
7341075	87
7341076	88
7341080	85
7341082	85
7341083	87
7341084	84
7341088	86
7341090	88
7341091	86
7341092	87
7341184	87
7341185	89
7341186	89
7341187	89
7341188	88
7341248	85
7341249	87
7341250	87
7341251	85
7341252	86
7341264	87
7341272	87
7341274	89
7341275	87
7341276	88
7341280	86
7341282	88
7341283	86
7341284	87
7341312	86
7341313	88
7341314	88
7341315	88
7341316	87
7341328	88
7341336	86
7341338	88
7341339	88
7341340	87
7341344	87
7341346	89
7341347	87
7341348	88
7341568	83
7341569	85
7341570	85
7341571	83
7341572	84
7341576	85
7341584	85
7341586	87
7341587	85
7341588	86
7341592	83
7341594	83
7341595	85
7341596	82
7341600	84
7341602	86
7341603	84
7341604	85
7341696	85
7341697	85
7341698	85
7341699	85
7341700	84
7341760	85
7341761	87
7341762	87
7341763	87
7341764	86
7341776	87
7341784	85
7341786	87
7341787	87
7341788	86
7341792	86
7341794	88
7341795	86
7341796	87
7341824	84
7341825	84
7341826	84
7341827	84
7341828	83
7341840	84
7341848	84
7341850	84
7341851	84
7341852	83
7341856	85
7341858	85
7341859	85
7341860	84
7342080	84
7342081	86
7342082	86
7342083	86
7342084	85
7342088	86
7342096	86
7342098	88
7342099	86
7342100	87
7342104	86
7342106	86
7342107	86
7342108	85
7342112	85
7342114	87
7342115	85
7342116	86
7342208	86
7342209	88
7342210	88
7342211	88
7342212	87
7342272	84
7342273	86
7342274	86
7342275	84
7342276	85
7342288	86
7342296	86
7342298	88
7342299	86
7342300	87
7342304	85
7342306	87
7342307	85
7342308	86
7342336	85
7342337	87
7342338	87
7342339	87
7342340	86
7342352	87
7342360	85
7342362	87
7342363	87
7342364	86
7342368	86
7342370	88
7342371	86
7342372	87
7344128	85
7344129	87
7344130	87
7344131	85
7344132	86
7344136	87
7344144	87
7344146	89
7344147	87
7344148	88
7344152	85
7344154	85
7344155	87
7344156	84
7344160	86
7344162	88
7344163	86
7344164	87
7344192	87
7344193	87
7344194	87
7344195	87
7344196	86
7344256	87
7344257	87
7344258	87
7344259	87
7344260	86
7344272	87
7344280	87
7344282	87
7344283	87
7344284	86
7344288	86
7344290	88
7344291	86
7344292	87
7344320	85
7344321	87
7344322	87
7344323	85
7344324	86
7344336	87
7344344	87
7344346	87
7344347	87
7344348	86
7344352	86
7344354	88
7344355	86
7344356	87
7344384	86
7344385	86
7344386	86
7344387	86
7344388	85
7344400	86
7344408	86
7344410	86
7344411	86
7344412	85
7344416	87
7344418	87
7344419	87
7344420	86
7348224	85
7348225	87
7348226	87
7348227	85
7348228	86
7348232	87
7348240	87
7348242	89
7348243	87
7348244	88
7348248	85
7348250	85
7348251	87
7348252	84
7348256	86
7348258	88
7348259	86
7348260	87
7348288	87
7348289	87
7348290	87
7348291	87
7348292	86
7348352	87
7348353	87
7348354	87
7348355	87
7348356	86
7348368	87
7348376	87
7348378	87
7348379	87
7348380	86
7348384	86
7348386	88
7348387	86
7348388	87
7348416	85
7348417	87
7348418	87
7348419	85
7348420	86
7348432	87
7348440	87
7348442	87
7348443	87
7348444	86
7348448	86
7348450	88
7348451	86
7348452	87
7348480	86
7348481	86
7348482	86
7348483	86
7348484	85
7348496	86
7348504	86
7348506	86
7348507	86
7348508	85
7348512	87
7348514	87
7348515	87
7348516	86
7349248	85
7349249	87
7349250	87
7349251	87
7349252	86
7349256	87
7349264	87
7349266	89
7349267	87
7349268	88
7349272	87
7349274	87
7349275	87
7349276	86
7349280	86
7349282	88
7349283	86
7349284	87
7349760	85
7349761	87
7349762	87
7349763	85
7349764	86
7349768	87
7349776	87
7349778	89
7349779	87
7349780	88
7349784	85
7349786	85
7349787	87
7349788	84
7349792	86
7349794	88
7349795	86
7349796	87
7349888	87
7349889	87
7349890	87
7349891	87
7349892	86
7349952	87
7349953	87
7349954	87
7349955	87
7349956	86
7349968	87
7349976	87
7349978	87
7349979	87
7349980	86
7349984	86
7349986	88
7349987	86
7349988	87
7350016	86
7350017	86
7350018	86
7350019	86
7350020	85
7350032	86
7350040	86
7350042	86
7350043	86
7350044	85
7350048	87
7350050	87
7350051	87
7350052	86
7350272	86
7350273	86
7350274	86
7350275	86
7350276	85
7350280	86
7350288	86
7350290	88
7350291	86
7350292	87
7350296	86
7350298	86
7350299	86
7350300	85
7350304	85
7350306	87
7350307	85
7350308	86
7350400	88
7350401	88
7350402	88
7350403	88
7350404	87
7350464	84
7350465	86
7350466	86
7350467	84
7350468	85
7350480	86
7350488	86
7350490	88
7350491	86
7350492	87
7350496	85
7350498	87
7350499	85
7350500	86
7350528	87
7350529	87
7350530	87
7350531	87
7350532	86
7350544	87
7350552	87
7350554	87
7350555	87
7350556	86
7350560	86
7350562	88
7350563	86
7350564	87
7352320	83
7352321	85
7352322	85
7352323	85
7352324	84
7352328	85
7352336	85
7352338	87
7352339	85
7352340	86
7352344	85
7352346	85
7352347	85
7352348	84
7352352	84
7352354	86
7352355	84
7352356	85
7352384	85
7352385	87
7352386	87
7352387	87
7352388	86
7352448	85
7352449	87
7352450	87
7352451	85
7352452	86
7352464	87
7352472	87
7352474	87
7352475	87
7352476	86
7352480	86
7352482	88
7352483	86
7352484	87
7352512	83
7352513	85
7352514	85
7352515	83
7352516	84
7352528	85
7352536	85
7352538	87
7352539	85
7352540	86
7352544	84
7352546	86
7352547	84
7352548	85
7352576	84
7352577	86
7352578	86
7352579	86
7352580	85
7352592	86
7352600	86
7352602	86
7352603	86
7352604	85
7352608	85
7352610	87
7352611	85
7352612	86
7353344	85
7353345	87
7353346	87
7353347	87
7353348	86
7353352	87
7353360	87
7353362	89
7353363	87
7353364	88
7353368	87
7353370	87
7353371	87
7353372	86
7353376	86
7353378	88
7353379	86
7353380	87
7353856	85
7353857	87
7353858	87
7353859	85
7353860	86
7353864	87
7353872	87
7353874	89
7353875	87
7353876	88
7353880	85
7353882	85
7353883	87
7353884	84
7353888	86
7353890	88
7353891	86
7353892	87
7353984	87
7353985	87
7353986	87
7353987	87
7353988	86
7354048	85
7354049	87
7354050	87
7354051	87
7354052	86
7354064	87
7354072	87
7354074	87
7354075	87
7354076	86
7354080	86
7354082	88
7354083	86
7354084	87
7354112	86
7354113	86
7354114	86
7354115	86
7354116	85
7354128	86
7354136	86
7354138	86
7354139	86
7354140	85
7354144	87
7354146	87
7354147	87
7354148	86
7354368	84
7354369	86
7354370	86
7354371	86
7354372	85
7354376	86
7354384	86
7354386	88
7354387	86
7354388	87
7354392	86
7354394	86
7354395	86
7354396	85
7354400	85
7354402	87
7354403	85
7354404	86
7354496	86
7354497	88
7354498	88
7354499	88
7354500	87
7354560	84
7354561	86
7354562	86
7354563	84
7354564	85
7354576	86
7354584	86
7354586	88
7354587	86
7354588	87
7354592	85
7354594	87
7354595	85
7354596	86
7354624	85
7354625	87
7354626	87
7354627	87
7354628	86
7354640	87
7354648	87
7354650	87
7354651	87
7354652	86
7354656	86
7354658	88
7354659	86
7354660	87
7356416	84
7356417	86
7356418	86
7356419	84
7356420	85
7356424	86
7356432	86
7356434	88
7356435	86
7356436	87
7356440	84
7356442	84
7356443	86
7356444	83
7356448	85
7356450	87
7356451	85
7356452	86
7356480	86
7356481	86
7356482	86
7356483	86
7356484	85
7356544	86
7356545	86
7356546	86
7356547	86
7356548	85
7356560	86
7356568	86
7356570	86
7356571	86
7356572	85
7356576	85
7356578	87
7356579	85
7356580	86
7356608	84
7356609	86
7356610	86
7356611	84
7356612	85
7356624	86
7356632	86
7356634	86
7356635	86
7356636	85
7356640	85
7356642	87
7356643	85
7356644	86
7356672	85
7356673	85
7356674	85
7356675	85
7356676	84
7356688	85
7356696	85
7356698	85
7356699	85
7356700	84
7356704	86
7356706	86
7356707	86
7356708	85
7357440	84
7357441	86
7357442	86
7357443	86
7357444	85
7357448	86
7357456	86
7357458	88
7357459	86
7357460	87
7357464	86
7357466	86
7357467	86
7357468	85
7357472	85
7357474	87
7357475	85
7357476	86
7357952	84
7357953	86
7357954	86
7357955	84
7357956	85
7357960	86
7357968	86
7357970	88
7357971	86
7357972	87
7357976	84
7357978	84
7357979	86
7357980	83
7357984	85
7357986	87
7357987	85
7357988	86
7358080	86
7358081	86
7358082	86
7358083	86
7358084	85
7358144	86
7358145	86
7358146	86
7358147	86
7358148	85
7358160	86
7358168	86
7358170	86
7358171	86
7358172	85
7358176	87
7358178	87
7358179	87
7358180	86
7358208	85
7358209	85
7358210	85
7358211	85
7358212	84
7358224	85
7358232	85
7358234	85
7358235	85
7358236	84
7358240	86
7358242	86
7358243	86
7358244	85
7358464	85
7358465	87
7358466	87
7358467	85
7358468	86
7358472	87
7358480	87
7358482	89
7358483	87
7358484	88
7358488	85
7358490	85
7358491	87
7358492	84
7358496	86
7358498	88
7358499	86
7358500	87
7358592	87
7358593	87
7358594	87
7358595	87
7358596	86
7358656	85
7358657	87
7358658	87
7358659	85
7358660	86
7358672	87
7358680	87
7358682	87
7358683	87
7358684	86
7358688	86
7358690	88
7358691	86
7358692	87
7358720	86
7358721	86
7358722	86
7358723	86
7358724	85
7358736	86
7358744	86
7358746	86
7358747	86
7358748	85
7358752	87
7358754	87
7358755	87
7358756	86
7405568	83
7405569	85
7405570	85
7405571	85
7405572	84
7405576	85
7405584	85
7405586	87
7405587	85
7405588	86
7405592	85
7405594	85
7405595	85
7405596	84
7405600	84
7405602	86
7405603	86
7405604	85
7405632	85
7405633	87
7405634	87
7405635	87
7405636	86
7405696	85
7405697	87
7405698	87
7405699	87
7405700	86
7405712	87
7405720	87
7405722	87
7405723	87
7405724	86
7405728	86
7405730	88
7405731	86
7405732	87
7405760	85
7405761	87
7405762	87
7405763	85
7405764	86
7405776	87
7405784	85
7405786	87
7405787	87
7405788	86
7405792	86
7405794	86
7405795	86
7405796	87
7405824	84
7405825	86
7405826	86
7405827	86
7405828	85
7405840	86
7405848	86
7405850	86
7405851	86
7405852	85
7405856	85
7405858	87
7405859	87
7405860	86
7406080	85
7406081	87
7406082	87
7406083	87
7406084	86
7406088	87
7406096	87
7406098	89
7406099	87
7406100	88
7406104	87
7406106	87
7406107	87
7406108	86
7406112	86
7406114	88
7406115	86
7406116	87
7406592	85
7406593	87
7406594	87
7406595	87
7406596	86
7406600	87
7406608	87
7406610	89
7406611	87
7406612	88
7406616	87
7406618	87
7406619	87
7406620	86
7406624	86
7406626	88
7406627	86
7406628	87
7406720	87
7406721	89
7406722	89
7406723	89
7406724	88
7406784	87
7406785	87
7406786	87
7406787	87
7406788	86
7406800	87
7406808	87
7406810	89
7406811	87
7406812	88
7406816	88
7406818	88
7406819	88
7406820	87
7406848	86
7406849	88
7406850	88
7406851	88
7406852	87
7406864	88
7406872	86
7406874	88
7406875	88
7406876	87
7406880	87
7406882	89
7406883	87
7406884	88
7407104	85
7407105	87
7407106	87
7407107	85
7407108	86
7407112	87
7407120	87
7407122	89
7407123	87
7407124	88
7407128	85
7407130	85
7407131	87
7407132	84
7407136	86
7407138	88
7407139	86
7407140	87
7407232	85
7407233	87
7407234	87
7407235	87
7407236	86
7407296	85
7407297	87
7407298	87
7407299	87
7407300	86
7407312	87
7407320	87
7407322	87
7407323	87
7407324	86
7407328	86
7407330	88
7407331	86
7407332	87
7407360	86
7407361	86
7407362	86
7407363	86
7407364	85
7407376	86
7407384	86
7407386	86
7407387	86
7407388	85
7407392	87
7407394	87
7407395	87
7407396	86
7407616	84
7407617	86
7407618	86
7407619	86
7407620	85
7407624	86
7407632	86
7407634	88
7407635	86
7407636	87
7407640	86
7407642	86
7407643	86
7407644	85
7407648	85
7407650	87
7407651	85
7407652	86
7407744	86
7407745	88
7407746	88
7407747	88
7407748	87
7407808	86
7407809	86
7407810	86
7407811	86
7407812	85
7407824	86
7407832	86
7407834	88
7407835	86
7407836	87
7407840	87
7407842	87
7407843	87
7407844	86
7407872	85
7407873	87
7407874	87
7407875	87
7407876	86
7407888	87
7407896	87
7407898	87
7407899	87
7407900	86
7407904	86
7407906	88
7407907	86
7407908	87
7438336	83
7438337	85
7438338	85
7438339	85
7438340	84
7438344	85
7438352	85
7438354	87
7438355	85
7438356	86
7438360	85
7438362	85
7438363	85
7438364	84
7438368	84
7438370	86
7438371	84
7438372	85
7438400	85
7438401	87
7438402	87
7438403	87
7438404	86
7438464	85
7438465	87
7438466	87
7438467	85
7438468	86
7438480	87
7438488	85
7438490	87
7438491	87
7438492	86
7438496	86
7438498	88
7438499	86
7438500	87
7438528	85
7438529	85
7438530	85
7438531	85
7438532	84
7438544	85
7438552	85
7438554	87
7438555	85
7438556	86
7438560	86
7438562	86
7438563	86
7438564	85
7438592	84
7438593	86
7438594	86
7438595	86
7438596	85
7438608	86
7438616	84
7438618	86
7438619	86
7438620	85
7438624	85
7438626	87
7438627	85
7438628	86
7438848	85
7438849	87
7438850	87
7438851	87
7438852	86
7438856	87
7438864	87
7438866	89
7438867	87
7438868	88
7438872	87
7438874	87
7438875	87
7438876	86
7438880	86
7438882	88
7438883	86
7438884	87
7439360	85
7439361	87
7439362	87
7439363	85
7439364	86
7439368	87
7439376	87
7439378	89
7439379	87
7439380	88
7439384	85
7439386	85
7439387	87
7439388	84
7439392	86
7439394	88
7439395	86
7439396	87
7439488	87
7439489	89
7439490	89
7439491	89
7439492	88
7439552	85
7439553	87
7439554	87
7439555	85
7439556	86
7439568	87
7439576	87
7439578	89
7439579	87
7439580	88
7439584	86
7439586	88
7439587	86
7439588	87
7439616	86
7439617	88
7439618	88
7439619	88
7439620	87
7439632	88
7439640	86
7439642	88
7439643	88
7439644	87
7439648	87
7439650	89
7439651	87
7439652	88
7439872	83
7439873	85
7439874	85
7439875	83
7439876	84
7439880	85
7439888	85
7439890	87
7439891	85
7439892	86
7439896	83
7439898	83
7439899	85
7439900	82
7439904	84
7439906	86
7439907	84
7439908	85
7440000	85
7440001	85
7440002	85
7440003	85
7440004	84
7440064	85
7440065	87
7440066	87
7440067	87
7440068	86
7440080	87
7440088	85
7440090	87
7440091	87
7440092	86
7440096	86
7440098	88
7440099	86
7440100	87
7440128	84
7440129	84
7440130	84
7440131	84
7440132	83
7440144	84
7440152	84
7440154	84
7440155	84
7440156	83
7440160	85
7440162	85
7440163	85
7440164	84
7440384	84
7440385	86
7440386	86
7440387	86
7440388	85
7440392	86
7440400	86
7440402	88
7440403	86
7440404	87
7440408	86
7440410	86
7440411	86
7440412	85
7440416	85
7440418	87
7440419	85
7440420	86
7440512	86
7440513	88
7440514	88
7440515	88
7440516	87
7440576	86
7440577	86
7440578	86
7440579	86
7440580	85
7440592	86
7440600	86
7440602	88
7440603	86
7440604	87
7440608	87
7440610	87
7440611	87
7440612	86
7440640	85
7440641	87
7440642	87
7440643	87
7440644	86
7440656	87
7440664	85
7440666	87
7440667	87
7440668	86
7440672	86
7440674	88
7440675	86
7440676	87
7446528	85
7446529	87
7446530	87
7446531	85
7446532	86
7446536	87
7446544	87
7446546	89
7446547	87
7446548	88
7446552	85
7446554	85
7446555	87
7446556	84
7446560	86
7446562	88
7446563	86
7446564	87
7446592	87
7446593	87
7446594	87
7446595	87
7446596	86
7446656	87
7446657	87
7446658	87
7446659	87
7446660	86
7446672	87
7446680	87
7446682	87
7446683	87
7446684	86
7446688	88
7446690	88
7446691	88
7446692	87
7446720	85
7446721	87
7446722	87
7446723	85
7446724	86
7446736	87
7446744	87
7446746	87
7446747	87
7446748	86
7446752	86
7446754	88
7446755	86
7446756	87
7446784	86
7446785	86
7446786	86
7446787	86
7446788	85
7446800	86
7446808	86
7446810	86
7446811	86
7446812	85
7446816	87
7446818	87
7446819	87
7446820	86
7450624	85
7450625	87
7450626	87
7450627	85
7450628	86
7450632	87
7450640	87
7450642	89
7450643	87
7450644	88
7450648	85
7450650	85
7450651	87
7450652	84
7450656	86
7450658	88
7450659	86
7450660	87
7450688	87
7450689	87
7450690	87
7450691	87
7450692	86
7450752	87
7450753	87
7450754	87
7450755	87
7450756	86
7450768	87
7450776	87
7450778	87
7450779	87
7450780	86
7450784	86
7450786	88
7450787	86
7450788	87
7450816	85
7450817	87
7450818	87
7450819	85
7450820	86
7450832	87
7450840	87
7450842	87
7450843	87
7450844	86
7450848	86
7450850	88
7450851	86
7450852	87
7450880	86
7450881	86
7450882	86
7450883	86
7450884	85
7450896	86
7450904	86
7450906	86
7450907	86
7450908	85
7450912	87
7450914	87
7450915	87
7450916	86
7451648	85
7451649	87
7451650	87
7451651	87
7451652	86
7451656	87
7451664	87
7451666	89
7451667	87
7451668	88
7451672	87
7451674	87
7451675	87
7451676	86
7451680	86
7451682	88
7451683	86
7451684	87
7452160	85
7452161	87
7452162	87
7452163	85
7452164	86
7452168	87
7452176	87
7452178	89
7452179	87
7452180	88
7452184	85
7452186	85
7452187	87
7452188	84
7452192	86
7452194	88
7452195	86
7452196	87
7452288	87
7452289	87
7452290	87
7452291	87
7452292	86
7452352	87
7452353	87
7452354	87
7452355	87
7452356	86
7452368	87
7452376	87
7452378	87
7452379	87
7452380	86
7452384	88
7452386	88
7452387	88
7452388	87
7452416	86
7452417	86
7452418	86
7452419	86
7452420	85
7452432	86
7452440	86
7452442	86
7452443	86
7452444	85
7452448	87
7452450	87
7452451	87
7452452	86
7452672	86
7452673	88
7452674	88
7452675	86
7452676	87
7452680	88
7452688	88
7452690	90
7452691	88
7452692	89
7452696	86
7452698	86
7452699	88
7452700	85
7452704	87
7452706	89
7452707	87
7452708	88
7452800	86
7452801	88
7452802	88
7452803	88
7452804	87
7452864	86
7452865	88
7452866	88
7452867	86
7452868	87
7452880	88
7452888	88
7452890	88
7452891	88
7452892	87
7452896	87
7452898	89
7452899	87
7452900	88
7452928	87
7452929	87
7452930	87
7452931	87
7452932	86
7452944	87
7452952	87
7452954	87
7452955	87
7452956	86
7452960	88
7452962	88
7452963	88
7452964	87
7454720	84
7454721	86
7454722	86
7454723	84
7454724	85
7454728	86
7454736	86
7454738	88
7454739	86
7454740	87
7454744	84
7454746	84
7454747	86
7454748	83
7454752	85
7454754	87
7454755	85
7454756	86
7454784	86
7454785	86
7454786	86
7454787	86
7454788	85
7454848	86
7454849	86
7454850	86
7454851	86
7454852	85
7454864	86
7454872	86
7454874	86
7454875	86
7454876	85
7454880	87
7454882	87
7454883	87
7454884	86
7454912	86
7454913	86
7454914	86
7454915	86
7454916	85
7454928	86
7454936	86
7454938	86
7454939	86
7454940	85
7454944	87
7454946	87
7454947	87
7454948	86
7454976	85
7454977	85
7454978	85
7454979	85
7454980	84
7454992	85
7455000	85
7455002	85
7455003	85
7455004	84
7455008	86
7455010	86
7455011	86
7455012	85
7455744	84
7455745	86
7455746	86
7455747	86
7455748	85
7455752	86
7455760	86
7455762	88
7455763	86
7455764	87
7455768	86
7455770	86
7455771	86
7455772	85
7455776	85
7455778	87
7455779	85
7455780	86
7456256	84
7456257	86
7456258	86
7456259	84
7456260	85
7456264	86
7456272	86
7456274	88
7456275	86
7456276	87
7456280	84
7456282	84
7456283	86
7456284	83
7456288	85
7456290	87
7456291	85
7456292	86
7456384	86
7456385	86
7456386	86
7456387	86
7456388	85
7456448	86
7456449	86
7456450	86
7456451	86
7456452	85
7456464	86
7456472	86
7456474	86
7456475	86
7456476	85
7456480	87
7456482	87
7456483	87
7456484	86
7456512	85
7456513	85
7456514	85
7456515	85
7456516	84
7456528	85
7456536	85
7456538	85
7456539	85
7456540	84
7456544	86
7456546	86
7456547	86
7456548	85
7456768	85
7456769	87
7456770	87
7456771	85
7456772	86
7456776	87
7456784	87
7456786	89
7456787	87
7456788	88
7456792	85
7456794	85
7456795	87
7456796	84
7456800	86
7456802	88
7456803	86
7456804	87
7456896	87
7456897	87
7456898	87
7456899	87
7456900	86
7456960	87
7456961	87
7456962	87
7456963	87
7456964	86
7456976	87
7456984	87
7456986	87
7456987	87
7456988	86
7456992	88
7456994	88
7456995	88
7456996	87
7457024	86
7457025	86
7457026	86
7457027	86
7457028	85
7457040	86
7457048	86
7457050	86
7457051	86
7457052	85
7457056	87
7457058	87
7457059	87
7457060	86
7471104	84
7471105	86
7471106	86
7471107	86
7471108	85
7471112	86
7471120	86
7471122	88
7471123	86
7471124	87
7471128	86
7471130	86
7471131	86
7471132	85
7471136	85
7471138	87
7471139	85
7471140	86
7471168	86
7471169	88
7471170	88
7471171	88
7471172	87
7471232	86
7471233	88
7471234	88
7471235	86
7471236	87
7471248	88
7471256	86
7471258	88
7471259	88
7471260	87
7471264	87
7471266	89
7471267	87
7471268	88
7471296	84
7471297	86
7471298	86
7471299	84
7471300	85
7471312	86
7471320	86
7471322	88
7471323	86
7471324	87
7471328	85
7471330	87
7471331	85
7471332	86
7471360	85
7471361	87
7471362	87
7471363	87
7471364	86
7471376	87
7471384	85
7471386	87
7471387	87
7471388	86
7471392	86
7471394	88
7471395	86
7471396	87
7471616	86
7471617	88
7471618	88
7471619	88
7471620	87
7471624	88
7471632	88
7471634	90
7471635	88
7471636	89
7471640	88
7471642	88
7471643	88
7471644	87
7471648	87
7471650	89
7471651	87
7471652	88
7472128	86
7472129	88
7472130	88
7472131	86
7472132	87
7472136	88
7472144	88
7472146	90
7472147	88
7472148	89
7472152	86
7472154	86
7472155	88
7472156	85
7472160	87
7472162	89
7472163	87
7472164	88
7472256	88
7472257	90
7472258	90
7472259	90
7472260	89
7472320	86
7472321	88
7472322	88
7472323	86
7472324	87
7472336	88
7472344	88
7472346	90
7472347	88
7472348	89
7472352	87
7472354	89
7472355	87
7472356	88
7472384	87
7472385	89
7472386	89
7472387	89
7472388	88
7472400	89
7472408	87
7472410	89
7472411	89
7472412	88
7472416	88
7472418	90
7472419	88
7472420	89
7472640	84
7472641	86
7472642	86
7472643	84
7472644	85
7472648	86
7472656	86
7472658	88
7472659	86
7472660	87
7472664	84
7472666	84
7472667	86
7472668	83
7472672	85
7472674	87
7472675	85
7472676	86
7472768	86
7472769	86
7472770	86
7472771	86
7472772	85
7472832	86
7472833	88
7472834	88
7472835	88
7472836	87
7472848	88
7472856	86
7472858	88
7472859	88
7472860	87
7472864	87
7472866	89
7472867	87
7472868	88
7472896	85
7472897	85
7472898	85
7472899	85
7472900	84
7472912	85
7472920	85
7472922	85
7472923	85
7472924	84
7472928	86
7472930	86
7472931	86
7472932	85
7473152	85
7473153	87
7473154	87
7473155	87
7473156	86
7473160	87
7473168	87
7473170	89
7473171	87
7473172	88
7473176	87
7473178	87
7473179	87
7473180	86
7473184	86
7473186	88
7473187	86
7473188	87
7473280	87
7473281	89
7473282	89
7473283	89
7473284	88
7473344	85
7473345	87
7473346	87
7473347	85
7473348	86
7473360	87
7473368	87
7473370	89
7473371	87
7473372	88
7473376	86
7473378	88
7473379	86
7473380	87
7473408	86
7473409	88
7473410	88
7473411	88
7473412	87
7473424	88
7473432	86
7473434	88
7473435	88
7473436	87
7473440	87
7473442	89
7473443	87
7473444	88
7479296	84
7479297	86
7479298	86
7479299	86
7479300	85
7479304	86
7479312	86
7479314	88
7479315	86
7479316	87
7479320	86
7479322	86
7479323	86
7479324	85
7479328	85
7479330	87
7479331	87
7479332	86
7479360	86
7479361	88
7479362	88
7479363	88
7479364	87
7479424	86
7479425	88
7479426	88
7479427	88
7479428	87
7479440	88
7479448	88
7479450	88
7479451	88
7479452	87
7479456	87
7479458	89
7479459	87
7479460	88
7479488	86
7479489	88
7479490	88
7479491	86
7479492	87
7479504	88
7479512	86
7479514	88
7479515	88
7479516	87
7479520	87
7479522	87
7479523	87
7479524	88
7479552	85
7479553	87
7479554	87
7479555	87
7479556	86
7479568	87
7479576	87
7479578	87
7479579	87
7479580	86
7479584	86
7479586	88
7479587	88
7479588	87
7483392	84
7483393	86
7483394	86
7483395	86
7483396	85
7483400	86
7483408	86
7483410	88
7483411	86
7483412	87
7483416	86
7483418	86
7483419	86
7483420	85
7483424	85
7483426	87
7483427	85
7483428	86
7483456	86
7483457	88
7483458	88
7483459	88
7483460	87
7483520	86
7483521	88
7483522	88
7483523	86
7483524	87
7483536	88
7483544	88
7483546	88
7483547	88
7483548	87
7483552	87
7483554	89
7483555	87
7483556	88
7483584	84
7483585	86
7483586	86
7483587	84
7483588	85
7483600	86
7483608	86
7483610	88
7483611	86
7483612	87
7483616	85
7483618	87
7483619	85
7483620	86
7483648	85
7483649	87
7483650	87
7483651	87
7483652	86
7483664	87
7483672	87
7483674	87
7483675	87
7483676	86
7483680	86
7483682	88
7483683	86
7483684	87
7484416	86
7484417	88
7484418	88
7484419	88
7484420	87
7484424	88
7484432	88
7484434	90
7484435	88
7484436	89
7484440	88
7484442	88
7484443	88
7484444	87
7484448	87
7484450	89
7484451	87
7484452	88
7484928	86
7484929	88
7484930	88
7484931	86
7484932	87
7484936	88
7484944	88
7484946	90
7484947	88
7484948	89
7484952	86
7484954	86
7484955	88
7484956	85
7484960	87
7484962	89
7484963	87
7484964	88
7485056	86
7485057	88
7485058	88
7485059	88
7485060	87
7485120	86
7485121	88
7485122	88
7485123	88
7485124	87
7485136	88
7485144	88
7485146	88
7485147	88
7485148	87
7485152	87
7485154	89
7485155	87
7485156	88
7485184	87
7485185	87
7485186	87
7485187	87
7485188	86
7485200	87
7485208	87
7485210	87
7485211	87
7485212	86
7485216	88
7485218	88
7485219	88
7485220	87
7485440	85
7485441	87
7485442	87
7485443	87
7485444	86
7485448	87
7485456	87
7485458	89
7485459	87
7485460	88
7485464	87
7485466	87
7485467	87
7485468	86
7485472	86
7485474	88
7485475	86
7485476	87
7485568	87
7485569	89
7485570	89
7485571	89
7485572	88
7485632	85
7485633	87
7485634	87
7485635	85
7485636	86
7485648	87
7485656	87
7485658	89
7485659	87
7485660	88
7485664	86
7485666	88
7485667	86
7485668	87
7485696	86
7485697	88
7485698	88
7485699	88
7485700	87
7485712	88
7485720	88
7485722	88
7485723	88
7485724	87
7485728	87
7485730	89
7485731	87
7485732	88
7487488	85
7487489	87
7487490	87
7487491	85
7487492	86
7487496	87
7487504	87
7487506	89
7487507	87
7487508	88
7487512	85
7487514	85
7487515	87
7487516	84
7487520	86
7487522	88
7487523	86
7487524	87
7487552	87
7487553	87
7487554	87
7487555	87
7487556	86
7487616	87
7487617	87
7487618	87
7487619	87
7487620	86
7487632	87
7487640	87
7487642	87
7487643	87
7487644	86
7487648	86
7487650	88
7487651	86
7487652	87
7487680	85
7487681	87
7487682	87
7487683	85
7487684	86
7487696	87
7487704	87
7487706	87
7487707	87
7487708	86
7487712	86
7487714	88
7487715	86
7487716	87
7487744	86
7487745	86
7487746	86
7487747	86
7487748	85
7487760	86
7487768	86
7487770	86
7487771	86
7487772	85
7487776	87
7487778	87
7487779	87
7487780	86
7488512	85
7488513	87
7488514	87
7488515	87
7488516	86
7488520	87
7488528	87
7488530	89
7488531	87
7488532	88
7488536	87
7488538	87
7488539	87
7488540	86
7488544	86
7488546	88
7488547	86
7488548	87
7489024	85
7489025	87
7489026	87
7489027	85
7489028	86
7489032	87
7489040	87
7489042	89
7489043	87
7489044	88
7489048	85
7489050	85
7489051	87
7489052	84
7489056	86
7489058	88
7489059	86
7489060	87
7489152	87
7489153	87
7489154	87
7489155	87
7489156	86
7489216	87
7489217	87
7489218	87
7489219	87
7489220	86
7489232	87
7489240	87
7489242	87
7489243	87
7489244	86
7489248	88
7489250	88
7489251	88
7489252	87
7489280	86
7489281	86
7489282	86
7489283	86
7489284	85
7489296	86
7489304	86
7489306	86
7489307	86
7489308	85
7489312	87
7489314	87
7489315	87
7489316	86
7489536	86
7489537	88
7489538	88
7489539	86
7489540	87
7489544	88
7489552	88
7489554	90
7489555	88
7489556	89
7489560	86
7489562	86
7489563	88
7489564	85
7489568	87
7489570	89
7489571	87
7489572	88
7489664	86
7489665	88
7489666	88
7489667	88
7489668	87
7489728	86
7489729	88
7489730	88
7489731	86
7489732	87
7489744	88
7489752	88
7489754	88
7489755	88
7489756	87
7489760	87
7489762	89
7489763	87
7489764	88
7489792	87
7489793	87
7489794	87
7489795	87
7489796	86
7489808	87
7489816	87
7489818	87
7489819	87
7489820	86
7489824	88
7489826	88
7489827	88
7489828	87
8388608	81
8388609	83
8388610	83
8388611	83
8388612	82
8388616	83
8388624	83
8388626	85
8388627	83
8388628	84
8388632	83
8388634	83
8388635	83
8388636	82
8388640	82
8388642	84
8388643	84
8388644	83
8388672	83
8388673	85
8388674	85
8388675	85
8388676	84
8388736	83
8388737	85
8388738	85
8388739	85
8388740	84
8388752	85
8388760	85
8388762	85
8388763	85
8388764	84
8388768	84
8388770	86
8388771	84
8388772	85
8388800	83
8388801	85
8388802	85
8388803	83
8388804	84
8388816	85
8388824	83
8388826	85
8388827	85
8388828	84
8388832	84
8388834	84
8388835	84
8388836	85
8388864	82
8388865	84
8388866	84
8388867	84
8388868	83
8388880	84
8388888	84
8388890	84
8388891	84
8388892	83
8388896	83
8388898	85
8388899	85
8388900	84
8389120	83
8389121	85
8389122	85
8389123	85
8389124	84
8389128	85
8389136	85
8389138	87
8389139	85
8389140	86
8389144	85
8389146	85
8389147	85
8389148	84
8389152	84
8389154	86
8389155	86
8389156	85
8389632	83
8389633	85
8389634	85
8389635	85
8389636	84
8389640	85
8389648	85
8389650	87
8389651	85
8389652	86
8389656	85
8389658	85
8389659	85
8389660	84
8389664	84
8389666	86
8389667	86
8389668	85
8389760	85
8389761	87
8389762	87
8389763	87
8389764	86
8389824	83
8389825	85
8389826	85
8389827	85
8389828	84
8389840	85
8389848	85
8389850	87
8389851	85
8389852	86
8389856	84
8389858	86
8389859	86
8389860	85
8389888	84
8389889	86
8389890	86
8389891	86
8389892	85
8389904	86
8389912	84
8389914	86
8389915	86
8389916	85
8389920	85
8389922	87
8389923	85
8389924	86
8390144	83
8390145	85
8390146	85
8390147	83
8390148	84
8390152	85
8390160	85
8390162	87
8390163	85
8390164	86
8390168	83
8390170	83
8390171	85
8390172	82
8390176	84
8390178	86
8390179	84
8390180	85
8390272	83
8390273	85
8390274	85
8390275	85
8390276	84
8390336	83
8390337	85
8390338	85
8390339	85
8390340	84
8390352	85
8390360	85
8390362	85
8390363	85
8390364	84
8390368	84
8390370	86
8390371	86
8390372	85
8390400	84
8390401	84
8390402	84
8390403	84
8390404	83
8390416	84
8390424	84
8390426	84
8390427	84
8390428	83
8390432	85
8390434	85
8390435	85
8390436	84
8390656	82
8390657	84
8390658	84
8390659	84
8390660	83
8390664	84
8390672	84
8390674	86
8390675	84
8390676	85
8390680	84
8390682	84
8390683	84
8390684	83
8390688	83
8390690	85
8390691	85
8390692	84
8390784	84
8390785	86
8390786	86
8390787	86
8390788	85
8390848	84
8390849	86
8390850	86
8390851	84
8390852	85
8390864	86
8390872	84
8390874	86
8390875	86
8390876	85
8390880	85
8390882	85
8390883	85
8390884	86
8390912	83
8390913	85
8390914	85
8390915	85
8390916	84
8390928	85
8390936	85
8390938	85
8390939	85
8390940	84
8390944	84
8390946	86
8390947	86
8390948	85
8392704	83
8392705	85
8392706	85
8392707	85
8392708	84
8392712	85
8392720	85
8392722	87
8392723	85
8392724	86
8392728	85
8392730	85
8392731	85
8392732	84
8392736	84
8392738	86
8392739	86
8392740	85
8392768	85
8392769	87
8392770	87
8392771	87
8392772	86
8392832	85
8392833	87
8392834	87
8392835	87
8392836	86
8392848	87
8392856	87
8392858	87
8392859	87
8392860	86
8392864	86
8392866	88
8392867	86
8392868	87
8392896	85
8392897	87
8392898	87
8392899	85
8392900	86
8392912	87
8392920	85
8392922	87
8392923	87
8392924	86
8392928	86
8392930	86
8392931	86
8392932	87
8392960	84
8392961	86
8392962	86
8392963	86
8392964	85
8392976	86
8392984	86
8392986	86
8392987	86
8392988	85
8392992	85
8392994	87
8392995	87
8392996	86
8396800	83
8396801	85
8396802	85
8396803	85
8396804	84
8396808	85
8396816	85
8396818	87
8396819	85
8396820	86
8396824	85
8396826	85
8396827	85
8396828	84
8396832	84
8396834	86
8396835	86
8396836	85
8396864	85
8396865	87
8396866	87
8396867	87
8396868	86
8396928	85
8396929	87
8396930	87
8396931	87
8396932	86
8396944	87
8396952	87
8396954	87
8396955	87
8396956	86
8396960	86
8396962	88
8396963	86
8396964	87
8396992	85
8396993	87
8396994	87
8396995	85
8396996	86
8397008	87
8397016	85
8397018	87
8397019	87
8397020	86
8397024	86
8397026	86
8397027	86
8397028	87
8397056	84
8397057	86
8397058	86
8397059	86
8397060	85
8397072	86
8397080	86
8397082	86
8397083	86
8397084	85
8397088	85
8397090	87
8397091	87
8397092	86
8397824	85
8397825	87
8397826	87
8397827	87
8397828	86
8397832	87
8397840	87
8397842	89
8397843	87
8397844	88
8397848	87
8397850	87
8397851	87
8397852	86
8397856	86
8397858	88
8397859	86
8397860	87
8398336	85
8398337	87
8398338	87
8398339	85
8398340	86
8398344	87
8398352	87
8398354	89
8398355	87
8398356	88
8398360	85
8398362	85
8398363	87
8398364	84
8398368	86
8398370	88
8398371	86
8398372	87
8398464	85
8398465	87
8398466	87
8398467	87
8398468	86
8398528	85
8398529	87
8398530	87
8398531	87
8398532	86
8398544	87
8398552	87
8398554	87
8398555	87
8398556	86
8398560	86
8398562	88
8398563	86
8398564	87
8398592	86
8398593	86
8398594	86
8398595	86
8398596	85
8398608	86
8398616	86
8398618	86
8398619	86
8398620	85
8398624	87
8398626	87
8398627	87
8398628	86
8398848	84
8398849	86
8398850	86
8398851	86
8398852	85
8398856	86
8398864	86
8398866	88
8398867	86
8398868	87
8398872	86
8398874	86
8398875	86
8398876	85
8398880	85
8398882	87
8398883	85
8398884	86
8398976	86
8398977	88
8398978	88
8398979	88
8398980	87
8399040	84
8399041	86
8399042	86
8399043	84
8399044	85
8399056	86
8399064	86
8399066	88
8399067	86
8399068	87
8399072	85
8399074	87
8399075	85
8399076	86
8399104	85
8399105	87
8399106	87
8399107	87
8399108	86
8399120	87
8399128	87
8399130	87
8399131	87
8399132	86
8399136	86
8399138	88
8399139	86
8399140	87
8400896	83
8400897	85
8400898	85
8400899	85
8400900	84
8400904	85
8400912	85
8400914	85
8400915	85
8400916	86
8400920	85
8400922	85
8400923	85
8400924	84
8400928	84
8400930	86
8400931	84
8400932	85
8400960	85
8400961	87
8400962	87
8400963	87
8400964	86
8401024	85
8401025	87
8401026	87
8401027	85
8401028	86
8401040	87
8401048	87
8401050	87
8401051	87
8401052	86
8401056	86
8401058	88
8401059	86
8401060	87
8401088	83
8401089	85
8401090	85
8401091	83
8401092	84
8401104	85
8401112	85
8401114	87
8401115	85
8401116	86
8401120	84
8401122	84
8401123	84
8401124	85
8401152	84
8401153	86
8401154	86
8401155	86
8401156	85
8401168	86
8401176	86
8401178	86
8401179	86
8401180	85
8401184	85
8401186	87
8401187	85
8401188	86
8401920	85
8401921	87
8401922	87
8401923	85
8401924	86
8401928	87
8401936	87
8401938	87
8401939	87
8401940	88
8401944	87
8401946	87
8401947	87
8401948	86
8401952	86
8401954	86
8401955	86
8401956	87
8402432	83
8402433	85
8402434	85
8402435	85
8402436	84
8402440	85
8402448	85
8402450	87
8402451	85
8402452	86
8402456	85
8402458	85
8402459	85
8402460	84
8402464	84
8402466	86
8402467	86
8402468	85
8402560	85
8402561	87
8402562	87
8402563	87
8402564	86
8402624	85
8402625	87
8402626	87
8402627	85
8402628	86
8402640	87
8402648	85
8402650	87
8402651	87
8402652	86
8402656	86
8402658	86
8402659	86
8402660	87
8402688	84
8402689	86
8402690	86
8402691	86
8402692	85
8402704	86
8402712	86
8402714	86
8402715	86
8402716	85
8402720	85
8402722	87
8402723	87
8402724	86
8402944	84
8402945	86
8402946	86
8402947	84
8402948	85
8402952	86
8402960	86
8402962	86
8402963	86
8402964	87
8402968	86
8402970	86
8402971	86
8402972	85
8402976	85
8402978	85
8402979	85
8402980	86
8403072	84
8403073	86
8403074	86
8403075	86
8403076	85
8403136	84
8403137	86
8403138	86
8403139	84
8403140	85
8403152	86
8403160	86
8403162	86
8403163	86
8403164	87
8403168	85
8403170	85
8403171	85
8403172	86
8403200	85
8403201	87
8403202	87
8403203	85
8403204	86
8403216	87
8403224	85
8403226	87
8403227	87
8403228	86
8403232	86
8403234	86
8403235	86
8403236	87
8404992	82
8404993	84
8404994	84
8404995	84
8404996	83
8405000	84
8405008	84
8405010	86
8405011	84
8405012	85
8405016	84
8405018	84
8405019	84
8405020	83
8405024	83
8405026	85
8405027	85
8405028	84
8405056	84
8405057	86
8405058	86
8405059	86
8405060	85
8405120	84
8405121	86
8405122	86
8405123	86
8405124	85
8405136	86
8405144	86
8405146	86
8405147	86
8405148	85
8405152	85
8405154	87
8405155	85
8405156	86
8405184	84
8405185	86
8405186	86
8405187	84
8405188	85
8405200	86
8405208	84
8405210	86
8405211	86
8405212	85
8405216	85
8405218	85
8405219	85
8405220	86
8405248	83
8405249	85
8405250	85
8405251	85
8405252	84
8405264	85
8405272	85
8405274	85
8405275	85
8405276	84
8405280	84
8405282	86
8405283	86
8405284	85
8406016	84
8406017	86
8406018	86
8406019	86
8406020	85
8406024	86
8406032	86
8406034	88
8406035	86
8406036	87
8406040	86
8406042	86
8406043	86
8406044	85
8406048	85
8406050	87
8406051	85
8406052	86
8406528	84
8406529	86
8406530	86
8406531	84
8406532	85
8406536	86
8406544	86
8406546	88
8406547	86
8406548	87
8406552	84
8406554	84
8406555	86
8406556	83
8406560	85
8406562	87
8406563	85
8406564	86
8406656	84
8406657	86
8406658	86
8406659	86
8406660	85
8406720	84
8406721	86
8406722	86
8406723	86
8406724	85
8406736	86
8406744	86
8406746	86
8406747	86
8406748	85
8406752	85
8406754	87
8406755	87
8406756	86
8406784	85
8406785	85
8406786	85
8406787	85
8406788	84
8406800	85
8406808	85
8406810	85
8406811	85
8406812	84
8406816	86
8406818	86
8406819	86
8406820	85
8407040	83
8407041	85
8407042	85
8407043	85
8407044	84
8407048	85
8407056	85
8407058	87
8407059	85
8407060	86
8407064	85
8407066	85
8407067	85
8407068	84
8407072	84
8407074	86
8407075	86
8407076	85
8407168	85
8407169	87
8407170	87
8407171	87
8407172	86
8407232	85
8407233	87
8407234	87
8407235	85
8407236	86
8407248	87
8407256	85
8407258	87
8407259	87
8407260	86
8407264	86
8407266	86
8407267	86
8407268	87
8407296	84
8407297	86
8407298	86
8407299	86
8407300	85
8407312	86
8407320	86
8407322	86
8407323	86
8407324	85
8407328	85
8407330	87
8407331	87
8407332	86
8421376	83
8421377	85
8421378	85
8421379	85
8421380	84
8421384	85
8421392	85
8421394	87
8421395	85
8421396	86
8421400	85
8421402	85
8421403	85
8421404	84
8421408	84
8421410	86
8421411	86
8421412	85
8421440	85
8421441	87
8421442	87
8421443	87
8421444	86
8421504	85
8421505	87
8421506	87
8421507	87
8421508	86
8421520	87
8421528	87
8421530	87
8421531	87
8421532	86
8421536	86
8421538	88
8421539	86
8421540	87
8421568	85
8421569	87
8421570	87
8421571	85
8421572	86
8421584	87
8421592	85
8421594	87
8421595	87
8421596	86
8421600	86
8421602	86
8421603	86
8421604	87
8421632	84
8421633	86
8421634	86
8421635	86
8421636	85
8421648	86
8421656	86
8421658	86
8421659	86
8421660	85
8421664	85
8421666	87
8421667	87
8421668	86
8421888	85
8421889	87
8421890	87
8421891	87
8421892	86
8421896	87
8421904	87
8421906	89
8421907	87
8421908	88
8421912	87
8421914	87
8421915	87
8421916	86
8421920	86
8421922	88
8421923	86
8421924	87
8422400	85
8422401	87
8422402	87
8422403	87
8422404	86
8422408	87
8422416	87
8422418	89
8422419	87
8422420	88
8422424	87
8422426	87
8422427	87
8422428	86
8422432	86
8422434	88
8422435	86
8422436	87
8422528	87
8422529	89
8422530	89
8422531	89
8422532	88
8422592	85
8422593	87
8422594	87
8422595	85
8422596	86
8422608	87
8422616	87
8422618	89
8422619	87
8422620	88
8422624	86
8422626	88
8422627	86
8422628	87
8422656	86
8422657	88
8422658	88
8422659	88
8422660	87
8422672	88
8422680	86
8422682	88
8422683	88
8422684	87
8422688	87
8422690	89
8422691	87
8422692	88
8422912	85
8422913	87
8422914	87
8422915	85
8422916	86
8422920	87
8422928	87
8422930	89
8422931	87
8422932	88
8422936	85
8422938	85
8422939	87
8422940	84
8422944	86
8422946	88
8422947	86
8422948	87
8423040	85
8423041	87
8423042	87
8423043	87
8423044	86
8423104	85
8423105	87
8423106	87
8423107	87
8423108	86
8423120	87
8423128	87
8423130	87
8423131	87
8423132	86
8423136	86
8423138	88
8423139	86
8423140	87
8423168	86
8423169	86
8423170	86
8423171	86
8423172	85
8423184	86
8423192	86
8423194	86
8423195	86
8423196	85
8423200	87
8423202	87
8423203	87
8423204	86
8423424	84
8423425	86
8423426	86
8423427	86
8423428	85
8423432	86
8423440	86
8423442	88
8423443	86
8423444	87
8423448	86
8423450	86
8423451	86
8423452	85
8423456	85
8423458	87
8423459	85
8423460	86
8423552	86
8423553	88
8423554	88
8423555	88
8423556	87
8423616	84
8423617	86
8423618	86
8423619	84
8423620	85
8423632	86
8423640	86
8423642	88
8423643	86
8423644	87
8423648	85
8423650	87
8423651	85
8423652	86
8423680	85
8423681	87
8423682	87
8423683	87
8423684	86
8423696	87
8423704	87
8423706	87
8423707	87
8423708	86
8423712	86
8423714	88
8423715	86
8423716	87
8454144	83
8454145	85
8454146	85
8454147	85
8454148	84
8454152	85
8454160	85
8454162	87
8454163	85
8454164	86
8454168	85
8454170	85
8454171	85
8454172	84
8454176	84
8454178	86
8454179	86
8454180	85
8454208	85
8454209	87
8454210	87
8454211	87
8454212	86
8454272	85
8454273	87
8454274	87
8454275	87
8454276	86
8454288	87
8454296	87
8454298	87
8454299	87
8454300	86
8454304	86
8454306	88
8454307	86
8454308	87
8454336	85
8454337	87
8454338	87
8454339	85
8454340	86
8454352	87
8454360	85
8454362	87
8454363	87
8454364	86
8454368	86
8454370	86
8454371	86
8454372	87
8454400	84
8454401	86
8454402	86
8454403	86
8454404	85
8454416	86
8454424	86
8454426	86
8454427	86
8454428	85
8454432	85
8454434	87
8454435	87
8454436	86
8454656	85
8454657	87
8454658	87
8454659	87
8454660	86
8454664	87
8454672	87
8454674	89
8454675	87
8454676	88
8454680	87
8454682	87
8454683	87
8454684	86
8454688	86
8454690	88
8454691	86
8454692	87
8455168	85
8455169	87
8455170	87
8455171	87
8455172	86
8455176	87
8455184	87
8455186	89
8455187	87
8455188	88
8455192	87
8455194	87
8455195	87
8455196	86
8455200	86
8455202	88
8455203	86
8455204	87
8455296	87
8455297	89
8455298	89
8455299	89
8455300	88
8455360	85
8455361	87
8455362	87
8455363	85
8455364	86
8455376	87
8455384	87
8455386	89
8455387	87
8455388	88
8455392	86
8455394	88
8455395	86
8455396	87
8455424	86
8455425	88
8455426	88
8455427	88
8455428	87
8455440	88
8455448	86
8455450	88
8455451	88
8455452	87
8455456	87
8455458	89
8455459	87
8455460	88
8455680	85
8455681	87
8455682	87
8455683	85
8455684	86
8455688	87
8455696	87
8455698	89
8455699	87
8455700	88
8455704	85
8455706	85
8455707	87
8455708	84
8455712	86
8455714	88
8455715	86
8455716	87
8455808	85
8455809	87
8455810	87
8455811	87
8455812	86
8455872	85
8455873	87
8455874	87
8455875	87
8455876	86
8455888	87
8455896	87
8455898	87
8455899	87
8455900	86
8455904	86
8455906	88
8455907	86
8455908	87
8455936	86
8455937	86
8455938	86
8455939	86
8455940	85
8455952	86
8455960	86
8455962	86
8455963	86
8455964	85
8455968	87
8455970	87
8455971	87
8455972	86
8456192	84
8456193	86
8456194	86
8456195	86
8456196	85
8456200	86
8456208	86
8456210	88
8456211	86
8456212	87
8456216	86
8456218	86
8456219	86
8456220	85
8456224	85
8456226	87
8456227	85
8456228	86
8456320	86
8456321	88
8456322	88
8456323	88
8456324	87
8456384	84
8456385	86
8456386	86
8456387	84
8456388	85
8456400	86
8456408	86
8456410	88
8456411	86
8456412	87
8456416	85
8456418	87
8456419	85
8456420	86
8456448	85
8456449	87
8456450	87
8456451	87
8456452	86
8456464	87
8456472	87
8456474	87
8456475	87
8456476	86
8456480	86
8456482	88
8456483	86
8456484	87
8462336	85
8462337	87
8462338	87
8462339	87
8462340	86
8462344	87
8462352	87
8462354	89
8462355	87
8462356	88
8462360	85
8462362	87
8462363	87
8462364	86
8462368	86
8462370	88
8462371	88
8462372	87
8462400	87
8462401	89
8462402	89
8462403	89
8462404	88
8462464	87
8462465	89
8462466	89
8462467	89
8462468	88
8462480	89
8462488	87
8462490	89
8462491	89
8462492	88
8462496	88
8462498	90
8462499	88
8462500	89
8462528	87
8462529	89
8462530	89
8462531	87
8462532	88
8462544	89
8462552	87
8462554	89
8462555	89
8462556	88
8462560	88
8462562	88
8462563	88
8462564	89
8462592	86
8462593	88
8462594	88
8462595	88
8462596	87
8462608	88
8462616	86
8462618	88
8462619	88
8462620	87
8462624	87
8462626	89
8462627	89
8462628	88
8466432	83
8466433	85
8466434	85
8466435	85
8466436	84
8466440	85
8466448	85
8466450	87
8466451	85
8466452	86
8466456	85
8466458	87
8466459	85
8466460	86
8466464	84
8466466	86
8466467	84
8466468	85
8466496	85
8466497	87
8466498	87
8466499	87
8466500	86
8466560	85
8466561	87
8466562	87
8466563	85
8466564	86
8466576	87
8466584	87
8466586	87
8466587	87
8466588	86
8466592	86
8466594	88
8466595	86
8466596	87
8466624	83
8466625	85
8466626	85
8466627	83
8466628	84
8466640	85
8466648	85
8466650	87
8466651	85
8466652	86
8466656	84
8466658	86
8466659	84
8466660	85
8466688	84
8466689	86
8466690	86
8466691	86
8466692	85
8466704	86
8466712	86
8466714	88
8466715	86
8466716	87
8466720	85
8466722	87
8466723	85
8466724	86
8467456	85
8467457	87
8467458	87
8467459	87
8467460	86
8467464	87
8467472	87
8467474	89
8467475	87
8467476	88
8467480	87
8467482	87
8467483	87
8467484	86
8467488	86
8467490	88
8467491	86
8467492	87
8467968	85
8467969	87
8467970	87
8467971	87
8467972	86
8467976	87
8467984	87
8467986	89
8467987	87
8467988	88
8467992	87
8467994	87
8467995	87
8467996	86
8468000	86
8468002	88
8468003	86
8468004	87
8468096	87
8468097	89
8468098	89
8468099	89
8468100	88
8468160	85
8468161	87
8468162	87
8468163	87
8468164	86
8468176	87
8468184	87
8468186	89
8468187	87
8468188	88
8468192	86
8468194	88
8468195	86
8468196	87
8468224	86
8468225	88
8468226	88
8468227	88
8468228	87
8468240	88
8468248	86
8468250	88
8468251	88
8468252	87
8468256	87
8468258	89
8468259	87
8468260	88
8468480	84
8468481	86
8468482	86
8468483	86
8468484	85
8468488	86
8468496	86
8468498	88
8468499	86
8468500	87
8468504	86
8468506	88
8468507	86
8468508	87
8468512	85
8468514	87
8468515	85
8468516	86
8468608	86
8468609	88
8468610	88
8468611	88
8468612	87
8468672	84
8468673	86
8468674	86
8468675	84
8468676	85
8468688	86
8468696	86
8468698	88
8468699	86
8468700	87
8468704	85
8468706	87
8468707	85
8468708	86
8468736	85
8468737	87
8468738	87
8468739	87
8468740	86
8468752	87
8468760	87
8468762	89
8468763	87
8468764	88
8468768	86
8468770	88
8468771	86
8468772	87
8470528	84
8470529	86
8470530	86
8470531	86
8470532	85
8470536	86
8470544	86
8470546	88
8470547	86
8470548	87
8470552	86
8470554	86
8470555	86
8470556	85
8470560	85
8470562	87
8470563	87
8470564	86
8470592	86
8470593	88
8470594	88
8470595	88
8470596	87
8470656	86
8470657	88
8470658	88
8470659	88
8470660	87
8470672	88
8470680	86
8470682	88
8470683	88
8470684	87
8470688	87
8470690	89
8470691	87
8470692	88
8470720	86
8470721	88
8470722	88
8470723	86
8470724	87
8470736	88
8470744	86
8470746	88
8470747	88
8470748	87
8470752	87
8470754	87
8470755	87
8470756	88
8470784	85
8470785	87
8470786	87
8470787	87
8470788	86
8470800	87
8470808	85
8470810	87
8470811	87
8470812	86
8470816	86
8470818	88
8470819	88
8470820	87
8471552	86
8471553	88
8471554	88
8471555	88
8471556	87
8471560	88
8471568	88
8471570	90
8471571	88
8471572	89
8471576	88
8471578	88
8471579	88
8471580	87
8471584	87
8471586	89
8471587	87
8471588	88
8472064	84
8472065	86
8472066	86
8472067	86
8472068	85
8472072	86
8472080	86
8472082	88
8472083	86
8472084	87
8472088	84
8472090	86
8472091	86
8472092	85
8472096	85
8472098	87
8472099	87
8472100	86
8472192	86
8472193	88
8472194	88
8472195	88
8472196	87
8472256	86
8472257	88
8472258	88
8472259	88
8472260	87
8472272	88
8472280	86
8472282	88
8472283	88
8472284	87
8472288	87
8472290	89
8472291	87
8472292	88
8472320	85
8472321	87
8472322	87
8472323	87
8472324	86
8472336	87
8472344	85
8472346	87
8472347	87
8472348	86
8472352	86
8472354	88
8472355	88
8472356	87
8472576	85
8472577	87
8472578	87
8472579	87
8472580	86
8472584	87
8472592	87
8472594	89
8472595	87
8472596	88
8472600	87
8472602	87
8472603	87
8472604	86
8472608	86
8472610	88
8472611	86
8472612	87
8472704	87
8472705	89
8472706	89
8472707	89
8472708	88
8472768	85
8472769	87
8472770	87
8472771	85
8472772	86
8472784	87
8472792	87
8472794	89
8472795	87
8472796	88
8472800	86
8472802	88
8472803	86
8472804	87
8472832	86
8472833	88
8472834	88
8472835	88
8472836	87
8472848	88
8472856	86
8472858	88
8472859	88
8472860	87
8472864	87
8472866	89
8472867	87
8472868	88
8486912	83
8486913	85
8486914	85
8486915	85
8486916	84
8486920	85
8486928	85
8486930	87
8486931	85
8486932	86
8486936	85
8486938	85
8486939	85
8486940	84
8486944	84
8486946	86
8486947	84
8486948	85
8486976	85
8486977	87
8486978	87
8486979	87
8486980	86
8487040	85
8487041	87
8487042	87
8487043	85
8487044	86
8487056	87
8487064	85
8487066	87
8487067	87
8487068	86
8487072	86
8487074	88
8487075	86
8487076	87
8487104	83
8487105	85
8487106	85
8487107	83
8487108	84
8487120	85
8487128	85
8487130	87
8487131	85
8487132	86
8487136	84
8487138	86
8487139	84
8487140	85
8487168	84
8487169	86
8487170	86
8487171	86
8487172	85
8487184	86
8487192	84
8487194	86
8487195	86
8487196	85
8487200	85
8487202	87
8487203	85
8487204	86
8487424	85
8487425	87
8487426	87
8487427	87
8487428	86
8487432	87
8487440	87
8487442	89
8487443	87
8487444	88
8487448	87
8487450	87
8487451	87
8487452	86
8487456	86
8487458	88
8487459	86
8487460	87
8487936	85
8487937	87
8487938	87
8487939	85
8487940	86
8487944	87
8487952	87
8487954	89
8487955	87
8487956	88
8487960	85
8487962	85
8487963	87
8487964	84
8487968	86
8487970	88
8487971	86
8487972	87
8488064	87
8488065	89
8488066	89
8488067	89
8488068	88
8488128	85
8488129	87
8488130	87
8488131	85
8488132	86
8488144	87
8488152	87
8488154	89
8488155	87
8488156	88
8488160	86
8488162	88
8488163	86
8488164	87
8488192	86
8488193	88
8488194	88
8488195	88
8488196	87
8488208	88
8488216	86
8488218	88
8488219	88
8488220	87
8488224	87
8488226	89
8488227	87
8488228	88
8488448	83
8488449	85
8488450	85
8488451	83
8488452	84
8488456	85
8488464	85
8488466	87
8488467	85
8488468	86
8488472	83
8488474	83
8488475	85
8488476	82
8488480	84
8488482	86
8488483	84
8488484	85
8488576	85
8488577	85
8488578	85
8488579	85
8488580	84
8488640	85
8488641	87
8488642	87
8488643	87
8488644	86
8488656	87
8488664	85
8488666	87
8488667	87
8488668	86
8488672	86
8488674	88
8488675	86
8488676	87
8488704	84
8488705	84
8488706	84
8488707	84
8488708	83
8488720	84
8488728	84
8488730	84
8488731	84
8488732	83
8488736	85
8488738	85
8488739	85
8488740	84
8488960	84
8488961	86
8488962	86
8488963	86
8488964	85
8488968	86
8488976	86
8488978	88
8488979	86
8488980	87
8488984	86
8488986	86
8488987	86
8488988	85
8488992	85
8488994	87
8488995	85
8488996	86
8489088	86
8489089	88
8489090	88
8489091	88
8489092	87
8489152	84
8489153	86
8489154	86
8489155	84
8489156	85
8489168	86
8489176	86
8489178	88
8489179	86
8489180	87
8489184	85
8489186	87
8489187	85
8489188	86
8489216	85
8489217	87
8489218	87
8489219	87
8489220	86
8489232	87
8489240	85
8489242	87
8489243	87
8489244	86
8489248	86
8489250	88
8489251	86
8489252	87
8495104	83
8495105	85
8495106	85
8495107	85
8495108	84
8495112	85
8495120	85
8495122	87
8495123	85
8495124	86
8495128	85
8495130	85
8495131	85
8495132	84
8495136	84
8495138	86
8495139	86
8495140	85
8495168	85
8495169	87
8495170	87
8495171	87
8495172	86
8495232	85
8495233	87
8495234	87
8495235	87
8495236	86
8495248	87
8495256	87
8495258	87
8495259	87
8495260	86
8495264	86
8495266	88
8495267	86
8495268	87
8495296	85
8495297	87
8495298	87
8495299	85
8495300	86
8495312	87
8495320	85
8495322	87
8495323	87
8495324	86
8495328	86
8495330	86
8495331	86
8495332	87
8495360	84
8495361	86
8495362	86
8495363	86
8495364	85
8495376	86
8495384	86
8495386	86
8495387	86
8495388	85
8495392	85
8495394	87
8495395	87
8495396	86
8499200	83
8499201	85
8499202	85
8499203	85
8499204	84
8499208	85
8499216	85
8499218	87
8499219	85
8499220	86
8499224	85
8499226	85
8499227	85
8499228	84
8499232	84
8499234	86
8499235	86
8499236	85
8499264	85
8499265	87
8499266	87
8499267	87
8499268	86
8499328	85
8499329	87
8499330	87
8499331	87
8499332	86
8499344	87
8499352	87
8499354	87
8499355	87
8499356	86
8499360	86
8499362	88
8499363	86
8499364	87
8499392	85
8499393	87
8499394	87
8499395	85
8499396	86
8499408	87
8499416	85
8499418	87
8499419	87
8499420	86
8499424	86
8499426	86
8499427	86
8499428	87
8499456	84
8499457	86
8499458	86
8499459	86
8499460	85
8499472	86
8499480	86
8499482	86
8499483	86
8499484	85
8499488	85
8499490	87
8499491	87
8499492	86
8500224	85
8500225	87
8500226	87
8500227	87
8500228	86
8500232	87
8500240	87
8500242	89
8500243	87
8500244	88
8500248	87
8500250	87
8500251	87
8500252	86
8500256	86
8500258	88
8500259	86
8500260	87
8500736	85
8500737	87
8500738	87
8500739	85
8500740	86
8500744	87
8500752	87
8500754	89
8500755	87
8500756	88
8500760	85
8500762	85
8500763	87
8500764	84
8500768	86
8500770	88
8500771	86
8500772	87
8500864	85
8500865	87
8500866	87
8500867	87
8500868	86
8500928	85
8500929	87
8500930	87
8500931	87
8500932	86
8500944	87
8500952	87
8500954	87
8500955	87
8500956	86
8500960	86
8500962	88
8500963	86
8500964	87
8500992	86
8500993	86
8500994	86
8500995	86
8500996	85
8501008	86
8501016	86
8501018	86
8501019	86
8501020	85
8501024	87
8501026	87
8501027	87
8501028	86
8501248	84
8501249	86
8501250	86
8501251	86
8501252	85
8501256	86
8501264	86
8501266	88
8501267	86
8501268	87
8501272	86
8501274	86
8501275	86
8501276	85
8501280	85
8501282	87
8501283	85
8501284	86
8501376	86
8501377	88
8501378	88
8501379	88
8501380	87
8501440	84
8501441	86
8501442	86
8501443	84
8501444	85
8501456	86
8501464	86
8501466	88
8501467	86
8501468	87
8501472	85
8501474	87
8501475	85
8501476	86
8501504	85
8501505	87
8501506	87
8501507	87
8501508	86
8501520	87
8501528	87
8501530	87
8501531	87
8501532	86
8501536	86
8501538	88
8501539	86
8501540	87
8503296	84
8503297	86
8503298	86
8503299	84
8503300	85
8503304	86
8503312	86
8503314	88
8503315	86
8503316	87
8503320	84
8503322	84
8503323	86
8503324	83
8503328	85
8503330	87
8503331	85
8503332	86
8503360	86
8503361	86
8503362	86
8503363	86
8503364	85
8503424	86
8503425	86
8503426	86
8503427	86
8503428	85
8503440	86
8503448	86
8503450	86
8503451	86
8503452	85
8503456	85
8503458	87
8503459	85
8503460	86
8503488	84
8503489	86
8503490	86
8503491	84
8503492	85
8503504	86
8503512	86
8503514	86
8503515	86
8503516	85
8503520	85
8503522	87
8503523	85
8503524	86
8503552	85
8503553	85
8503554	85
8503555	85
8503556	84
8503568	85
8503576	85
8503578	85
8503579	85
8503580	84
8503584	86
8503586	86
8503587	86
8503588	85
8504320	84
8504321	86
8504322	86
8504323	86
8504324	85
8504328	86
8504336	86
8504338	88
8504339	86
8504340	87
8504344	86
8504346	86
8504347	86
8504348	85
8504352	85
8504354	87
8504355	85
8504356	86
8504832	84
8504833	86
8504834	86
8504835	84
8504836	85
8504840	86
8504848	86
8504850	88
8504851	86
8504852	87
8504856	84
8504858	84
8504859	86
8504860	83
8504864	85
8504866	87
8504867	85
8504868	86
8504960	86
8504961	86
8504962	86
8504963	86
8504964	85
8505024	86
8505025	86
8505026	86
8505027	86
8505028	85
8505040	86
8505048	86
8505050	86
8505051	86
8505052	85
8505056	87
8505058	87
8505059	87
8505060	86
8505088	85
8505089	85
8505090	85
8505091	85
8505092	84
8505104	85
8505112	85
8505114	85
8505115	85
8505116	84
8505120	86
8505122	86
8505123	86
8505124	85
8505344	85
8505345	87
8505346	87
8505347	85
8505348	86
8505352	87
8505360	87
8505362	89
8505363	87
8505364	88
8505368	85
8505370	85
8505371	87
8505372	84
8505376	86
8505378	88
8505379	86
8505380	87
8505472	85
8505473	87
8505474	87
8505475	87
8505476	86
8505536	85
8505537	87
8505538	87
8505539	85
8505540	86
8505552	87
8505560	87
8505562	87
8505563	87
8505564	86
8505568	86
8505570	88
8505571	86
8505572	87
8505600	86
8505601	86
8505602	86
8505603	86
8505604	85
8505616	86
8505624	86
8505626	86
8505627	86
8505628	85
8505632	87
8505634	87
8505635	87
8505636	86
8519680	82
8519681	84
8519682	84
8519683	84
8519684	83
8519688	84
8519696	84
8519698	86
8519699	84
8519700	85
8519704	84
8519706	84
8519707	84
8519708	83
8519712	83
8519714	85
8519715	85
8519716	84
8519744	84
8519745	86
8519746	86
8519747	86
8519748	85
8519808	84
8519809	86
8519810	86
8519811	86
8519812	85
8519824	86
8519832	86
8519834	86
8519835	86
8519836	85
8519840	85
8519842	87
8519843	85
8519844	86
8519872	84
8519873	86
8519874	86
8519875	84
8519876	85
8519888	86
8519896	84
8519898	86
8519899	86
8519900	85
8519904	85
8519906	85
8519907	85
8519908	86
8519936	83
8519937	85
8519938	85
8519939	85
8519940	84
8519952	85
8519960	85
8519962	85
8519963	85
8519964	84
8519968	84
8519970	86
8519971	86
8519972	85
8520192	84
8520193	86
8520194	86
8520195	86
8520196	85
8520200	86
8520208	86
8520210	88
8520211	86
8520212	87
8520216	86
8520218	86
8520219	86
8520220	85
8520224	85
8520226	87
8520227	85
8520228	86
8520704	84
8520705	86
8520706	86
8520707	86
8520708	85
8520712	86
8520720	86
8520722	88
8520723	86
8520724	87
8520728	86
8520730	86
8520731	86
8520732	85
8520736	85
8520738	87
8520739	85
8520740	86
8520832	86
8520833	88
8520834	88
8520835	88
8520836	87
8520896	84
8520897	86
8520898	86
8520899	84
8520900	85
8520912	86
8520920	86
8520922	88
8520923	86
8520924	87
8520928	85
8520930	87
8520931	85
8520932	86
8520960	85
8520961	87
8520962	87
8520963	87
8520964	86
8520976	87
8520984	85
8520986	87
8520987	87
8520988	86
8520992	86
8520994	88
8520995	86
8520996	87
8521216	84
8521217	86
8521218	86
8521219	84
8521220	85
8521224	86
8521232	86
8521234	88
8521235	86
8521236	87
8521240	84
8521242	84
8521243	86
8521244	83
8521248	85
8521250	87
8521251	85
8521252	86
8521344	84
8521345	86
8521346	86
8521347	86
8521348	85
8521408	84
8521409	86
8521410	86
8521411	86
8521412	85
8521424	86
8521432	86
8521434	86
8521435	86
8521436	85
8521440	85
8521442	87
8521443	85
8521444	86
8521472	85
8521473	85
8521474	85
8521475	85
8521476	84
8521488	85
8521496	85
8521498	85
8521499	85
8521500	84
8521504	86
8521506	86
8521507	86
8521508	85
8521728	83
8521729	85
8521730	85
8521731	85
8521732	84
8521736	85
8521744	85
8521746	87
8521747	85
8521748	86
8521752	85
8521754	85
8521755	85
8521756	84
8521760	84
8521762	86
8521763	84
8521764	85
8521856	85
8521857	87
8521858	87
8521859	87
8521860	86
8521920	83
8521921	85
8521922	85
8521923	83
8521924	84
8521936	85
8521944	85
8521946	87
8521947	85
8521948	86
8521952	84
8521954	86
8521955	84
8521956	85
8521984	84
8521985	86
8521986	86
8521987	86
8521988	85
8522000	86
8522008	86
8522010	86
8522011	86
8522012	85
8522016	85
8522018	87
8522019	85
8522020	86
8527872	84
8527873	86
8527874	86
8527875	86
8527876	85
8527880	86
8527888	86
8527890	88
8527891	86
8527892	87
8527896	86
8527898	86
8527899	86
8527900	85
8527904	85
8527906	87
8527907	87
8527908	86
8527936	86
8527937	88
8527938	88
8527939	88
8527940	87
8528000	86
8528001	88
8528002	88
8528003	88
8528004	87
8528016	88
8528024	88
8528026	88
8528027	88
8528028	87
8528032	87
8528034	89
8528035	87
8528036	88
8528064	86
8528065	88
8528066	88
8528067	86
8528068	87
8528080	88
8528088	86
8528090	88
8528091	88
8528092	87
8528096	87
8528098	87
8528099	87
8528100	88
8528128	85
8528129	87
8528130	87
8528131	87
8528132	86
8528144	87
8528152	87
8528154	87
8528155	87
8528156	86
8528160	86
8528162	88
8528163	88
8528164	87
8531968	82
8531969	84
8531970	84
8531971	84
8531972	83
8531976	84
8531984	84
8531986	86
8531987	84
8531988	85
8531992	84
8531994	86
8531995	84
8531996	85
8532000	83
8532002	85
8532003	83
8532004	84
8532032	84
8532033	86
8532034	86
8532035	86
8532036	85
8532096	84
8532097	86
8532098	86
8532099	84
8532100	85
8532112	86
8532120	86
8532122	86
8532123	86
8532124	85
8532128	85
8532130	87
8532131	85
8532132	86
8532160	82
8532161	84
8532162	84
8532163	82
8532164	83
8532176	84
8532184	84
8532186	86
8532187	84
8532188	85
8532192	83
8532194	85
8532195	83
8532196	84
8532224	83
8532225	85
8532226	85
8532227	85
8532228	84
8532240	85
8532248	85
8532250	87
8532251	85
8532252	86
8532256	84
8532258	86
8532259	84
8532260	85
8532992	84
8532993	86
8532994	86
8532995	86
8532996	85
8533000	86
8533008	86
8533010	88
8533011	86
8533012	87
8533016	86
8533018	86
8533019	86
8533020	85
8533024	85
8533026	87
8533027	85
8533028	86
8533504	84
8533505	86
8533506	86
8533507	86
8533508	85
8533512	86
8533520	86
8533522	88
8533523	86
8533524	87
8533528	86
8533530	86
8533531	86
8533532	85
8533536	85
8533538	87
8533539	85
8533540	86
8533632	86
8533633	88
8533634	88
8533635	88
8533636	87
8533696	84
8533697	86
8533698	86
8533699	86
8533700	85
8533712	86
8533720	86
8533722	88
8533723	86
8533724	87
8533728	85
8533730	87
8533731	85
8533732	86
8533760	85
8533761	87
8533762	87
8533763	87
8533764	86
8533776	87
8533784	87
8533786	87
8533787	87
8533788	86
8533792	86
8533794	88
8533795	86
8533796	87
8534016	83
8534017	85
8534018	85
8534019	85
8534020	84
8534024	85
8534032	85
8534034	87
8534035	85
8534036	86
8534040	85
8534042	87
8534043	85
8534044	86
8534048	84
8534050	86
8534051	84
8534052	85
8534144	85
8534145	87
8534146	87
8534147	87
8534148	86
8534208	83
8534209	85
8534210	85
8534211	83
8534212	84
8534224	85
8534232	85
8534234	87
8534235	85
8534236	86
8534240	84
8534242	86
8534243	84
8534244	85
8534272	84
8534273	86
8534274	86
8534275	86
8534276	85
8534288	86
8534296	86
8534298	88
8534299	86
8534300	87
8534304	85
8534306	87
8534307	85
8534308	86
8536064	83
8536065	85
8536066	85
8536067	85
8536068	84
8536072	85
8536080	85
8536082	87
8536083	85
8536084	86
8536088	85
8536090	85
8536091	85
8536092	84
8536096	84
8536098	86
8536099	86
8536100	85
8536128	85
8536129	87
8536130	87
8536131	87
8536132	86
8536192	85
8536193	87
8536194	87
8536195	87
8536196	86
8536208	87
8536216	87
8536218	87
8536219	87
8536220	86
8536224	86
8536226	88
8536227	86
8536228	87
8536256	85
8536257	87
8536258	87
8536259	85
8536260	86
8536272	87
8536280	85
8536282	87
8536283	87
8536284	86
8536288	86
8536290	86
8536291	86
8536292	87
8536320	84
8536321	86
8536322	86
8536323	86
8536324	85
8536336	86
8536344	86
8536346	86
8536347	86
8536348	85
8536352	85
8536354	87
8536355	87
8536356	86
8537088	85
8537089	87
8537090	87
8537091	87
8537092	86
8537096	87
8537104	87
8537106	89
8537107	87
8537108	88
8537112	87
8537114	87
8537115	87
8537116	86
8537120	86
8537122	88
8537123	86
8537124	87
8537600	85
8537601	87
8537602	87
8537603	85
8537604	86
8537608	87
8537616	87
8537618	89
8537619	87
8537620	88
8537624	85
8537626	85
8537627	87
8537628	84
8537632	86
8537634	88
8537635	86
8537636	87
8537728	85
8537729	87
8537730	87
8537731	87
8537732	86
8537792	85
8537793	87
8537794	87
8537795	87
8537796	86
8537808	87
8537816	87
8537818	87
8537819	87
8537820	86
8537824	86
8537826	88
8537827	86
8537828	87
8537856	86
8537857	86
8537858	86
8537859	86
8537860	85
8537872	86
8537880	86
8537882	86
8537883	86
8537884	85
8537888	87
8537890	87
8537891	87
8537892	86
8538112	84
8538113	86
8538114	86
8538115	86
8538116	85
8538120	86
8538128	86
8538130	88
8538131	86
8538132	87
8538136	86
8538138	86
8538139	86
8538140	85
8538144	85
8538146	87
8538147	85
8538148	86
8538240	86
8538241	88
8538242	88
8538243	88
8538244	87
8538304	84
8538305	86
8538306	86
8538307	84
8538308	85
8538320	86
8538328	86
8538330	88
8538331	86
8538332	87
8538336	85
8538338	87
8538339	85
8538340	86
8538368	85
8538369	87
8538370	87
8538371	87
8538372	86
8538384	87
8538392	87
8538394	87
8538395	87
8538396	86
8538400	86
8538402	88
8538403	86
8538404	87
8912896	83
8912897	85
8912898	85
8912899	85
8912900	84
8912904	85
8912912	85
8912914	87
8912915	85
8912916	86
8912920	85
8912922	85
8912923	85
8912924	84
8912928	84
8912930	86
8912931	86
8912932	85
8912960	85
8912961	87
8912962	87
8912963	87
8912964	86
8913024	85
8913025	87
8913026	87
8913027	87
8913028	86
8913040	87
8913048	87
8913050	87
8913051	87
8913052	86
8913056	86
8913058	88
8913059	86
8913060	87
8913088	85
8913089	87
8913090	87
8913091	85
8913092	86
8913104	87
8913112	85
8913114	87
8913115	87
8913116	86
8913120	86
8913122	86
8913123	86
8913124	87
8913152	84
8913153	86
8913154	86
8913155	86
8913156	85
8913168	86
8913176	86
8913178	86
8913179	86
8913180	85
8913184	85
8913186	87
8913187	87
8913188	86
8913408	85
8913409	87
8913410	87
8913411	87
8913412	86
8913416	87
8913424	87
8913426	89
8913427	87
8913428	88
8913432	87
8913434	87
8913435	87
8913436	86
8913440	86
8913442	88
8913443	88
8913444	87
8913920	85
8913921	87
8913922	87
8913923	87
8913924	86
8913928	87
8913936	87
8913938	89
8913939	87
8913940	88
8913944	87
8913946	87
8913947	87
8913948	86
8913952	86
8913954	88
8913955	88
8913956	87
8914048	87
8914049	89
8914050	89
8914051	89
8914052	88
8914112	85
8914113	87
8914114	87
8914115	87
8914116	86
8914128	87
8914136	87
8914138	89
8914139	87
8914140	88
8914144	86
8914146	88
8914147	88
8914148	87
8914176	86
8914177	88
8914178	88
8914179	88
8914180	87
8914192	88
8914200	86
8914202	88
8914203	88
8914204	87
8914208	87
8914210	89
8914211	87
8914212	88
8914432	85
8914433	87
8914434	87
8914435	85
8914436	86
8914440	87
8914448	87
8914450	89
8914451	87
8914452	88
8914456	85
8914458	85
8914459	87
8914460	84
8914464	86
8914466	88
8914467	86
8914468	87
8914560	85
8914561	87
8914562	87
8914563	87
8914564	86
8914624	85
8914625	87
8914626	87
8914627	87
8914628	86
8914640	87
8914648	87
8914650	87
8914651	87
8914652	86
8914656	86
8914658	88
8914659	88
8914660	87
8914688	86
8914689	86
8914690	86
8914691	86
8914692	85
8914704	86
8914712	86
8914714	86
8914715	86
8914716	85
8914720	87
8914722	87
8914723	87
8914724	86
8914944	84
8914945	86
8914946	86
8914947	86
8914948	85
8914952	86
8914960	86
8914962	88
8914963	86
8914964	87
8914968	86
8914970	86
8914971	86
8914972	85
8914976	85
8914978	87
8914979	87
8914980	86
8915072	86
8915073	88
8915074	88
8915075	88
8915076	87
8915136	86
8915137	88
8915138	88
8915139	86
8915140	87
8915152	88
8915160	86
8915162	88
8915163	88
8915164	87
8915168	87
8915170	87
8915171	87
8915172	88
8915200	85
8915201	87
8915202	87
8915203	87
8915204	86
8915216	87
8915224	87
8915226	87
8915227	87
8915228	86
8915232	86
8915234	88
8915235	88
8915236	87
8916992	85
8916993	87
8916994	87
8916995	87
8916996	86
8917000	87
8917008	87
8917010	89
8917011	87
8917012	88
8917016	87
8917018	87
8917019	87
8917020	86
8917024	86
8917026	88
8917027	88
8917028	87
8917056	87
8917057	89
8917058	89
8917059	89
8917060	88
8917120	87
8917121	89
8917122	89
8917123	89
8917124	88
8917136	89
8917144	89
8917146	89
8917147	89
8917148	88
8917152	88
8917154	90
8917155	88
8917156	89
8917184	87
8917185	89
8917186	89
8917187	87
8917188	88
8917200	89
8917208	87
8917210	89
8917211	89
8917212	88
8917216	88
8917218	88
8917219	88
8917220	89
8917248	86
8917249	88
8917250	88
8917251	88
8917252	87
8917264	88
8917272	88
8917274	88
8917275	88
8917276	87
8917280	87
8917282	89
8917283	89
8917284	88
8921088	85
8921089	87
8921090	87
8921091	87
8921092	86
8921096	87
8921104	87
8921106	89
8921107	87
8921108	88
8921112	87
8921114	87
8921115	87
8921116	86
8921120	86
8921122	88
8921123	88
8921124	87
8921152	87
8921153	89
8921154	89
8921155	89
8921156	88
8921216	87
8921217	89
8921218	89
8921219	89
8921220	88
8921232	89
8921240	89
8921242	89
8921243	89
8921244	88
8921248	88
8921250	90
8921251	88
8921252	89
8921280	87
8921281	89
8921282	89
8921283	87
8921284	88
8921296	89
8921304	87
8921306	89
8921307	89
8921308	88
8921312	88
8921314	88
8921315	88
8921316	89
8921344	86
8921345	88
8921346	88
8921347	88
8921348	87
8921360	88
8921368	88
8921370	88
8921371	88
8921372	87
8921376	87
8921378	89
8921379	89
8921380	88
8922112	87
8922113	89
8922114	89
8922115	89
8922116	88
8922120	89
8922128	89
8922130	91
8922131	89
8922132	90
8922136	89
8922138	89
8922139	89
8922140	88
8922144	88
8922146	90
8922147	88
8922148	89
8922624	87
8922625	89
8922626	89
8922627	87
8922628	88
8922632	89
8922640	89
8922642	91
8922643	89
8922644	90
8922648	87
8922650	87
8922651	89
8922652	86
8922656	88
8922658	90
8922659	88
8922660	89
8922752	87
8922753	89
8922754	89
8922755	89
8922756	88
8922816	87
8922817	89
8922818	89
8922819	89
8922820	88
8922832	89
8922840	89
8922842	89
8922843	89
8922844	88
8922848	88
8922850	90
8922851	88
8922852	89
8922880	88
8922881	88
8922882	88
8922883	88
8922884	87
8922896	88
8922904	88
8922906	88
8922907	88
8922908	87
8922912	89
8922914	89
8922915	89
8922916	88
8923136	86
8923137	88
8923138	88
8923139	88
8923140	87
8923144	88
8923152	88
8923154	90
8923155	88
8923156	89
8923160	88
8923162	88
8923163	88
8923164	87
8923168	87
8923170	89
8923171	87
8923172	88
8923264	88
8923265	90
8923266	90
8923267	90
8923268	89
8923328	86
8923329	88
8923330	88
8923331	86
8923332	87
8923344	88
8923352	88
8923354	90
8923355	88
8923356	89
8923360	87
8923362	89
8923363	87
8923364	88
8923392	87
8923393	89
8923394	89
8923395	89
8923396	88
8923408	89
8923416	89
8923418	89
8923419	89
8923420	88
8923424	88
8923426	90
8923427	88
8923428	89
8925184	85
8925185	87
8925186	87
8925187	87
8925188	86
8925192	87
8925200	87
8925202	87
8925203	87
8925204	88
8925208	87
8925210	87
8925211	87
8925212	86
8925216	86
8925218	88
8925219	86
8925220	87
8925248	87
8925249	89
8925250	89
8925251	89
8925252	88
8925312	87
8925313	89
8925314	89
8925315	87
8925316	88
8925328	89
8925336	89
8925338	89
8925339	89
8925340	88
8925344	88
8925346	90
8925347	88
8925348	89
8925376	85
8925377	87
8925378	87
8925379	85
8925380	86
8925392	87
8925400	87
8925402	89
8925403	87
8925404	88
8925408	86
8925410	86
8925411	86
8925412	87
8925440	86
8925441	88
8925442	88
8925443	88
8925444	87
8925456	88
8925464	88
8925466	88
8925467	88
8925468	87
8925472	87
8925474	89
8925475	87
8925476	88
8926208	87
8926209	89
8926210	89
8926211	87
8926212	88
8926216	89
8926224	89
8926226	89
8926227	89
8926228	90
8926232	89
8926234	89
8926235	89
8926236	88
8926240	88
8926242	88
8926243	88
8926244	89
8926720	85
8926721	87
8926722	87
8926723	87
8926724	86
8926728	87
8926736	87
8926738	89
8926739	87
8926740	88
8926744	87
8926746	87
8926747	87
8926748	86
8926752	86
8926754	88
8926755	88
8926756	87
8926848	87
8926849	89
8926850	89
8926851	89
8926852	88
8926912	87
8926913	89
8926914	89
8926915	87
8926916	88
8926928	89
8926936	87
8926938	89
8926939	89
8926940	88
8926944	88
8926946	88
8926947	88
8926948	89
8926976	86
8926977	88
8926978	88
8926979	88
8926980	87
8926992	88
8927000	88
8927002	88
8927003	88
8927004	87
8927008	87
8927010	89
8927011	89
8927012	88
8927232	86
8927233	88
8927234	88
8927235	86
8927236	87
8927240	88
8927248	88
8927250	88
8927251	88
8927252	89
8927256	88
8927258	88
8927259	88
8927260	87
8927264	87
8927266	87
8927267	87
8927268	88
8927360	86
8927361	88
8927362	88
8927363	88
8927364	87
8927424	86
8927425	88
8927426	88
8927427	86
8927428	87
8927440	88
8927448	88
8927450	88
8927451	88
8927452	89
8927456	87
8927458	87
8927459	87
8927460	88
8927488	87
8927489	89
8927490	89
8927491	87
8927492	88
8927504	89
8927512	87
8927514	89
8927515	89
8927516	88
8927520	88
8927522	88
8927523	88
8927524	89
8929280	84
8929281	86
8929282	86
8929283	86
8929284	85
8929288	86
8929296	86
8929298	88
8929299	86
8929300	87
8929304	86
8929306	86
8929307	86
8929308	85
8929312	85
8929314	87
8929315	87
8929316	86
8929344	86
8929345	88
8929346	88
8929347	88
8929348	87
8929408	86
8929409	88
8929410	88
8929411	88
8929412	87
8929424	88
8929432	88
8929434	88
8929435	88
8929436	87
8929440	87
8929442	89
8929443	87
8929444	88
8929472	86
8929473	88
8929474	88
8929475	86
8929476	87
8929488	88
8929496	86
8929498	88
8929499	88
8929500	87
8929504	87
8929506	87
8929507	87
8929508	88
8929536	85
8929537	87
8929538	87
8929539	87
8929540	86
8929552	87
8929560	87
8929562	87
8929563	87
8929564	86
8929568	86
8929570	88
8929571	88
8929572	87
8930304	86
8930305	88
8930306	88
8930307	88
8930308	87
8930312	88
8930320	88
8930322	90
8930323	88
8930324	89
8930328	88
8930330	88
8930331	88
8930332	87
8930336	87
8930338	89
8930339	87
8930340	88
8930816	86
8930817	88
8930818	88
8930819	86
8930820	87
8930824	88
8930832	88
8930834	90
8930835	88
8930836	89
8930840	86
8930842	86
8930843	88
8930844	85
8930848	87
8930850	89
8930851	87
8930852	88
8930944	86
8930945	88
8930946	88
8930947	88
8930948	87
8931008	86
8931009	88
8931010	88
8931011	88
8931012	87
8931024	88
8931032	88
8931034	88
8931035	88
8931036	87
8931040	87
8931042	89
8931043	89
8931044	88
8931072	87
8931073	87
8931074	87
8931075	87
8931076	86
8931088	87
8931096	87
8931098	87
8931099	87
8931100	86
8931104	88
8931106	88
8931107	88
8931108	87
8931328	85
8931329	87
8931330	87
8931331	87
8931332	86
8931336	87
8931344	87
8931346	89
8931347	87
8931348	88
8931352	87
8931354	87
8931355	87
8931356	86
8931360	86
8931362	88
8931363	88
8931364	87
8931456	87
8931457	89
8931458	89
8931459	89
8931460	88
8931520	87
8931521	89
8931522	89
8931523	87
8931524	88
8931536	89
8931544	87
8931546	89
8931547	89
8931548	88
8931552	88
8931554	88
8931555	88
8931556	89
8931584	86
8931585	88
8931586	88
8931587	88
8931588	87
8931600	88
8931608	88
8931610	88
8931611	88
8931612	87
8931616	87
8931618	89
8931619	89
8931620	88
9175040	81
9175041	83
9175042	83
9175043	83
9175044	82
9175048	83
9175056	83
9175058	85
9175059	83
9175060	84
9175064	83
9175066	85
9175067	83
9175068	84
9175072	82
9175074	84
9175075	84
9175076	83
9175104	83
9175105	85
9175106	85
9175107	85
9175108	84
9175168	83
9175169	85
9175170	85
9175171	85
9175172	84
9175184	85
9175192	85
9175194	85
9175195	85
9175196	84
9175200	84
9175202	86
9175203	84
9175204	85
9175232	83
9175233	85
9175234	85
9175235	83
9175236	84
9175248	85
9175256	83
9175258	85
9175259	85
9175260	84
9175264	84
9175266	84
9175267	84
9175268	85
9175296	82
9175297	84
9175298	84
9175299	84
9175300	83
9175312	84
9175320	84
9175322	86
9175323	84
9175324	85
9175328	83
9175330	85
9175331	85
9175332	84
9175552	83
9175553	85
9175554	85
9175555	85
9175556	84
9175560	85
9175568	85
9175570	87
9175571	85
9175572	86
9175576	85
9175578	87
9175579	85
9175580	86
9175584	84
9175586	86
9175587	84
9175588	85
9176064	83
9176065	85
9176066	85
9176067	85
9176068	84
9176072	85
9176080	85
9176082	87
9176083	85
9176084	86
9176088	85
9176090	87
9176091	85
9176092	86
9176096	84
9176098	86
9176099	84
9176100	85
9176192	85
9176193	87
9176194	87
9176195	87
9176196	86
9176256	83
9176257	85
9176258	85
9176259	83
9176260	84
9176272	85
9176280	85
9176282	87
9176283	85
9176284	86
9176288	84
9176290	86
9176291	84
9176292	85
9176320	84
9176321	86
9176322	86
9176323	86
9176324	85
9176336	86
9176344	86
9176346	86
9176347	86
9176348	85
9176352	85
9176354	87
9176355	85
9176356	86
9176576	83
9176577	85
9176578	85
9176579	85
9176580	84
9176584	85
9176592	85
9176594	87
9176595	85
9176596	86
9176600	85
9176602	85
9176603	85
9176604	84
9176608	84
9176610	86
9176611	84
9176612	85
9176704	85
9176705	87
9176706	87
9176707	87
9176708	86
9176768	83
9176769	85
9176770	85
9176771	85
9176772	84
9176784	85
9176792	85
9176794	87
9176795	85
9176796	86
9176800	84
9176802	86
9176803	84
9176804	85
9176832	84
9176833	86
9176834	86
9176835	86
9176836	85
9176848	86
9176856	86
9176858	86
9176859	86
9176860	85
9176864	85
9176866	87
9176867	85
9176868	86
9177088	82
9177089	84
9177090	84
9177091	84
9177092	83
9177096	84
9177104	84
9177106	86
9177107	84
9177108	85
9177112	84
9177114	86
9177115	84
9177116	85
9177120	83
9177122	85
9177123	83
9177124	84
9177216	84
9177217	86
9177218	86
9177219	86
9177220	85
9177280	82
9177281	84
9177282	84
9177283	82
9177284	83
9177296	84
9177304	84
9177306	86
9177307	84
9177308	85
9177312	83
9177314	85
9177315	83
9177316	84
9177344	83
9177345	85
9177346	85
9177347	85
9177348	84
9177360	85
9177368	85
9177370	87
9177371	85
9177372	86
9177376	84
9177378	86
9177379	84
9177380	85
9179136	83
9179137	85
9179138	85
9179139	85
9179140	84
9179144	85
9179152	85
9179154	87
9179155	85
9179156	86
9179160	85
9179162	87
9179163	85
9179164	86
9179168	84
9179170	86
9179171	86
9179172	85
9179200	85
9179201	87
9179202	87
9179203	87
9179204	86
9179264	85
9179265	87
9179266	87
9179267	87
9179268	86
9179280	87
9179288	87
9179290	87
9179291	87
9179292	86
9179296	86
9179298	88
9179299	86
9179300	87
9179328	85
9179329	87
9179330	87
9179331	85
9179332	86
9179344	87
9179352	85
9179354	87
9179355	87
9179356	86
9179360	86
9179362	86
9179363	86
9179364	87
9179392	84
9179393	86
9179394	86
9179395	86
9179396	85
9179408	86
9179416	86
9179418	88
9179419	86
9179420	87
9179424	85
9179426	87
9179427	87
9179428	86
9183232	83
9183233	85
9183234	85
9183235	85
9183236	84
9183240	85
9183248	85
9183250	87
9183251	85
9183252	86
9183256	85
9183258	87
9183259	85
9183260	86
9183264	84
9183266	86
9183267	84
9183268	85
9183296	85
9183297	87
9183298	87
9183299	87
9183300	86
9183360	85
9183361	87
9183362	87
9183363	85
9183364	86
9183376	87
9183384	87
9183386	87
9183387	87
9183388	86
9183392	86
9183394	88
9183395	86
9183396	87
9183424	83
9183425	85
9183426	85
9183427	83
9183428	84
9183440	85
9183448	85
9183450	87
9183451	85
9183452	86
9183456	84
9183458	86
9183459	84
9183460	85
9183488	84
9183489	86
9183490	86
9183491	86
9183492	85
9183504	86
9183512	86
9183514	88
9183515	86
9183516	87
9183520	85
9183522	87
9183523	85
9183524	86
9184256	85
9184257	87
9184258	87
9184259	85
9184260	86
9184264	87
9184272	87
9184274	89
9184275	87
9184276	88
9184280	87
9184282	87
9184283	87
9184284	86
9184288	86
9184290	88
9184291	86
9184292	87
9184768	85
9184769	87
9184770	87
9184771	85
9184772	86
9184776	87
9184784	87
9184786	89
9184787	87
9184788	88
9184792	85
9184794	87
9184795	87
9184796	86
9184800	86
9184802	88
9184803	86
9184804	87
9184896	85
9184897	87
9184898	87
9184899	87
9184900	86
9184960	85
9184961	87
9184962	87
9184963	87
9184964	86
9184976	87
9184984	87
9184986	87
9184987	87
9184988	86
9184992	86
9184994	88
9184995	86
9184996	87
9185024	86
9185025	86
9185026	86
9185027	86
9185028	85
9185040	86
9185048	86
9185050	88
9185051	86
9185052	87
9185056	87
9185058	87
9185059	87
9185060	86
9185280	84
9185281	86
9185282	86
9185283	86
9185284	85
9185288	86
9185296	86
9185298	88
9185299	86
9185300	87
9185304	86
9185306	86
9185307	86
9185308	85
9185312	85
9185314	87
9185315	85
9185316	86
9185408	86
9185409	88
9185410	88
9185411	88
9185412	87
9185472	84
9185473	86
9185474	86
9185475	84
9185476	85
9185488	86
9185496	86
9185498	88
9185499	86
9185500	87
9185504	85
9185506	87
9185507	85
9185508	86
9185536	85
9185537	87
9185538	87
9185539	87
9185540	86
9185552	87
9185560	87
9185562	87
9185563	87
9185564	86
9185568	86
9185570	88
9185571	86
9185572	87
9187328	81
9187329	83
9187330	83
9187331	83
9187332	82
9187336	83
9187344	83
9187346	85
9187347	83
9187348	84
9187352	83
9187354	85
9187355	83
9187356	84
9187360	82
9187362	84
9187363	82
9187364	83
9187392	83
9187393	85
9187394	85
9187395	85
9187396	84
9187456	83
9187457	85
9187458	85
9187459	83
9187460	84
9187472	85
9187480	85
9187482	85
9187483	85
9187484	84
9187488	84
9187490	86
9187491	84
9187492	85
9187520	81
9187521	83
9187522	83
9187523	81
9187524	82
9187536	83
9187544	83
9187546	85
9187547	83
9187548	84
9187552	82
9187554	84
9187555	82
9187556	83
9187584	82
9187585	84
9187586	84
9187587	84
9187588	83
9187600	84
9187608	84
9187610	86
9187611	84
9187612	85
9187616	83
9187618	85
9187619	83
9187620	84
9188352	83
9188353	85
9188354	85
9188355	85
9188356	84
9188360	85
9188368	85
9188370	87
9188371	85
9188372	86
9188376	85
9188378	87
9188379	85
9188380	86
9188384	84
9188386	86
9188387	84
9188388	85
9188864	83
9188865	85
9188866	85
9188867	85
9188868	84
9188872	85
9188880	85
9188882	87
9188883	85
9188884	86
9188888	85
9188890	87
9188891	85
9188892	86
9188896	84
9188898	86
9188899	84
9188900	85
9188992	85
9188993	87
9188994	87
9188995	87
9188996	86
9189056	83
9189057	85
9189058	85
9189059	85
9189060	84
9189072	85
9189080	85
9189082	87
9189083	85
9189084	86
9189088	84
9189090	86
9189091	84
9189092	85
9189120	84
9189121	86
9189122	86
9189123	86
9189124	85
9189136	86
9189144	86
9189146	88
9189147	86
9189148	87
9189152	85
9189154	87
9189155	85
9189156	86
9189376	82
9189377	84
9189378	84
9189379	84
9189380	83
9189384	84
9189392	84
9189394	86
9189395	84
9189396	85
9189400	84
9189402	86
9189403	84
9189404	85
9189408	83
9189410	85
9189411	83
9189412	84
9189504	84
9189505	86
9189506	86
9189507	86
9189508	85
9189568	82
9189569	84
9189570	84
9189571	82
9189572	83
9189584	84
9189592	84
9189594	86
9189595	84
9189596	85
9189600	83
9189602	85
9189603	83
9189604	84
9189632	83
9189633	85
9189634	85
9189635	85
9189636	84
9189648	85
9189656	85
9189658	87
9189659	85
9189660	86
9189664	84
9189666	86
9189667	84
9189668	85
9191424	82
9191425	84
9191426	84
9191427	84
9191428	83
9191432	84
9191440	84
9191442	86
9191443	84
9191444	85
9191448	84
9191450	86
9191451	84
9191452	85
9191456	83
9191458	85
9191459	85
9191460	84
9191488	84
9191489	86
9191490	86
9191491	86
9191492	85
9191552	84
9191553	86
9191554	86
9191555	86
9191556	85
9191568	86
9191576	86
9191578	86
9191579	86
9191580	85
9191584	85
9191586	87
9191587	85
9191588	86
9191616	84
9191617	86
9191618	86
9191619	84
9191620	85
9191632	86
9191640	84
9191642	86
9191643	86
9191644	85
9191648	85
9191650	85
9191651	85
9191652	86
9191680	83
9191681	85
9191682	85
9191683	85
9191684	84
9191696	85
9191704	85
9191706	87
9191707	85
9191708	86
9191712	84
9191714	86
9191715	86
9191716	85
9192448	84
9192449	86
9192450	86
9192451	86
9192452	85
9192456	86
9192464	86
9192466	88
9192467	86
9192468	87
9192472	86
9192474	86
9192475	86
9192476	85
9192480	85
9192482	87
9192483	85
9192484	86
9192960	84
9192961	86
9192962	86
9192963	86
9192964	85
9192968	86
9192976	86
9192978	88
9192979	86
9192980	87
9192984	86
9192986	86
9192987	86
9192988	85
9192992	85
9192994	87
9192995	85
9192996	86
9193088	86
9193089	88
9193090	88
9193091	88
9193092	87
9193152	84
9193153	86
9193154	86
9193155	86
9193156	85
9193168	86
9193176	86
9193178	88
9193179	86
9193180	87
9193184	85
9193186	87
9193187	85
9193188	86
9193216	85
9193217	87
9193218	87
9193219	87
9193220	86
9193232	87
9193240	87
9193242	87
9193243	87
9193244	86
9193248	86
9193250	88
9193251	86
9193252	87
9193472	83
9193473	85
9193474	85
9193475	85
9193476	84
9193480	85
9193488	85
9193490	87
9193491	85
9193492	86
9193496	85
9193498	87
9193499	85
9193500	86
9193504	84
9193506	86
9193507	84
9193508	85
9193600	85
9193601	87
9193602	87
9193603	87
9193604	86
9193664	83
9193665	85
9193666	85
9193667	83
9193668	84
9193680	85
9193688	85
9193690	87
9193691	85
9193692	86
9193696	84
9193698	86
9193699	84
9193700	85
9193728	84
9193729	86
9193730	86
9193731	86
9193732	85
9193744	86
9193752	86
9193754	88
9193755	86
9193756	87
9193760	85
9193762	87
9193763	85
9193764	86
9240576	83
9240577	85
9240578	85
9240579	85
9240580	84
9240584	85
9240592	85
9240594	87
9240595	85
9240596	86
9240600	85
9240602	85
9240603	85
9240604	84
9240608	84
9240610	86
9240611	86
9240612	85
9240640	85
9240641	87
9240642	87
9240643	87
9240644	86
9240704	85
9240705	87
9240706	87
9240707	87
9240708	86
9240720	87
9240728	87
9240730	87
9240731	87
9240732	86
9240736	86
9240738	88
9240739	86
9240740	87
9240768	85
9240769	87
9240770	87
9240771	85
9240772	86
9240784	87
9240792	85
9240794	87
9240795	87
9240796	86
9240800	86
9240802	86
9240803	86
9240804	87
9240832	84
9240833	86
9240834	86
9240835	86
9240836	85
9240848	86
9240856	86
9240858	86
9240859	86
9240860	85
9240864	85
9240866	87
9240867	87
9240868	86
9241088	85
9241089	87
9241090	87
9241091	87
9241092	86
9241096	87
9241104	87
9241106	89
9241107	87
9241108	88
9241112	87
9241114	87
9241115	87
9241116	86
9241120	86
9241122	88
9241123	86
9241124	87
9241600	85
9241601	87
9241602	87
9241603	87
9241604	86
9241608	87
9241616	87
9241618	89
9241619	87
9241620	88
9241624	87
9241626	87
9241627	87
9241628	86
9241632	86
9241634	88
9241635	86
9241636	87
9241728	87
9241729	89
9241730	89
9241731	89
9241732	88
9241792	85
9241793	87
9241794	87
9241795	85
9241796	86
9241808	87
9241816	87
9241818	89
9241819	87
9241820	88
9241824	86
9241826	88
9241827	86
9241828	87
9241856	86
9241857	88
9241858	88
9241859	88
9241860	87
9241872	88
9241880	88
9241882	88
9241883	88
9241884	87
9241888	87
9241890	89
9241891	87
9241892	88
9242112	85
9242113	87
9242114	87
9242115	85
9242116	86
9242120	87
9242128	87
9242130	89
9242131	87
9242132	88
9242136	85
9242138	85
9242139	87
9242140	84
9242144	86
9242146	88
9242147	86
9242148	87
9242240	85
9242241	87
9242242	87
9242243	87
9242244	86
9242304	85
9242305	87
9242306	87
9242307	87
9242308	86
9242320	87
9242328	87
9242330	87
9242331	87
9242332	86
9242336	86
9242338	88
9242339	86
9242340	87
9242368	86
9242369	86
9242370	86
9242371	86
9242372	85
9242384	86
9242392	86
9242394	86
9242395	86
9242396	85
9242400	87
9242402	87
9242403	87
9242404	86
9242624	84
9242625	86
9242626	86
9242627	86
9242628	85
9242632	86
9242640	86
9242642	88
9242643	86
9242644	87
9242648	86
9242650	86
9242651	86
9242652	85
9242656	85
9242658	87
9242659	85
9242660	86
9242752	86
9242753	88
9242754	88
9242755	88
9242756	87
9242816	84
9242817	86
9242818	86
9242819	84
9242820	85
9242832	86
9242840	86
9242842	88
9242843	86
9242844	87
9242848	85
9242850	87
9242851	85
9242852	86
9242880	85
9242881	87
9242882	87
9242883	87
9242884	86
9242896	87
9242904	87
9242906	87
9242907	87
9242908	86
9242912	86
9242914	88
9242915	86
9242916	87
9273344	83
9273345	85
9273346	85
9273347	85
9273348	84
9273352	85
9273360	85
9273362	87
9273363	85
9273364	86
9273368	85
9273370	85
9273371	85
9273372	84
9273376	84
9273378	86
9273379	86
9273380	85
9273408	85
9273409	87
9273410	87
9273411	87
9273412	86
9273472	85
9273473	87
9273474	87
9273475	87
9273476	86
9273488	87
9273496	87
9273498	87
9273499	87
9273500	86
9273504	86
9273506	88
9273507	86
9273508	87
9273536	85
9273537	87
9273538	87
9273539	85
9273540	86
9273552	87
9273560	85
9273562	87
9273563	87
9273564	86
9273568	86
9273570	86
9273571	86
9273572	87
9273600	84
9273601	86
9273602	86
9273603	86
9273604	85
9273616	86
9273624	86
9273626	86
9273627	86
9273628	85
9273632	85
9273634	87
9273635	87
9273636	86
9273856	85
9273857	87
9273858	87
9273859	87
9273860	86
9273864	87
9273872	87
9273874	89
9273875	87
9273876	88
9273880	87
9273882	87
9273883	87
9273884	86
9273888	86
9273890	88
9273891	86
9273892	87
9274368	85
9274369	87
9274370	87
9274371	87
9274372	86
9274376	87
9274384	87
9274386	89
9274387	87
9274388	88
9274392	87
9274394	87
9274395	87
9274396	86
9274400	86
9274402	88
9274403	86
9274404	87
9274496	87
9274497	89
9274498	89
9274499	89
9274500	88
9274560	85
9274561	87
9274562	87
9274563	85
9274564	86
9274576	87
9274584	87
9274586	89
9274587	87
9274588	88
9274592	86
9274594	88
9274595	86
9274596	87
9274624	86
9274625	88
9274626	88
9274627	88
9274628	87
9274640	88
9274648	86
9274650	88
9274651	88
9274652	87
9274656	87
9274658	89
9274659	87
9274660	88
9274880	85
9274881	87
9274882	87
9274883	85
9274884	86
9274888	87
9274896	87
9274898	89
9274899	87
9274900	88
9274904	85
9274906	85
9274907	87
9274908	84
9274912	86
9274914	88
9274915	86
9274916	87
9275008	85
9275009	87
9275010	87
9275011	87
9275012	86
9275072	85
9275073	87
9275074	87
9275075	87
9275076	86
9275088	87
9275096	87
9275098	87
9275099	87
9275100	86
9275104	86
9275106	88
9275107	86
9275108	87
9275136	86
9275137	86
9275138	86
9275139	86
9275140	85
9275152	86
9275160	86
9275162	86
9275163	86
9275164	85
9275168	87
9275170	87
9275171	87
9275172	86
9275392	84
9275393	86
9275394	86
9275395	86
9275396	85
9275400	86
9275408	86
9275410	88
9275411	86
9275412	87
9275416	86
9275418	86
9275419	86
9275420	85
9275424	85
9275426	87
9275427	85
9275428	86
9275520	86
9275521	88
9275522	88
9275523	88
9275524	87
9275584	84
9275585	86
9275586	86
9275587	84
9275588	85
9275600	86
9275608	86
9275610	88
9275611	86
9275612	87
9275616	85
9275618	87
9275619	85
9275620	86
9275648	85
9275649	87
9275650	87
9275651	87
9275652	86
9275664	87
9275672	87
9275674	87
9275675	87
9275676	86
9275680	86
9275682	88
9275683	86
9275684	87
9281536	85
9281537	87
9281538	87
9281539	87
9281540	86
9281544	87
9281552	87
9281554	89
9281555	87
9281556	88
9281560	87
9281562	87
9281563	87
9281564	86
9281568	86
9281570	88
9281571	88
9281572	87
9281600	87
9281601	89
9281602	89
9281603	89
9281604	88
9281664	87
9281665	89
9281666	89
9281667	89
9281668	88
9281680	89
9281688	89
9281690	89
9281691	89
9281692	88
9281696	88
9281698	90
9281699	88
9281700	89
9281728	87
9281729	89
9281730	89
9281731	87
9281732	88
9281744	89
9281752	87
9281754	89
9281755	89
9281756	88
9281760	88
9281762	88
9281763	88
9281764	89
9281792	86
9281793	88
9281794	88
9281795	88
9281796	87
9281808	88
9281816	88
9281818	88
9281819	88
9281820	87
9281824	87
9281826	89
9281827	89
9281828	88
9285632	83
9285633	85
9285634	85
9285635	85
9285636	84
9285640	85
9285648	85
9285650	87
9285651	85
9285652	86
9285656	85
9285658	87
9285659	85
9285660	86
9285664	84
9285666	86
9285667	86
9285668	85
9285696	85
9285697	87
9285698	87
9285699	87
9285700	86
9285760	85
9285761	87
9285762	87
9285763	87
9285764	86
9285776	87
9285784	87
9285786	87
9285787	87
9285788	86
9285792	86
9285794	88
9285795	86
9285796	87
9285824	85
9285825	87
9285826	87
9285827	85
9285828	86
9285840	87
9285848	85
9285850	87
9285851	87
9285852	86
9285856	86
9285858	86
9285859	86
9285860	87
9285888	84
9285889	86
9285890	86
9285891	86
9285892	85
9285904	86
9285912	86
9285914	88
9285915	86
9285916	87
9285920	85
9285922	87
9285923	87
9285924	86
9286656	85
9286657	87
9286658	87
9286659	87
9286660	86
9286664	87
9286672	87
9286674	89
9286675	87
9286676	88
9286680	87
9286682	87
9286683	87
9286684	86
9286688	86
9286690	88
9286691	86
9286692	87
9287168	85
9287169	87
9287170	87
9287171	87
9287172	86
9287176	87
9287184	87
9287186	89
9287187	87
9287188	88
9287192	87
9287194	87
9287195	87
9287196	86
9287200	86
9287202	88
9287203	86
9287204	87
9287296	87
9287297	89
9287298	89
9287299	89
9287300	88
9287360	85
9287361	87
9287362	87
9287363	87
9287364	86
9287376	87
9287384	87
9287386	89
9287387	87
9287388	88
9287392	86
9287394	88
9287395	86
9287396	87
9287424	86
9287425	88
9287426	88
9287427	88
9287428	87
9287440	88
9287448	88
9287450	88
9287451	88
9287452	87
9287456	87
9287458	89
9287459	87
9287460	88
9287680	84
9287681	86
9287682	86
9287683	86
9287684	85
9287688	86
9287696	86
9287698	88
9287699	86
9287700	87
9287704	86
9287706	88
9287707	86
9287708	87
9287712	85
9287714	87
9287715	85
9287716	86
9287808	86
9287809	88
9287810	88
9287811	88
9287812	87
9287872	84
9287873	86
9287874	86
9287875	84
9287876	85
9287888	86
9287896	86
9287898	88
9287899	86
9287900	87
9287904	85
9287906	87
9287907	85
9287908	86
9287936	85
9287937	87
9287938	87
9287939	87
9287940	86
9287952	87
9287960	87
9287962	89
9287963	87
9287964	88
9287968	86
9287970	88
9287971	86
9287972	87
9289728	84
9289729	86
9289730	86
9289731	86
9289732	85
9289736	86
9289744	86
9289746	88
9289747	86
9289748	87
9289752	86
9289754	86
9289755	86
9289756	85
9289760	85
9289762	87
9289763	87
9289764	86
9289792	86
9289793	88
9289794	88
9289795	88
9289796	87
9289856	86
9289857	88
9289858	88
9289859	88
9289860	87
9289872	88
9289880	88
9289882	88
9289883	88
9289884	87
9289888	87
9289890	89
9289891	87
9289892	88
9289920	86
9289921	88
9289922	88
9289923	86
9289924	87
9289936	88
9289944	86
9289946	88
9289947	88
9289948	87
9289952	87
9289954	87
9289955	87
9289956	88
9289984	85
9289985	87
9289986	87
9289987	87
9289988	86
9290000	87
9290008	87
9290010	87
9290011	87
9290012	86
9290016	86
9290018	88
9290019	88
9290020	87
9290752	86
9290753	88
9290754	88
9290755	88
9290756	87
9290760	88
9290768	88
9290770	90
9290771	88
9290772	89
9290776	88
9290778	88
9290779	88
9290780	87
9290784	87
9290786	89
9290787	87
9290788	88
9291264	86
9291265	88
9291266	88
9291267	86
9291268	87
9291272	88
9291280	88
9291282	90
9291283	88
9291284	89
9291288	86
9291290	86
9291291	88
9291292	85
9291296	87
9291298	89
9291299	87
9291300	88
9291392	86
9291393	88
9291394	88
9291395	88
9291396	87
9291456	86
9291457	88
9291458	88
9291459	88
9291460	87
9291472	88
9291480	88
9291482	88
9291483	88
9291484	87
9291488	87
9291490	89
9291491	87
9291492	88
9291520	87
9291521	87
9291522	87
9291523	87
9291524	86
9291536	87
9291544	87
9291546	87
9291547	87
9291548	86
9291552	88
9291554	88
9291555	88
9291556	87
9291776	85
9291777	87
9291778	87
9291779	87
9291780	86
9291784	87
9291792	87
9291794	89
9291795	87
9291796	88
9291800	87
9291802	87
9291803	87
9291804	86
9291808	86
9291810	88
9291811	86
9291812	87
9291904	87
9291905	89
9291906	89
9291907	89
9291908	88
9291968	85
9291969	87
9291970	87
9291971	85
9291972	86
9291984	87
9291992	87
9291994	89
9291995	87
9291996	88
9292000	86
9292002	88
9292003	86
9292004	87
9292032	86
9292033	88
9292034	88
9292035	88
9292036	87
9292048	88
9292056	88
9292058	88
9292059	88
9292060	87
9292064	87
9292066	89
9292067	87
9292068	88
9306112	82
9306113	84
9306114	84
9306115	84
9306116	83
9306120	84
9306128	84
9306130	86
9306131	84
9306132	85
9306136	84
9306138	86
9306139	84
9306140	85
9306144	83
9306146	85
9306147	85
9306148	84
9306176	84
9306177	86
9306178	86
9306179	86
9306180	85
9306240	84
9306241	86
9306242	86
9306243	86
9306244	85
9306256	86
9306264	86
9306266	86
9306267	86
9306268	85
9306272	85
9306274	87
9306275	85
9306276	86
9306304	84
9306305	86
9306306	86
9306307	84
9306308	85
9306320	86
9306328	84
9306330	86
9306331	86
9306332	85
9306336	85
9306338	85
9306339	85
9306340	86
9306368	83
9306369	85
9306370	85
9306371	85
9306372	84
9306384	85
9306392	85
9306394	87
9306395	85
9306396	86
9306400	84
9306402	86
9306403	86
9306404	85
9306624	84
9306625	86
9306626	86
9306627	86
9306628	85
9306632	86
9306640	86
9306642	88
9306643	86
9306644	87
9306648	86
9306650	88
9306651	86
9306652	87
9306656	85
9306658	87
9306659	85
9306660	86
9307136	84
9307137	86
9307138	86
9307139	86
9307140	85
9307144	86
9307152	86
9307154	88
9307155	86
9307156	87
9307160	86
9307162	88
9307163	86
9307164	87
9307168	85
9307170	87
9307171	85
9307172	86
9307264	86
9307265	88
9307266	88
9307267	88
9307268	87
9307328	84
9307329	86
9307330	86
9307331	84
9307332	85
9307344	86
9307352	86
9307354	88
9307355	86
9307356	87
9307360	85
9307362	87
9307363	85
9307364	86
9307392	85
9307393	87
9307394	87
9307395	87
9307396	86
9307408	87
9307416	87
9307418	87
9307419	87
9307420	86
9307424	86
9307426	88
9307427	86
9307428	87
9307648	84
9307649	86
9307650	86
9307651	86
9307652	85
9307656	86
9307664	86
9307666	88
9307667	86
9307668	87
9307672	86
9307674	86
9307675	86
9307676	85
9307680	85
9307682	87
9307683	85
9307684	86
9307776	86
9307777	88
9307778	88
9307779	88
9307780	87
9307840	84
9307841	86
9307842	86
9307843	86
9307844	85
9307856	86
9307864	86
9307866	88
9307867	86
9307868	87
9307872	85
9307874	87
9307875	85
9307876	86
9307904	85
9307905	87
9307906	87
9307907	87
9307908	86
9307920	87
9307928	87
9307930	87
9307931	87
9307932	86
9307936	86
9307938	88
9307939	86
9307940	87
9308160	83
9308161	85
9308162	85
9308163	85
9308164	84
9308168	85
9308176	85
9308178	87
9308179	85
9308180	86
9308184	85
9308186	87
9308187	85
9308188	86
9308192	84
9308194	86
9308195	84
9308196	85
9308288	85
9308289	87
9308290	87
9308291	87
9308292	86
9308352	83
9308353	85
9308354	85
9308355	83
9308356	84
9308368	85
9308376	85
9308378	87
9308379	85
9308380	86
9308384	84
9308386	86
9308387	84
9308388	85
9308416	84
9308417	86
9308418	86
9308419	86
9308420	85
9308432	86
9308440	86
9308442	88
9308443	86
9308444	87
9308448	85
9308450	87
9308451	85
9308452	86
9314304	84
9314305	86
9314306	86
9314307	86
9314308	85
9314312	86
9314320	86
9314322	88
9314323	86
9314324	87
9314328	86
9314330	86
9314331	86
9314332	85
9314336	85
9314338	87
9314339	87
9314340	86
9314368	86
9314369	88
9314370	88
9314371	88
9314372	87
9314432	86
9314433	88
9314434	88
9314435	88
9314436	87
9314448	88
9314456	88
9314458	88
9314459	88
9314460	87
9314464	87
9314466	89
9314467	87
9314468	88
9314496	86
9314497	88
9314498	88
9314499	86
9314500	87
9314512	88
9314520	86
9314522	88
9314523	88
9314524	87
9314528	87
9314530	87
9314531	87
9314532	88
9314560	85
9314561	87
9314562	87
9314563	87
9314564	86
9314576	87
9314584	87
9314586	87
9314587	87
9314588	86
9314592	86
9314594	88
9314595	88
9314596	87
9318400	82
9318401	84
9318402	84
9318403	84
9318404	83
9318408	84
9318416	84
9318418	86
9318419	84
9318420	85
9318424	84
9318426	86
9318427	84
9318428	85
9318432	83
9318434	85
9318435	83
9318436	84
9318464	84
9318465	86
9318466	86
9318467	86
9318468	85
9318528	84
9318529	86
9318530	86
9318531	84
9318532	85
9318544	86
9318552	86
9318554	86
9318555	86
9318556	85
9318560	85
9318562	87
9318563	85
9318564	86
9318592	82
9318593	84
9318594	84
9318595	82
9318596	83
9318608	84
9318616	84
9318618	86
9318619	84
9318620	85
9318624	83
9318626	85
9318627	83
9318628	84
9318656	83
9318657	85
9318658	85
9318659	85
9318660	84
9318672	85
9318680	85
9318682	87
9318683	85
9318684	86
9318688	84
9318690	86
9318691	84
9318692	85
9319424	84
9319425	86
9319426	86
9319427	86
9319428	85
9319432	86
9319440	86
9319442	88
9319443	86
9319444	87
9319448	86
9319450	88
9319451	86
9319452	87
9319456	85
9319458	87
9319459	85
9319460	86
9319936	84
9319937	86
9319938	86
9319939	86
9319940	85
9319944	86
9319952	86
9319954	88
9319955	86
9319956	87
9319960	86
9319962	88
9319963	86
9319964	87
9319968	85
9319970	87
9319971	85
9319972	86
9320064	86
9320065	88
9320066	88
9320067	88
9320068	87
9320128	84
9320129	86
9320130	86
9320131	86
9320132	85
9320144	86
9320152	86
9320154	88
9320155	86
9320156	87
9320160	85
9320162	87
9320163	85
9320164	86
9320192	85
9320193	87
9320194	87
9320195	87
9320196	86
9320208	87
9320216	87
9320218	89
9320219	87
9320220	88
9320224	86
9320226	88
9320227	86
9320228	87
9320448	83
9320449	85
9320450	85
9320451	85
9320452	84
9320456	85
9320464	85
9320466	87
9320467	85
9320468	86
9320472	85
9320474	87
9320475	85
9320476	86
9320480	84
9320482	86
9320483	84
9320484	85
9320576	85
9320577	87
9320578	87
9320579	87
9320580	86
9320640	83
9320641	85
9320642	85
9320643	83
9320644	84
9320656	85
9320664	85
9320666	87
9320667	85
9320668	86
9320672	84
9320674	86
9320675	84
9320676	85
9320704	84
9320705	86
9320706	86
9320707	86
9320708	85
9320720	86
9320728	86
9320730	88
9320731	86
9320732	87
9320736	85
9320738	87
9320739	85
9320740	86
9322496	83
9322497	85
9322498	85
9322499	85
9322500	84
9322504	85
9322512	85
9322514	87
9322515	85
9322516	86
9322520	85
9322522	87
9322523	85
9322524	86
9322528	84
9322530	86
9322531	86
9322532	85
9322560	85
9322561	87
9322562	87
9322563	87
9322564	86
9322624	85
9322625	87
9322626	87
9322627	87
9322628	86
9322640	87
9322648	87
9322650	87
9322651	87
9322652	86
9322656	86
9322658	88
9322659	86
9322660	87
9322688	85
9322689	87
9322690	87
9322691	85
9322692	86
9322704	87
9322712	85
9322714	87
9322715	87
9322716	86
9322720	86
9322722	86
9322723	86
9322724	87
9322752	84
9322753	86
9322754	86
9322755	86
9322756	85
9322768	86
9322776	86
9322778	88
9322779	86
9322780	87
9322784	85
9322786	87
9322787	87
9322788	86
9323520	85
9323521	87
9323522	87
9323523	87
9323524	86
9323528	87
9323536	87
9323538	89
9323539	87
9323540	88
9323544	87
9323546	87
9323547	87
9323548	86
9323552	86
9323554	88
9323555	86
9323556	87
9324032	85
9324033	87
9324034	87
9324035	87
9324036	86
9324040	87
9324048	87
9324050	89
9324051	87
9324052	88
9324056	87
9324058	87
9324059	87
9324060	86
9324064	86
9324066	88
9324067	86
9324068	87
9324160	87
9324161	89
9324162	89
9324163	89
9324164	88
9324224	85
9324225	87
9324226	87
9324227	87
9324228	86
9324240	87
9324248	87
9324250	89
9324251	87
9324252	88
9324256	86
9324258	88
9324259	86
9324260	87
9324288	86
9324289	88
9324290	88
9324291	88
9324292	87
9324304	88
9324312	88
9324314	88
9324315	88
9324316	87
9324320	87
9324322	89
9324323	87
9324324	88
9324544	84
9324545	86
9324546	86
9324547	86
9324548	85
9324552	86
9324560	86
9324562	88
9324563	86
9324564	87
9324568	86
9324570	88
9324571	86
9324572	87
9324576	85
9324578	87
9324579	85
9324580	86
9324672	86
9324673	88
9324674	88
9324675	88
9324676	87
9324736	84
9324737	86
9324738	86
9324739	84
9324740	85
9324752	86
9324760	86
9324762	88
9324763	86
9324764	87
9324768	85
9324770	87
9324771	85
9324772	86
9324800	85
9324801	87
9324802	87
9324803	87
9324804	86
9324816	87
9324824	87
9324826	89
9324827	87
9324828	88
9324832	86
9324834	88
9324835	86
9324836	87
9437184	82
9437185	84
9437186	84
9437187	84
9437188	83
9437192	84
9437200	84
9437202	86
9437203	84
9437204	85
9437208	84
9437210	84
9437211	84
9437212	83
9437216	83
9437218	85
9437219	85
9437220	84
9437248	84
9437249	86
9437250	86
9437251	86
9437252	85
9437312	84
9437313	86
9437314	86
9437315	86
9437316	85
9437328	86
9437336	86
9437338	86
9437339	86
9437340	85
9437344	85
9437346	87
9437347	85
9437348	86
9437376	84
9437377	86
9437378	86
9437379	84
9437380	85
9437392	86
9437400	84
9437402	86
9437403	86
9437404	85
9437408	85
9437410	85
9437411	85
9437412	86
9437440	83
9437441	85
9437442	85
9437443	85
9437444	84
9437456	85
9437464	85
9437466	85
9437467	85
9437468	84
9437472	84
9437474	86
9437475	86
9437476	85
9437696	84
9437697	86
9437698	86
9437699	86
9437700	85
9437704	86
9437712	86
9437714	88
9437715	86
9437716	87
9437720	86
9437722	86
9437723	86
9437724	85
9437728	85
9437730	87
9437731	87
9437732	86
9438208	84
9438209	86
9438210	86
9438211	86
9438212	85
9438216	86
9438224	86
9438226	88
9438227	86
9438228	87
9438232	86
9438234	86
9438235	86
9438236	85
9438240	85
9438242	87
9438243	87
9438244	86
9438336	86
9438337	88
9438338	88
9438339	88
9438340	87
9438400	84
9438401	86
9438402	86
9438403	86
9438404	85
9438416	86
9438424	86
9438426	88
9438427	86
9438428	87
9438432	85
9438434	87
9438435	87
9438436	86
9438464	85
9438465	87
9438466	87
9438467	87
9438468	86
9438480	87
9438488	85
9438490	87
9438491	87
9438492	86
9438496	86
9438498	88
9438499	86
9438500	87
9438720	84
9438721	86
9438722	86
9438723	84
9438724	85
9438728	86
9438736	86
9438738	88
9438739	86
9438740	87
9438744	84
9438746	84
9438747	86
9438748	83
9438752	85
9438754	87
9438755	85
9438756	86
9438848	84
9438849	86
9438850	86
9438851	86
9438852	85
9438912	84
9438913	86
9438914	86
9438915	86
9438916	85
9438928	86
9438936	86
9438938	86
9438939	86
9438940	85
9438944	85
9438946	87
9438947	87
9438948	86
9438976	85
9438977	85
9438978	85
9438979	85
9438980	84
9438992	85
9439000	85
9439002	85
9439003	85
9439004	84
9439008	86
9439010	86
9439011	86
9439012	85
9439232	83
9439233	85
9439234	85
9439235	85
9439236	84
9439240	85
9439248	85
9439250	87
9439251	85
9439252	86
9439256	85
9439258	85
9439259	85
9439260	84
9439264	84
9439266	86
9439267	86
9439268	85
9439360	85
9439361	87
9439362	87
9439363	87
9439364	86
9439424	85
9439425	87
9439426	87
9439427	85
9439428	86
9439440	87
9439448	85
9439450	87
9439451	87
9439452	86
9439456	86
9439458	86
9439459	86
9439460	87
9439488	84
9439489	86
9439490	86
9439491	86
9439492	85
9439504	86
9439512	86
9439514	86
9439515	86
9439516	85
9439520	85
9439522	87
9439523	87
9439524	86
9441280	84
9441281	86
9441282	86
9441283	86
9441284	85
9441288	86
9441296	86
9441298	88
9441299	86
9441300	87
9441304	86
9441306	86
9441307	86
9441308	85
9441312	85
9441314	87
9441315	87
9441316	86
9441344	86
9441345	88
9441346	88
9441347	88
9441348	87
9441408	86
9441409	88
9441410	88
9441411	88
9441412	87
9441424	88
9441432	88
9441434	88
9441435	88
9441436	87
9441440	87
9441442	89
9441443	87
9441444	88
9441472	86
9441473	88
9441474	88
9441475	86
9441476	87
9441488	88
9441496	86
9441498	88
9441499	88
9441500	87
9441504	87
9441506	87
9441507	87
9441508	88
9441536	85
9441537	87
9441538	87
9441539	87
9441540	86
9441552	87
9441560	87
9441562	87
9441563	87
9441564	86
9441568	86
9441570	88
9441571	88
9441572	87
9445376	84
9445377	86
9445378	86
9445379	86
9445380	85
9445384	86
9445392	86
9445394	88
9445395	86
9445396	87
9445400	86
9445402	86
9445403	86
9445404	85
9445408	85
9445410	87
9445411	87
9445412	86
9445440	86
9445441	88
9445442	88
9445443	88
9445444	87
9445504	86
9445505	88
9445506	88
9445507	88
9445508	87
9445520	88
9445528	88
9445530	88
9445531	88
9445532	87
9445536	87
9445538	89
9445539	87
9445540	88
9445568	86
9445569	88
9445570	88
9445571	86
9445572	87
9445584	88
9445592	86
9445594	88
9445595	88
9445596	87
9445600	87
9445602	87
9445603	87
9445604	88
9445632	85
9445633	87
9445634	87
9445635	87
9445636	86
9445648	87
9445656	87
9445658	87
9445659	87
9445660	86
9445664	86
9445666	88
9445667	88
9445668	87
9446400	86
9446401	88
9446402	88
9446403	88
9446404	87
9446408	88
9446416	88
9446418	90
9446419	88
9446420	89
9446424	88
9446426	88
9446427	88
9446428	87
9446432	87
9446434	89
9446435	87
9446436	88
9446912	86
9446913	88
9446914	88
9446915	86
9446916	87
9446920	88
9446928	88
9446930	90
9446931	88
9446932	89
9446936	86
9446938	86
9446939	88
9446940	85
9446944	87
9446946	89
9446947	87
9446948	88
9447040	86
9447041	88
9447042	88
9447043	88
9447044	87
9447104	86
9447105	88
9447106	88
9447107	88
9447108	87
9447120	88
9447128	88
9447130	88
9447131	88
9447132	87
9447136	87
9447138	89
9447139	87
9447140	88
9447168	87
9447169	87
9447170	87
9447171	87
9447172	86
9447184	87
9447192	87
9447194	87
9447195	87
9447196	86
9447200	88
9447202	88
9447203	88
9447204	87
9447424	85
9447425	87
9447426	87
9447427	87
9447428	86
9447432	87
9447440	87
9447442	89
9447443	87
9447444	88
9447448	87
9447450	87
9447451	87
9447452	86
9447456	86
9447458	88
9447459	86
9447460	87
9447552	87
9447553	89
9447554	89
9447555	89
9447556	88
9447616	85
9447617	87
9447618	87
9447619	85
9447620	86
9447632	87
9447640	87
9447642	89
9447643	87
9447644	88
9447648	86
9447650	88
9447651	86
9447652	87
9447680	86
9447681	88
9447682	88
9447683	88
9447684	87
9447696	88
9447704	88
9447706	88
9447707	88
9447708	87
9447712	87
9447714	89
9447715	87
9447716	88
9449472	84
9449473	86
9449474	86
9449475	86
9449476	85
9449480	86
9449488	86
9449490	86
9449491	86
9449492	87
9449496	86
9449498	86
9449499	86
9449500	85
9449504	85
9449506	87
9449507	85
9449508	86
9449536	86
9449537	88
9449538	88
9449539	88
9449540	87
9449600	86
9449601	88
9449602	88
9449603	86
9449604	87
9449616	88
9449624	88
9449626	88
9449627	88
9449628	87
9449632	87
9449634	89
9449635	87
9449636	88
9449664	84
9449665	86
9449666	86
9449667	84
9449668	85
9449680	86
9449688	86
9449690	88
9449691	86
9449692	87
9449696	85
9449698	85
9449699	85
9449700	86
9449728	85
9449729	87
9449730	87
9449731	87
9449732	86
9449744	87
9449752	87
9449754	87
9449755	87
9449756	86
9449760	86
9449762	88
9449763	86
9449764	87
9450496	86
9450497	88
9450498	88
9450499	86
9450500	87
9450504	88
9450512	88
9450514	88
9450515	88
9450516	89
9450520	88
9450522	88
9450523	88
9450524	87
9450528	87
9450530	87
9450531	87
9450532	88
9451008	84
9451009	86
9451010	86
9451011	86
9451012	85
9451016	86
9451024	86
9451026	88
9451027	86
9451028	87
9451032	86
9451034	86
9451035	86
9451036	85
9451040	85
9451042	87
9451043	87
9451044	86
9451136	86
9451137	88
9451138	88
9451139	88
9451140	87
9451200	86
9451201	88
9451202	88
9451203	86
9451204	87
9451216	88
9451224	86
9451226	88
9451227	88
9451228	87
9451232	87
9451234	87
9451235	87
9451236	88
9451264	85
9451265	87
9451266	87
9451267	87
9451268	86
9451280	87
9451288	87
9451290	87
9451291	87
9451292	86
9451296	86
9451298	88
9451299	88
9451300	87
9451520	85
9451521	87
9451522	87
9451523	85
9451524	86
9451528	87
9451536	87
9451538	87
9451539	87
9451540	88
9451544	87
9451546	87
9451547	87
9451548	86
9451552	86
9451554	86
9451555	86
9451556	87
9451648	85
9451649	87
9451650	87
9451651	87
9451652	86
9451712	85
9451713	87
9451714	87
9451715	85
9451716	86
9451728	87
9451736	87
9451738	87
9451739	87
9451740	88
9451744	86
9451746	86
9451747	86
9451748	87
9451776	86
9451777	88
9451778	88
9451779	86
9451780	87
9451792	88
9451800	86
9451802	88
9451803	88
9451804	87
9451808	87
9451810	87
9451811	87
9451812	88
9453568	83
9453569	85
9453570	85
9453571	85
9453572	84
9453576	85
9453584	85
9453586	87
9453587	85
9453588	86
9453592	85
9453594	85
9453595	85
9453596	84
9453600	84
9453602	86
9453603	86
9453604	85
9453632	85
9453633	87
9453634	87
9453635	87
9453636	86
9453696	85
9453697	87
9453698	87
9453699	87
9453700	86
9453712	87
9453720	87
9453722	87
9453723	87
9453724	86
9453728	86
9453730	88
9453731	86
9453732	87
9453760	85
9453761	87
9453762	87
9453763	85
9453764	86
9453776	87
9453784	85
9453786	87
9453787	87
9453788	86
9453792	86
9453794	86
9453795	86
9453796	87
9453824	84
9453825	86
9453826	86
9453827	86
9453828	85
9453840	86
9453848	86
9453850	86
9453851	86
9453852	85
9453856	85
9453858	87
9453859	87
9453860	86
9454592	85
9454593	87
9454594	87
9454595	87
9454596	86
9454600	87
9454608	87
9454610	89
9454611	87
9454612	88
9454616	87
9454618	87
9454619	87
9454620	86
9454624	86
9454626	88
9454627	86
9454628	87
9455104	85
9455105	87
9455106	87
9455107	85
9455108	86
9455112	87
9455120	87
9455122	89
9455123	87
9455124	88
9455128	85
9455130	85
9455131	87
9455132	84
9455136	86
9455138	88
9455139	86
9455140	87
9455232	85
9455233	87
9455234	87
9455235	87
9455236	86
9455296	85
9455297	87
9455298	87
9455299	87
9455300	86
9455312	87
9455320	87
9455322	87
9455323	87
9455324	86
9455328	86
9455330	88
9455331	88
9455332	87
9455360	86
9455361	86
9455362	86
9455363	86
9455364	85
9455376	86
9455384	86
9455386	86
9455387	86
9455388	85
9455392	87
9455394	87
9455395	87
9455396	86
9455616	84
9455617	86
9455618	86
9455619	86
9455620	85
9455624	86
9455632	86
9455634	88
9455635	86
9455636	87
9455640	86
9455642	86
9455643	86
9455644	85
9455648	85
9455650	87
9455651	87
9455652	86
9455744	86
9455745	88
9455746	88
9455747	88
9455748	87
9455808	86
9455809	88
9455810	88
9455811	86
9455812	87
9455824	88
9455832	86
9455834	88
9455835	88
9455836	87
9455840	87
9455842	87
9455843	87
9455844	88
9455872	85
9455873	87
9455874	87
9455875	87
9455876	86
9455888	87
9455896	87
9455898	87
9455899	87
9455900	86
9455904	86
9455906	88
9455907	88
9455908	87
9502720	84
9502721	86
9502722	86
9502723	86
9502724	85
9502728	86
9502736	86
9502738	88
9502739	86
9502740	87
9502744	86
9502746	86
9502747	86
9502748	85
9502752	85
9502754	87
9502755	87
9502756	86
9502784	86
9502785	88
9502786	88
9502787	88
9502788	87
9502848	86
9502849	88
9502850	88
9502851	88
9502852	87
9502864	88
9502872	88
9502874	88
9502875	88
9502876	87
9502880	87
9502882	89
9502883	87
9502884	88
9502912	86
9502913	88
9502914	88
9502915	86
9502916	87
9502928	88
9502936	86
9502938	88
9502939	88
9502940	87
9502944	87
9502946	87
9502947	87
9502948	88
9502976	85
9502977	87
9502978	87
9502979	87
9502980	86
9502992	87
9503000	87
9503002	87
9503003	87
9503004	86
9503008	86
9503010	88
9503011	88
9503012	87
9503232	86
9503233	88
9503234	88
9503235	88
9503236	87
9503240	88
9503248	88
9503250	90
9503251	88
9503252	89
9503256	88
9503258	88
9503259	88
9503260	87
9503264	87
9503266	89
9503267	87
9503268	88
9503744	86
9503745	88
9503746	88
9503747	88
9503748	87
9503752	88
9503760	88
9503762	90
9503763	88
9503764	89
9503768	88
9503770	88
9503771	88
9503772	87
9503776	87
9503778	89
9503779	87
9503780	88
9503872	88
9503873	90
9503874	90
9503875	90
9503876	89
9503936	86
9503937	88
9503938	88
9503939	86
9503940	87
9503952	88
9503960	88
9503962	90
9503963	88
9503964	89
9503968	87
9503970	89
9503971	87
9503972	88
9504000	87
9504001	89
9504002	89
9504003	89
9504004	88
9504016	89
9504024	87
9504026	89
9504027	89
9504028	88
9504032	88
9504034	90
9504035	88
9504036	89
9504256	86
9504257	88
9504258	88
9504259	86
9504260	87
9504264	88
9504272	88
9504274	90
9504275	88
9504276	89
9504280	86
9504282	86
9504283	88
9504284	85
9504288	87
9504290	89
9504291	87
9504292	88
9504384	86
9504385	88
9504386	88
9504387	88
9504388	87
9504448	86
9504449	88
9504450	88
9504451	88
9504452	87
9504464	88
9504472	88
9504474	88
9504475	88
9504476	87
9504480	87
9504482	89
9504483	87
9504484	88
9504512	87
9504513	87
9504514	87
9504515	87
9504516	86
9504528	87
9504536	87
9504538	87
9504539	87
9504540	86
9504544	88
9504546	88
9504547	88
9504548	87
9504768	85
9504769	87
9504770	87
9504771	87
9504772	86
9504776	87
9504784	87
9504786	89
9504787	87
9504788	88
9504792	87
9504794	87
9504795	87
9504796	86
9504800	86
9504802	88
9504803	86
9504804	87
9504896	87
9504897	89
9504898	89
9504899	89
9504900	88
9504960	85
9504961	87
9504962	87
9504963	85
9504964	86
9504976	87
9504984	87
9504986	89
9504987	87
9504988	88
9504992	86
9504994	88
9504995	86
9504996	87
9505024	86
9505025	88
9505026	88
9505027	88
9505028	87
9505040	88
9505048	88
9505050	88
9505051	88
9505052	87
9505056	87
9505058	89
9505059	87
9505060	88
9535488	84
9535489	86
9535490	86
9535491	86
9535492	85
9535496	86
9535504	86
9535506	88
9535507	86
9535508	87
9535512	86
9535514	86
9535515	86
9535516	85
9535520	85
9535522	87
9535523	85
9535524	86
9535552	86
9535553	88
9535554	88
9535555	88
9535556	87
9535616	86
9535617	88
9535618	88
9535619	86
9535620	87
9535632	88
9535640	86
9535642	88
9535643	88
9535644	87
9535648	87
9535650	89
9535651	87
9535652	88
9535680	84
9535681	86
9535682	86
9535683	84
9535684	85
9535696	86
9535704	86
9535706	88
9535707	86
9535708	87
9535712	85
9535714	87
9535715	85
9535716	86
9535744	85
9535745	87
9535746	87
9535747	87
9535748	86
9535760	87
9535768	85
9535770	87
9535771	87
9535772	86
9535776	86
9535778	88
9535779	86
9535780	87
9536000	86
9536001	88
9536002	88
9536003	88
9536004	87
9536008	88
9536016	88
9536018	90
9536019	88
9536020	89
9536024	88
9536026	88
9536027	88
9536028	87
9536032	87
9536034	89
9536035	87
9536036	88
9536512	86
9536513	88
9536514	88
9536515	86
9536516	87
9536520	88
9536528	88
9536530	90
9536531	88
9536532	89
9536536	86
9536538	86
9536539	88
9536540	85
9536544	87
9536546	89
9536547	87
9536548	88
9536640	88
9536641	90
9536642	90
9536643	90
9536644	89
9536704	86
9536705	88
9536706	88
9536707	86
9536708	87
9536720	88
9536728	88
9536730	90
9536731	88
9536732	89
9536736	87
9536738	89
9536739	87
9536740	88
9536768	87
9536769	89
9536770	89
9536771	89
9536772	88
9536784	89
9536792	87
9536794	89
9536795	89
9536796	88
9536800	88
9536802	90
9536803	88
9536804	89
9537024	84
9537025	86
9537026	86
9537027	84
9537028	85
9537032	86
9537040	86
9537042	88
9537043	86
9537044	87
9537048	84
9537050	84
9537051	86
9537052	83
9537056	85
9537058	87
9537059	85
9537060	86
9537152	86
9537153	86
9537154	86
9537155	86
9537156	85
9537216	86
9537217	88
9537218	88
9537219	88
9537220	87
9537232	88
9537240	86
9537242	88
9537243	88
9537244	87
9537248	87
9537250	89
9537251	87
9537252	88
9537280	85
9537281	85
9537282	85
9537283	85
9537284	84
9537296	85
9537304	85
9537306	85
9537307	85
9537308	84
9537312	86
9537314	86
9537315	86
9537316	85
9537536	85
9537537	87
9537538	87
9537539	87
9537540	86
9537544	87
9537552	87
9537554	89
9537555	87
9537556	88
9537560	87
9537562	87
9537563	87
9537564	86
9537568	86
9537570	88
9537571	86
9537572	87
9537664	87
9537665	89
9537666	89
9537667	89
9537668	88
9537728	85
9537729	87
9537730	87
9537731	85
9537732	86
9537744	87
9537752	87
9537754	89
9537755	87
9537756	88
9537760	86
9537762	88
9537763	86
9537764	87
9537792	86
9537793	88
9537794	88
9537795	88
9537796	87
9537808	88
9537816	86
9537818	88
9537819	88
9537820	87
9537824	87
9537826	89
9537827	87
9537828	88
9543680	84
9543681	86
9543682	86
9543683	86
9543684	85
9543688	86
9543696	86
9543698	88
9543699	86
9543700	87
9543704	86
9543706	86
9543707	86
9543708	85
9543712	85
9543714	87
9543715	87
9543716	86
9543744	86
9543745	88
9543746	88
9543747	88
9543748	87
9543808	86
9543809	88
9543810	88
9543811	88
9543812	87
9543824	88
9543832	88
9543834	88
9543835	88
9543836	87
9543840	87
9543842	89
9543843	87
9543844	88
9543872	86
9543873	88
9543874	88
9543875	86
9543876	87
9543888	88
9543896	86
9543898	88
9543899	88
9543900	87
9543904	87
9543906	87
9543907	87
9543908	88
9543936	85
9543937	87
9543938	87
9543939	87
9543940	86
9543952	87
9543960	87
9543962	87
9543963	87
9543964	86
9543968	86
9543970	88
9543971	88
9543972	87
9547776	84
9547777	86
9547778	86
9547779	86
9547780	85
9547784	86
9547792	86
9547794	88
9547795	86
9547796	87
9547800	86
9547802	86
9547803	86
9547804	85
9547808	85
9547810	87
9547811	87
9547812	86
9547840	86
9547841	88
9547842	88
9547843	88
9547844	87
9547904	86
9547905	88
9547906	88
9547907	88
9547908	87
9547920	88
9547928	88
9547930	88
9547931	88
9547932	87
9547936	87
9547938	89
9547939	87
9547940	88
9547968	86
9547969	88
9547970	88
9547971	86
9547972	87
9547984	88
9547992	86
9547994	88
9547995	88
9547996	87
9548000	87
9548002	87
9548003	87
9548004	88
9548032	85
9548033	87
9548034	87
9548035	87
9548036	86
9548048	87
9548056	87
9548058	87
9548059	87
9548060	86
9548064	86
9548066	88
9548067	88
9548068	87
9548800	86
9548801	88
9548802	88
9548803	88
9548804	87
9548808	88
9548816	88
9548818	90
9548819	88
9548820	89
9548824	88
9548826	88
9548827	88
9548828	87
9548832	87
9548834	89
9548835	87
9548836	88
9549312	86
9549313	88
9549314	88
9549315	86
9549316	87
9549320	88
9549328	88
9549330	90
9549331	88
9549332	89
9549336	86
9549338	86
9549339	88
9549340	85
9549344	87
9549346	89
9549347	87
9549348	88
9549440	86
9549441	88
9549442	88
9549443	88
9549444	87
9549504	86
9549505	88
9549506	88
9549507	88
9549508	87
9549520	88
9549528	88
9549530	88
9549531	88
9549532	87
9549536	87
9549538	89
9549539	87
9549540	88
9549568	87
9549569	87
9549570	87
9549571	87
9549572	86
9549584	87
9549592	87
9549594	87
9549595	87
9549596	86
9549600	88
9549602	88
9549603	88
9549604	87
9549824	85
9549825	87
9549826	87
9549827	87
9549828	86
9549832	87
9549840	87
9549842	89
9549843	87
9549844	88
9549848	87
9549850	87
9549851	87
9549852	86
9549856	86
9549858	88
9549859	86
9549860	87
9549952	87
9549953	89
9549954	89
9549955	89
9549956	88
9550016	85
9550017	87
9550018	87
9550019	85
9550020	86
9550032	87
9550040	87
9550042	89
9550043	87
9550044	88
9550048	86
9550050	88
9550051	86
9550052	87
9550080	86
9550081	88
9550082	88
9550083	88
9550084	87
9550096	88
9550104	88
9550106	88
9550107	88
9550108	87
9550112	87
9550114	89
9550115	87
9550116	88
9551872	85
9551873	87
9551874	87
9551875	85
9551876	86
9551880	87
9551888	87
9551890	89
9551891	87
9551892	88
9551896	85
9551898	85
9551899	87
9551900	84
9551904	86
9551906	88
9551907	86
9551908	87
9551936	87
9551937	87
9551938	87
9551939	87
9551940	86
9552000	87
9552001	87
9552002	87
9552003	87
9552004	86
9552016	87
9552024	87
9552026	87
9552027	87
9552028	86
9552032	86
9552034	88
9552035	86
9552036	87
9552064	85
9552065	87
9552066	87
9552067	85
9552068	86
9552080	87
9552088	87
9552090	87
9552091	87
9552092	86
9552096	86
9552098	88
9552099	86
9552100	87
9552128	86
9552129	86
9552130	86
9552131	86
9552132	85
9552144	86
9552152	86
9552154	86
9552155	86
9552156	85
9552160	87
9552162	87
9552163	87
9552164	86
9552896	85
9552897	87
9552898	87
9552899	87
9552900	86
9552904	87
9552912	87
9552914	89
9552915	87
9552916	88
9552920	87
9552922	87
9552923	87
9552924	86
9552928	86
9552930	88
9552931	86
9552932	87
9553408	85
9553409	87
9553410	87
9553411	85
9553412	86
9553416	87
9553424	87
9553426	89
9553427	87
9553428	88
9553432	85
9553434	85
9553435	87
9553436	84
9553440	86
9553442	88
9553443	86
9553444	87
9553536	87
9553537	87
9553538	87
9553539	87
9553540	86
9553600	87
9553601	87
9553602	87
9553603	87
9553604	86
9553616	87
9553624	87
9553626	87
9553627	87
9553628	86
9553632	88
9553634	88
9553635	88
9553636	87
9553664	86
9553665	86
9553666	86
9553667	86
9553668	85
9553680	86
9553688	86
9553690	86
9553691	86
9553692	85
9553696	87
9553698	87
9553699	87
9553700	86
9553920	86
9553921	88
9553922	88
9553923	86
9553924	87
9553928	88
9553936	88
9553938	90
9553939	88
9553940	89
9553944	86
9553946	86
9553947	88
9553948	85
9553952	87
9553954	89
9553955	87
9553956	88
9554048	86
9554049	88
9554050	88
9554051	88
9554052	87
9554112	86
9554113	88
9554114	88
9554115	86
9554116	87
9554128	88
9554136	88
9554138	88
9554139	88
9554140	87
9554144	87
9554146	89
9554147	87
9554148	88
9554176	87
9554177	87
9554178	87
9554179	87
9554180	86
9554192	87
9554200	87
9554202	87
9554203	87
9554204	86
9554208	88
9554210	88
9554211	88
9554212	87
9568256	83
9568257	85
9568258	85
9568259	85
9568260	84
9568264	85
9568272	85
9568274	87
9568275	85
9568276	86
9568280	85
9568282	85
9568283	85
9568284	84
9568288	84
9568290	86
9568291	86
9568292	85
9568320	85
9568321	87
9568322	87
9568323	87
9568324	86
9568384	85
9568385	87
9568386	87
9568387	87
9568388	86
9568400	87
9568408	87
9568410	87
9568411	87
9568412	86
9568416	86
9568418	88
9568419	86
9568420	87
9568448	85
9568449	87
9568450	87
9568451	85
9568452	86
9568464	87
9568472	85
9568474	87
9568475	87
9568476	86
9568480	86
9568482	86
9568483	86
9568484	87
9568512	84
9568513	86
9568514	86
9568515	86
9568516	85
9568528	86
9568536	86
9568538	86
9568539	86
9568540	85
9568544	85
9568546	87
9568547	87
9568548	86
9568768	85
9568769	87
9568770	87
9568771	87
9568772	86
9568776	87
9568784	87
9568786	89
9568787	87
9568788	88
9568792	87
9568794	87
9568795	87
9568796	86
9568800	86
9568802	88
9568803	86
9568804	87
9569280	85
9569281	87
9569282	87
9569283	87
9569284	86
9569288	87
9569296	87
9569298	89
9569299	87
9569300	88
9569304	87
9569306	87
9569307	87
9569308	86
9569312	86
9569314	88
9569315	86
9569316	87
9569408	87
9569409	89
9569410	89
9569411	89
9569412	88
9569472	85
9569473	87
9569474	87
9569475	85
9569476	86
9569488	87
9569496	87
9569498	89
9569499	87
9569500	88
9569504	86
9569506	88
9569507	86
9569508	87
9569536	86
9569537	88
9569538	88
9569539	88
9569540	87
9569552	88
9569560	86
9569562	88
9569563	88
9569564	87
9569568	87
9569570	89
9569571	87
9569572	88
9569792	85
9569793	87
9569794	87
9569795	85
9569796	86
9569800	87
9569808	87
9569810	89
9569811	87
9569812	88
9569816	85
9569818	85
9569819	87
9569820	84
9569824	86
9569826	88
9569827	86
9569828	87
9569920	85
9569921	87
9569922	87
9569923	87
9569924	86
9569984	85
9569985	87
9569986	87
9569987	87
9569988	86
9570000	87
9570008	87
9570010	87
9570011	87
9570012	86
9570016	86
9570018	88
9570019	86
9570020	87
9570048	86
9570049	86
9570050	86
9570051	86
9570052	85
9570064	86
9570072	86
9570074	86
9570075	86
9570076	85
9570080	87
9570082	87
9570083	87
9570084	86
9570304	84
9570305	86
9570306	86
9570307	86
9570308	85
9570312	86
9570320	86
9570322	88
9570323	86
9570324	87
9570328	86
9570330	86
9570331	86
9570332	85
9570336	85
9570338	87
9570339	85
9570340	86
9570432	86
9570433	88
9570434	88
9570435	88
9570436	87
9570496	84
9570497	86
9570498	86
9570499	84
9570500	85
9570512	86
9570520	86
9570522	88
9570523	86
9570524	87
9570528	85
9570530	87
9570531	85
9570532	86
9570560	85
9570561	87
9570562	87
9570563	87
9570564	86
9570576	87
9570584	87
9570586	87
9570587	87
9570588	86
9570592	86
9570594	88
9570595	86
9570596	87
9576448	85
9576449	87
9576450	87
9576451	87
9576452	86
9576456	87
9576464	87
9576466	89
9576467	87
9576468	88
9576472	87
9576474	87
9576475	87
9576476	86
9576480	86
9576482	88
9576483	88
9576484	87
9576512	87
9576513	89
9576514	89
9576515	89
9576516	88
9576576	87
9576577	89
9576578	89
9576579	89
9576580	88
9576592	89
9576600	89
9576602	89
9576603	89
9576604	88
9576608	88
9576610	90
9576611	88
9576612	89
9576640	87
9576641	89
9576642	89
9576643	87
9576644	88
9576656	89
9576664	87
9576666	89
9576667	89
9576668	88
9576672	88
9576674	88
9576675	88
9576676	89
9576704	86
9576705	88
9576706	88
9576707	88
9576708	87
9576720	88
9576728	88
9576730	88
9576731	88
9576732	87
9576736	87
9576738	89
9576739	89
9576740	88
9580544	83
9580545	85
9580546	85
9580547	85
9580548	84
9580552	85
9580560	85
9580562	87
9580563	85
9580564	86
9580568	85
9580570	87
9580571	85
9580572	86
9580576	84
9580578	86
9580579	84
9580580	85
9580608	85
9580609	87
9580610	87
9580611	87
9580612	86
9580672	85
9580673	87
9580674	87
9580675	85
9580676	86
9580688	87
9580696	87
9580698	87
9580699	87
9580700	86
9580704	86
9580706	88
9580707	86
9580708	87
9580736	83
9580737	85
9580738	85
9580739	83
9580740	84
9580752	85
9580760	85
9580762	87
9580763	85
9580764	86
9580768	84
9580770	86
9580771	84
9580772	85
9580800	84
9580801	86
9580802	86
9580803	86
9580804	85
9580816	86
9580824	86
9580826	88
9580827	86
9580828	87
9580832	85
9580834	87
9580835	85
9580836	86
9581568	85
9581569	87
9581570	87
9581571	87
9581572	86
9581576	87
9581584	87
9581586	89
9581587	87
9581588	88
9581592	87
9581594	87
9581595	87
9581596	86
9581600	86
9581602	88
9581603	86
9581604	87
9582080	85
9582081	87
9582082	87
9582083	87
9582084	86
9582088	87
9582096	87
9582098	89
9582099	87
9582100	88
9582104	87
9582106	87
9582107	87
9582108	86
9582112	86
9582114	88
9582115	86
9582116	87
9582208	87
9582209	89
9582210	89
9582211	89
9582212	88
9582272	85
9582273	87
9582274	87
9582275	87
9582276	86
9582288	87
9582296	87
9582298	89
9582299	87
9582300	88
9582304	86
9582306	88
9582307	86
9582308	87
9582336	86
9582337	88
9582338	88
9582339	88
9582340	87
9582352	88
9582360	88
9582362	88
9582363	88
9582364	87
9582368	87
9582370	89
9582371	87
9582372	88
9582592	84
9582593	86
9582594	86
9582595	86
9582596	85
9582600	86
9582608	86
9582610	88
9582611	86
9582612	87
9582616	86
9582618	88
9582619	86
9582620	87
9582624	85
9582626	87
9582627	85
9582628	86
9582720	86
9582721	88
9582722	88
9582723	88
9582724	87
9582784	84
9582785	86
9582786	86
9582787	84
9582788	85
9582800	86
9582808	86
9582810	88
9582811	86
9582812	87
9582816	85
9582818	87
9582819	85
9582820	86
9582848	85
9582849	87
9582850	87
9582851	87
9582852	86
9582864	87
9582872	87
9582874	89
9582875	87
9582876	88
9582880	86
9582882	88
9582883	86
9582884	87
9584640	84
9584641	86
9584642	86
9584643	86
9584644	85
9584648	86
9584656	86
9584658	88
9584659	86
9584660	87
9584664	86
9584666	86
9584667	86
9584668	85
9584672	85
9584674	87
9584675	87
9584676	86
9584704	86
9584705	88
9584706	88
9584707	88
9584708	87
9584768	86
9584769	88
9584770	88
9584771	88
9584772	87
9584784	88
9584792	88
9584794	88
9584795	88
9584796	87
9584800	87
9584802	89
9584803	87
9584804	88
9584832	86
9584833	88
9584834	88
9584835	86
9584836	87
9584848	88
9584856	86
9584858	88
9584859	88
9584860	87
9584864	87
9584866	87
9584867	87
9584868	88
9584896	85
9584897	87
9584898	87
9584899	87
9584900	86
9584912	87
9584920	87
9584922	87
9584923	87
9584924	86
9584928	86
9584930	88
9584931	88
9584932	87
9585664	86
9585665	88
9585666	88
9585667	88
9585668	87
9585672	88
9585680	88
9585682	90
9585683	88
9585684	89
9585688	88
9585690	88
9585691	88
9585692	87
9585696	87
9585698	89
9585699	87
9585700	88
9586176	86
9586177	88
9586178	88
9586179	86
9586180	87
9586184	88
9586192	88
9586194	90
9586195	88
9586196	89
9586200	86
9586202	86
9586203	88
9586204	85
9586208	87
9586210	89
9586211	87
9586212	88
9586304	86
9586305	88
9586306	88
9586307	88
9586308	87
9586368	86
9586369	88
9586370	88
9586371	88
9586372	87
9586384	88
9586392	88
9586394	88
9586395	88
9586396	87
9586400	87
9586402	89
9586403	87
9586404	88
9586432	87
9586433	87
9586434	87
9586435	87
9586436	86
9586448	87
9586456	87
9586458	87
9586459	87
9586460	86
9586464	88
9586466	88
9586467	88
9586468	87
9586688	85
9586689	87
9586690	87
9586691	87
9586692	86
9586696	87
9586704	87
9586706	89
9586707	87
9586708	88
9586712	87
9586714	87
9586715	87
9586716	86
9586720	86
9586722	88
9586723	86
9586724	87
9586816	87
9586817	89
9586818	89
9586819	89
9586820	88
9586880	85
9586881	87
9586882	87
9586883	85
9586884	86
9586896	87
9586904	87
9586906	89
9586907	87
9586908	88
9586912	86
9586914	88
9586915	86
9586916	87
9586944	86
9586945	88
9586946	88
9586947	88
9586948	87
9586960	88
9586968	88
9586970	88
9586971	88
9586972	87
9586976	87
9586978	89
9586979	87
9586980	88
