0	64
1	66
2	66
3	66
4	65
8	66
16	66
18	68
19	66
20	67
24	66
26	66
27	66
28	65
32	65
34	67
35	67
36	66
64	66
65	68
66	68
67	68
68	67
128	66
129	68
130	68
131	68
132	67
144	68
152	68
154	68
155	68
156	67
160	67
162	69
163	67
164	68
192	66
193	68
194	68
195	66
196	67
208	68
216	66
218	68
219	68
220	67
224	67
226	67
227	67
228	68
256	65
257	67
258	67
259	67
260	66
272	67
280	67
282	67
283	67
284	66
288	66
290	68
291	68
292	67
512	66
513	68
514	68
515	68
516	67
520	68
528	68
530	70
531	68
532	69
536	68
538	68
539	68
540	67
544	67
546	69
547	69
548	68
1024	66
1025	68
1026	68
1027	68
1028	67
1032	68
1040	68
1042	70
1043	68
1044	69
1048	68
1050	68
1051	68
1052	67
1056	67
1058	69
1059	69
1060	68
1152	68
1153	70
1154	70
1155	70
1156	69
1216	66
1217	68
1218	68
1219	68
1220	67
1232	68
1240	68
1242	70
1243	68
1244	69
1248	67
1250	69
1251	69
1252	68
1280	67
1281	69
1282	69
1283	69
1284	68
1296	69
1304	67
1306	69
1307	69
1308	68
1312	68
1314	70
1315	68
1316	69
1536	66
1537	68
1538	68
1539	66
1540	67
1544	68
1552	68
1554	70
1555	68
1556	69
1560	66
1562	66
1563	68
1564	65
1568	67
1570	69
1571	67
1572	68
1664	66
1665	68
1666	68
1667	68
1668	67
1728	66
1729	68
1730	68
1731	68
1732	67
1744	68
1752	68
1754	68
1755	68
1756	67
1760	67
1762	69
1763	69
1764	68
1792	67
1793	67
1794	67
1795	67
1796	66
1808	67
1816	67
1818	67
1819	67
1820	66
1824	68
1826	68
1827	68
1828	67
2048	65
2049	67
2050	67
2051	67
2052	66
2056	67
2064	67
2066	69
2067	67
2068	68
2072	67
2074	67
2075	67
2076	66
2080	66
2082	68
2083	68
2084	67
2176	67
2177	69
2178	69
2179	69
2180	68
2240	67
2241	69
2242	69
2243	67
2244	68
2256	69
2264	67
2266	69
2267	69
2268	68
2272	68
2274	68
2275	68
2276	69
2304	66
2305	68
2306	68
2307	68
2308	67
2320	68
2328	68
2330	68
2331	68
2332	67
2336	67
2338	69
2339	69
2340	68
4096	66
4097	68
4098	68
4099	68
4100	67
4104	68
4112	68
4114	70
4115	68
4116	69
4120	68
4122	68
4123	68
4124	67
4128	67
4130	69
4131	69
4132	68
4160	68
4161	70
4162	70
4163	70
4164	69
4224	68
4225	70
4226	70
4227	70
4228	69
4240	70
4248	70
4250	70
4251	70
4252	69
4256	69
4258	71
4259	69
4260	70
4288	68
4289	70
4290	70
4291	68
4292	69
4304	70
4312	68
4314	70
4315	70
4316	69
4320	69
4322	69
4323	69
4324	70
4352	67
4353	69
4354	69
4355	69
4356	68
4368	69
4376	69
4378	69
4379	69
4380	68
4384	68
4386	70
4387	70
4388	69
8192	66
8193	68
8194	68
8195	68
8196	67
8200	68
8208	68
8210	70
8211	68
8212	69
8216	68
8218	68
8219	68
8220	67
8224	67
8226	69
8227	69
8228	68
8256	68
8257	70
8258	70
8259	70
8260	69
8320	68
8321	70
8322	70
8323	70
8324	69
8336	70
8344	70
8346	70
8347	70
8348	69
8352	69
8354	71
8355	69
8356	70
8384	68
8385	70
8386	70
8387	68
8388	69
8400	70
8408	68
8410	70
8411	70
8412	69
8416	69
8418	69
8419	69
8420	70
8448	67
8449	69
8450	69
8451	69
8452	68
8464	69
8472	69
8474	69
8475	69
8476	68
8480	68
8482	70
8483	70
8484	69
9216	68
9217	70
9218	70
9219	70
9220	69
9224	70
9232	70
9234	72
9235	70
9236	71
9240	70
9242	70
9243	70
9244	69
9248	69
9250	71
9251	69
9252	70
9728	68
9729	70
9730	70
9731	68
9732	69
9736	70
9744	70
9746	72
9747	70
9748	71
9752	68
9754	68
9755	70
9756	67
9760	69
9762	71
9763	69
9764	70
9856	68
9857	70
9858	70
9859	70
9860	69
9920	68
9921	70
9922	70
9923	70
9924	69
9936	70
9944	70
9946	70
9947	70
9948	69
9952	69
9954	71
9955	69
9956	70
9984	69
9985	69
9986	69
9987	69
9988	68
10000	69
10008	69
10010	69
10011	69
10012	68
10016	70
10018	70
10019	70
10020	69
10240	67
10241	69
10242	69
10243	69
10244	68
10248	69
10256	69
10258	71
10259	69
10260	70
10264	69
10266	69
10267	69
10268	68
10272	68
10274	70
10275	68
10276	69
10368	69
10369	71
10370	71
10371	71
10372	70
10432	67
10433	69
10434	69
10435	67
10436	68
10448	69
10456	69
10458	71
10459	69
10460	70
10464	68
10466	70
10467	68
10468	69
10496	68
10497	70
10498	70
10499	70
10500	69
10512	70
10520	70
10522	70
10523	70
10524	69
10528	69
10530	71
10531	69
10532	70
12288	66
12289	68
12290	68
12291	68
12292	67
12296	68
12304	68
12306	68
12307	68
12308	69
12312	68
12314	68
12315	68
12316	67
12320	67
12322	69
12323	67
12324	68
12352	68
12353	70
12354	70
12355	70
12356	69
12416	68
12417	70
12418	70
12419	68
12420	69
12432	70
12440	70
12442	70
12443	70
12444	69
12448	69
12450	71
12451	69
12452	70
12480	66
12481	68
12482	68
12483	66
12484	67
12496	68
12504	68
12506	70
12507	68
12508	69
12512	67
12514	67
12515	67
12516	68
12544	67
12545	69
12546	69
12547	69
12548	68
12560	69
12568	69
12570	69
12571	69
12572	68
12576	68
12578	70
12579	68
12580	69
13312	68
13313	70
13314	70
13315	68
13316	69
13320	70
13328	70
13330	70
13331	70
13332	71
13336	70
13338	70
13339	70
13340	69
13344	69
13346	69
13347	69
13348	70
13824	66
13825	68
13826	68
13827	68
13828	67
13832	68
13840	68
13842	70
13843	68
13844	69
13848	68
13850	68
13851	68
13852	67
13856	67
13858	69
13859	69
13860	68
13952	68
13953	70
13954	70
13955	70
13956	69
14016	68
14017	70
14018	70
14019	68
14020	69
14032	70
14040	68
14042	70
14043	70
14044	69
14048	69
14050	69
14051	69
14052	70
14080	67
14081	69
14082	69
14083	69
14084	68
14096	69
14104	69
14106	69
14107	69
14108	68
14112	68
14114	70
14115	70
14116	69
14336	67
14337	69
14338	69
14339	67
14340	68
14344	69
14352	69
14354	69
14355	69
14356	70
14360	69
14362	69
14363	69
14364	68
14368	68
14370	68
14371	68
14372	69
14464	67
14465	69
14466	69
14467	69
14468	68
14528	67
14529	69
14530	69
14531	67
14532	68
14544	69
14552	69
14554	69
14555	69
14556	70
14560	68
14562	68
14563	68
14564	69
14592	68
14593	70
14594	70
14595	68
14596	69
14608	70
14616	68
14618	70
14619	70
14620	69
14624	69
14626	69
14627	69
14628	70
16384	65
16385	67
16386	67
16387	67
16388	66
16392	67
16400	67
16402	69
16403	67
16404	68
16408	67
16410	67
16411	67
16412	66
16416	66
16418	68
16419	68
16420	67
16448	67
16449	69
16450	69
16451	69
16452	68
16512	67
16513	69
16514	69
16515	69
16516	68
16528	69
16536	69
16538	69
16539	69
16540	68
16544	68
16546	70
16547	68
16548	69
16576	67
16577	69
16578	69
16579	67
16580	68
16592	69
16600	67
16602	69
16603	69
16604	68
16608	68
16610	68
16611	68
16612	69
16640	66
16641	68
16642	68
16643	68
16644	67
16656	68
16664	68
16666	68
16667	68
16668	67
16672	67
16674	69
16675	69
16676	68
17408	67
17409	69
17410	69
17411	69
17412	68
17416	69
17424	69
17426	71
17427	69
17428	70
17432	69
17434	69
17435	69
17436	68
17440	68
17442	70
17443	70
17444	69
17920	67
17921	69
17922	69
17923	67
17924	68
17928	69
17936	69
17938	71
17939	69
17940	70
17944	67
17946	67
17947	69
17948	66
17952	68
17954	70
17955	68
17956	69
18048	67
18049	69
18050	69
18051	69
18052	68
18112	67
18113	69
18114	69
18115	69
18116	68
18128	69
18136	69
18138	69
18139	69
18140	68
18144	68
18146	70
18147	70
18148	69
18176	68
18177	68
18178	68
18179	68
18180	67
18192	68
18200	68
18202	68
18203	68
18204	67
18208	69
18210	69
18211	69
18212	68
18432	66
18433	68
18434	68
18435	68
18436	67
18440	68
18448	68
18450	70
18451	68
18452	69
18456	68
18458	68
18459	68
18460	67
18464	67
18466	69
18467	69
18468	68
18560	68
18561	70
18562	70
18563	70
18564	69
18624	68
18625	70
18626	70
18627	68
18628	69
18640	70
18648	68
18650	70
18651	70
18652	69
18656	69
18658	69
18659	69
18660	70
18688	67
18689	69
18690	69
18691	69
18692	68
18704	69
18712	69
18714	69
18715	69
18716	68
18720	68
18722	70
18723	70
18724	69
32768	66
32769	68
32770	68
32771	68
32772	67
32776	68
32784	68
32786	70
32787	68
32788	69
32792	68
32794	68
32795	68
32796	67
32800	67
32802	69
32803	69
32804	68
32832	68
32833	70
32834	70
32835	70
32836	69
32896	68
32897	70
32898	70
32899	70
32900	69
32912	70
32920	70
32922	70
32923	70
32924	69
32928	69
32930	71
32931	69
32932	70
32960	68
32961	70
32962	70
32963	68
32964	69
32976	70
32984	68
32986	70
32987	70
32988	69
32992	69
32994	69
32995	69
32996	70
33024	67
33025	69
33026	69
33027	69
33028	68
33040	69
33048	69
33050	69
33051	69
33052	68
33056	68
33058	70
33059	70
33060	69
33280	68
33281	70
33282	70
33283	70
33284	69
33288	70
33296	70
33298	72
33299	70
33300	71
33304	70
33306	70
33307	70
33308	69
33312	69
33314	71
33315	71
33316	70
33792	68
33793	70
33794	70
33795	70
33796	69
33800	70
33808	70
33810	72
33811	70
33812	71
33816	70
33818	70
33819	70
33820	69
33824	69
33826	71
33827	71
33828	70
33920	70
33921	72
33922	72
33923	72
33924	71
33984	68
33985	70
33986	70
33987	70
33988	69
34000	70
34008	70
34010	72
34011	70
34012	71
34016	69
34018	71
34019	71
34020	70
34048	69
34049	71
34050	71
34051	71
34052	70
34064	71
34072	69
34074	71
34075	71
34076	70
34080	70
34082	72
34083	70
34084	71
34304	68
34305	70
34306	70
34307	68
34308	69
34312	70
34320	70
34322	72
34323	70
34324	71
34328	68
34330	68
34331	70
34332	67
34336	69
34338	71
34339	69
34340	70
34432	68
34433	70
34434	70
34435	70
34436	69
34496	68
34497	70
34498	70
34499	70
34500	69
34512	70
34520	70
34522	70
34523	70
34524	69
34528	69
34530	71
34531	71
34532	70
34560	69
34561	69
34562	69
34563	69
34564	68
34576	69
34584	69
34586	69
34587	69
34588	68
34592	70
34594	70
34595	70
34596	69
34816	67
34817	69
34818	69
34819	69
34820	68
34824	69
34832	69
34834	71
34835	69
34836	70
34840	69
34842	69
34843	69
34844	68
34848	68
34850	70
34851	70
34852	69
34944	69
34945	71
34946	71
34947	71
34948	70
35008	69
35009	71
35010	71
35011	69
35012	70
35024	71
35032	69
35034	71
35035	71
35036	70
35040	70
35042	70
35043	70
35044	71
35072	68
35073	70
35074	70
35075	70
35076	69
35088	70
35096	70
35098	70
35099	70
35100	69
35104	69
35106	71
35107	71
35108	70
65536	66
65537	68
65538	68
65539	68
65540	67
65544	68
65552	68
65554	70
65555	68
65556	69
65560	68
65562	68
65563	68
65564	67
65568	67
65570	69
65571	69
65572	68
65600	68
65601	70
65602	70
65603	70
65604	69
65664	68
65665	70
65666	70
65667	70
65668	69
65680	70
65688	70
65690	70
65691	70
65692	69
65696	69
65698	71
65699	69
65700	70
65728	68
65729	70
65730	70
65731	68
65732	69
65744	70
65752	68
65754	70
65755	70
65756	69
65760	69
65762	69
65763	69
65764	70
65792	67
65793	69
65794	69
65795	69
65796	68
65808	69
65816	69
65818	69
65819	69
65820	68
65824	68
65826	70
65827	70
65828	69
66048	68
66049	70
66050	70
66051	70
66052	69
66056	70
66064	70
66066	72
66067	70
66068	71
66072	70
66074	70
66075	70
66076	69
66080	69
66082	71
66083	71
66084	70
66560	68
66561	70
66562	70
66563	70
66564	69
66568	70
66576	70
66578	72
66579	70
66580	71
66584	70
66586	70
66587	70
66588	69
66592	69
66594	71
66595	71
66596	70
66688	70
66689	72
66690	72
66691	72
66692	71
66752	68
66753	70
66754	70
66755	70
66756	69
66768	70
66776	70
66778	72
66779	70
66780	71
66784	69
66786	71
66787	71
66788	70
66816	69
66817	71
66818	71
66819	71
66820	70
66832	71
66840	69
66842	71
66843	71
66844	70
66848	70
66850	72
66851	70
66852	71
67072	68
67073	70
67074	70
67075	68
67076	69
67080	70
67088	70
67090	72
67091	70
67092	71
67096	68
67098	68
67099	70
67100	67
67104	69
67106	71
67107	69
67108	70
67200	68
67201	70
67202	70
67203	70
67204	69
67264	68
67265	70
67266	70
67267	70
67268	69
67280	70
67288	70
67290	70
67291	70
67292	69
67296	69
67298	71
67299	71
67300	70
67328	69
67329	69
67330	69
67331	69
67332	68
67344	69
67352	69
67354	69
67355	69
67356	68
67360	70
67362	70
67363	70
67364	69
67584	67
67585	69
67586	69
67587	69
67588	68
67592	69
67600	69
67602	71
67603	69
67604	70
67608	69
67610	69
67611	69
67612	68
67616	68
67618	70
67619	70
67620	69
67712	69
67713	71
67714	71
67715	71
67716	70
67776	69
67777	71
67778	71
67779	69
67780	70
67792	71
67800	69
67802	71
67803	71
67804	70
67808	70
67810	70
67811	70
67812	71
67840	68
67841	70
67842	70
67843	70
67844	69
67856	70
67864	70
67866	70
67867	70
67868	69
67872	69
67874	71
67875	71
67876	70
73728	68
73729	70
73730	70
73731	70
73732	69
73736	70
73744	70
73746	72
73747	70
73748	71
73752	68
73754	70
73755	70
73756	69
73760	69
73762	71
73763	71
73764	70
73792	70
73793	72
73794	72
73795	72
73796	71
73856	70
73857	72
73858	72
73859	72
73860	71
73872	72
73880	70
73882	72
73883	72
73884	71
73888	71
73890	73
73891	71
73892	72
73920	70
73921	72
73922	72
73923	70
73924	71
73936	72
73944	70
73946	72
73947	72
73948	71
73952	71
73954	71
73955	71
73956	72
73984	69
73985	71
73986	71
73987	71
73988	70
74000	71
74008	69
74010	71
74011	71
74012	70
74016	70
74018	72
74019	72
74020	71
77824	66
77825	68
77826	68
77827	68
77828	67
77832	68
77840	68
77842	70
77843	68
77844	69
77848	68
77850	70
77851	68
77852	69
77856	67
77858	69
77859	69
77860	68
77888	68
77889	70
77890	70
77891	70
77892	69
77952	68
77953	70
77954	70
77955	70
77956	69
77968	70
77976	70
77978	70
77979	70
77980	69
77984	69
77986	71
77987	69
77988	70
78016	68
78017	70
78018	70
78019	68
78020	69
78032	70
78040	68
78042	70
78043	70
78044	69
78048	69
78050	69
78051	69
78052	70
78080	67
78081	69
78082	69
78083	69
78084	68
78096	69
78104	69
78106	71
78107	69
78108	70
78112	68
78114	70
78115	70
78116	69
78848	68
78849	70
78850	70
78851	70
78852	69
78856	70
78864	70
78866	72
78867	70
78868	71
78872	70
78874	70
78875	70
78876	69
78880	69
78882	71
78883	71
78884	70
79360	68
79361	70
79362	70
79363	70
79364	69
79368	70
79376	70
79378	72
79379	70
79380	71
79384	70
79386	70
79387	70
79388	69
79392	69
79394	71
79395	71
79396	70
79488	70
79489	72
79490	72
79491	72
79492	71
79552	68
79553	70
79554	70
79555	70
79556	69
79568	70
79576	70
79578	72
79579	70
79580	71
79584	69
79586	71
79587	71
79588	70
79616	69
79617	71
79618	71
79619	71
79620	70
79632	71
79640	69
79642	71
79643	71
79644	70
79648	70
79650	72
79651	70
79652	71
79872	67
79873	69
79874	69
79875	69
79876	68
79880	69
79888	69
79890	71
79891	69
79892	70
79896	69
79898	71
79899	69
79900	70
79904	68
79906	70
79907	70
79908	69
80000	69
80001	71
80002	71
80003	71
80004	70
80064	69
80065	71
80066	71
80067	69
80068	70
80080	71
80088	69
80090	71
80091	71
80092	70
80096	70
80098	70
80099	70
80100	71
80128	68
80129	70
80130	70
80131	70
80132	69
80144	70
80152	70
80154	72
80155	70
80156	71
80160	69
80162	71
80163	71
80164	70
81920	67
81921	69
81922	69
81923	69
81924	68
81928	69
81936	69
81938	71
81939	69
81940	70
81944	69
81946	69
81947	69
81948	68
81952	68
81954	70
81955	70
81956	69
81984	69
81985	71
81986	71
81987	71
81988	70
82048	69
82049	71
82050	71
82051	71
82052	70
82064	71
82072	69
82074	71
82075	71
82076	70
82080	70
82082	72
82083	70
82084	71
82112	69
82113	71
82114	71
82115	69
82116	70
82128	71
82136	69
82138	71
82139	71
82140	70
82144	70
82146	70
82147	70
82148	71
82176	68
82177	70
82178	70
82179	70
82180	69
82192	70
82200	68
82202	70
82203	70
82204	69
82208	69
82210	71
82211	71
82212	70
82944	69
82945	71
82946	71
82947	71
82948	70
82952	71
82960	71
82962	73
82963	71
82964	72
82968	71
82970	71
82971	71
82972	70
82976	70
82978	72
82979	72
82980	71
83456	67
83457	69
83458	69
83459	69
83460	68
83464	69
83472	69
83474	71
83475	69
83476	70
83480	67
83482	69
83483	69
83484	68
83488	68
83490	70
83491	70
83492	69
83584	69
83585	71
83586	71
83587	71
83588	70
83648	69
83649	71
83650	71
83651	71
83652	70
83664	71
83672	69
83674	71
83675	71
83676	70
83680	70
83682	72
83683	70
83684	71
83712	68
83713	70
83714	70
83715	70
83716	69
83728	70
83736	68
83738	70
83739	70
83740	69
83744	69
83746	71
83747	71
83748	70
83968	68
83969	70
83970	70
83971	70
83972	69
83976	70
83984	70
83986	72
83987	70
83988	71
83992	70
83994	70
83995	70
83996	69
84000	69
84002	71
84003	71
84004	70
84096	70
84097	72
84098	72
84099	72
84100	71
84160	68
84161	70
84162	70
84163	70
84164	69
84176	70
84184	70
84186	72
84187	70
84188	71
84192	69
84194	71
84195	71
84196	70
84224	69
84225	71
84226	71
84227	71
84228	70
84240	71
84248	69
84250	71
84251	71
84252	70
84256	70
84258	72
84259	70
84260	71
98304	66
98305	68
98306	68
98307	68
98308	67
98312	68
98320	68
98322	70
98323	68
98324	69
98328	68
98330	68
98331	68
98332	67
98336	67
98338	69
98339	67
98340	68
98368	68
98369	70
98370	70
98371	70
98372	69
98432	68
98433	70
98434	70
98435	68
98436	69
98448	70
98456	68
98458	70
98459	70
98460	69
98464	69
98466	71
98467	69
98468	70
98496	66
98497	68
98498	68
98499	68
98500	67
98512	68
98520	68
98522	70
98523	68
98524	69
98528	67
98530	69
98531	69
98532	68
98560	67
98561	69
98562	69
98563	69
98564	68
98576	69
98584	67
98586	69
98587	69
98588	68
98592	68
98594	70
98595	68
98596	69
98816	68
98817	70
98818	70
98819	70
98820	69
98824	70
98832	70
98834	72
98835	70
98836	71
98840	70
98842	70
98843	70
98844	69
98848	69
98850	71
98851	69
98852	70
99328	68
99329	70
99330	70
99331	68
99332	69
99336	70
99344	70
99346	72
99347	70
99348	71
99352	68
99354	68
99355	70
99356	67
99360	69
99362	71
99363	69
99364	70
99456	70
99457	72
99458	72
99459	72
99460	71
99520	68
99521	70
99522	70
99523	68
99524	69
99536	70
99544	70
99546	72
99547	70
99548	71
99552	69
99554	71
99555	69
99556	70
99584	69
99585	71
99586	71
99587	71
99588	70
99600	71
99608	69
99610	71
99611	71
99612	70
99616	70
99618	72
99619	70
99620	71
99840	66
99841	68
99842	68
99843	66
99844	67
99848	68
99856	68
99858	70
99859	68
99860	69
99864	66
99866	66
99867	68
99868	65
99872	67
99874	69
99875	67
99876	68
99968	68
99969	68
99970	68
99971	68
99972	67
100032	68
100033	70
100034	70
100035	70
100036	69
100048	70
100056	68
100058	70
100059	70
100060	69
100064	69
100066	71
100067	69
100068	70
100096	67
100097	67
100098	67
100099	67
100100	66
100112	67
100120	67
100122	67
100123	67
100124	66
100128	68
100130	68
100131	68
100132	67
100352	67
100353	69
100354	69
100355	69
100356	68
100360	69
100368	69
100370	71
100371	69
100372	70
100376	69
100378	69
100379	69
100380	68
100384	68
100386	70
100387	68
100388	69
100480	69
100481	71
100482	71
100483	71
100484	70
100544	67
100545	69
100546	69
100547	69
100548	68
100560	69
100568	69
100570	71
100571	69
100572	70
100576	68
100578	70
100579	70
100580	69
100608	68
100609	70
100610	70
100611	70
100612	69
100624	70
100632	68
100634	70
100635	70
100636	69
100640	69
100642	71
100643	69
100644	70
106496	66
106497	68
106498	68
106499	68
106500	67
106504	68
106512	68
106514	70
106515	68
106516	69
106520	68
106522	68
106523	68
106524	67
106528	67
106530	69
106531	69
106532	68
106560	68
106561	70
106562	70
106563	70
106564	69
106624	68
106625	70
106626	70
106627	70
106628	69
106640	70
106648	70
106650	70
106651	70
106652	69
106656	69
106658	71
106659	71
106660	70
106688	68
106689	70
106690	70
106691	68
106692	69
106704	70
106712	68
106714	70
106715	70
106716	69
106720	69
106722	69
106723	69
106724	70
106752	67
106753	69
106754	69
106755	69
106756	68
106768	69
106776	69
106778	69
106779	69
106780	68
106784	68
106786	70
106787	70
106788	69
110592	66
110593	68
110594	68
110595	68
110596	67
110600	68
110608	68
110610	70
110611	68
110612	69
110616	68
110618	68
110619	68
110620	67
110624	67
110626	69
110627	69
110628	68
110656	68
110657	70
110658	70
110659	70
110660	69
110720	68
110721	70
110722	70
110723	70
110724	69
110736	70
110744	70
110746	70
110747	70
110748	69
110752	69
110754	71
110755	69
110756	70
110784	68
110785	70
110786	70
110787	68
110788	69
110800	70
110808	68
110810	70
110811	70
110812	69
110816	69
110818	69
110819	69
110820	70
110848	67
110849	69
110850	69
110851	69
110852	68
110864	69
110872	69
110874	69
110875	69
110876	68
110880	68
110882	70
110883	70
110884	69
111616	68
111617	70
111618	70
111619	70
111620	69
111624	70
111632	70
111634	72
111635	70
111636	71
111640	70
111642	70
111643	70
111644	69
111648	69
111650	71
111651	71
111652	70
112128	68
112129	70
112130	70
112131	68
112132	69
112136	70
112144	70
112146	72
112147	70
112148	71
112152	68
112154	68
112155	70
112156	67
112160	69
112162	71
112163	69
112164	70
112256	68
112257	70
112258	70
112259	70
112260	69
112320	68
112321	70
112322	70
112323	70
112324	69
112336	70
112344	70
112346	70
112347	70
112348	69
112352	69
112354	71
112355	71
112356	70
112384	69
112385	69
112386	69
112387	69
112388	68
112400	69
112408	69
112410	69
112411	69
112412	68
112416	70
112418	70
112419	70
112420	69
112640	67
112641	69
112642	69
112643	69
112644	68
112648	69
112656	69
112658	71
112659	69
112660	70
112664	69
112666	69
112667	69
112668	68
112672	68
112674	70
112675	70
112676	69
112768	69
112769	71
112770	71
112771	71
112772	70
112832	69
112833	71
112834	71
112835	69
112836	70
112848	71
112856	69
112858	71
112859	71
112860	70
112864	70
112866	70
112867	70
112868	71
112896	68
112897	70
112898	70
112899	70
112900	69
112912	70
112920	70
112922	70
112923	70
112924	69
112928	69
112930	71
112931	71
112932	70
114688	67
114689	69
114690	69
114691	67
114692	68
114696	69
114704	69
114706	71
114707	69
114708	70
114712	67
114714	67
114715	69
114716	66
114720	68
114722	70
114723	68
114724	69
114752	69
114753	69
114754	69
114755	69
114756	68
114816	69
114817	69
114818	69
114819	69
114820	68
114832	69
114840	69
114842	69
114843	69
114844	68
114848	68
114850	70
114851	70
114852	69
114880	67
114881	69
114882	69
114883	69
114884	68
114896	69
114904	69
114906	69
114907	69
114908	68
114912	68
114914	70
114915	70
114916	69
114944	68
114945	68
114946	68
114947	68
114948	67
114960	68
114968	68
114970	68
114971	68
114972	67
114976	69
114978	69
114979	69
114980	68
115712	67
115713	69
115714	69
115715	69
115716	68
115720	69
115728	69
115730	71
115731	69
115732	70
115736	69
115738	69
115739	69
115740	68
115744	68
115746	70
115747	68
115748	69
116224	67
116225	69
116226	69
116227	67
116228	68
116232	69
116240	69
116242	71
116243	69
116244	70
116248	67
116250	67
116251	69
116252	66
116256	68
116258	70
116259	68
116260	69
116352	69
116353	69
116354	69
116355	69
116356	68
116416	69
116417	69
116418	69
116419	69
116420	68
116432	69
116440	69
116442	69
116443	69
116444	68
116448	70
116450	70
116451	70
116452	69
116480	68
116481	68
116482	68
116483	68
116484	67
116496	68
116504	68
116506	68
116507	68
116508	67
116512	69
116514	69
116515	69
116516	68
116736	68
116737	70
116738	70
116739	68
116740	69
116744	70
116752	70
116754	72
116755	70
116756	71
116760	68
116762	68
116763	70
116764	67
116768	69
116770	71
116771	69
116772	70
116864	68
116865	70
116866	70
116867	70
116868	69
116928	68
116929	70
116930	70
116931	70
116932	69
116944	70
116952	70
116954	70
116955	70
116956	69
116960	69
116962	71
116963	71
116964	70
116992	69
116993	69
116994	69
116995	69
116996	68
117008	69
117016	69
117018	69
117019	69
117020	68
117024	70
117026	70
117027	70
117028	69
131072	65
131073	67
131074	67
131075	67
131076	66
131080	67
131088	67
131090	69
131091	67
131092	68
131096	67
131098	67
131099	67
131100	66
131104	66
131106	68
131107	68
131108	67
131136	67
131137	69
131138	69
131139	69
131140	68
131200	67
131201	69
131202	69
131203	69
131204	68
131216	69
131224	69
131226	69
131227	69
131228	68
131232	68
131234	70
131235	68
131236	69
131264	67
131265	69
131266	69
131267	67
131268	68
131280	69
131288	67
131290	69
131291	69
131292	68
131296	68
131298	68
131299	68
131300	69
131328	66
131329	68
131330	68
131331	68
131332	67
131344	68
131352	68
131354	68
131355	68
131356	67
131360	67
131362	69
131363	69
131364	68
131584	67
131585	69
131586	69
131587	69
131588	68
131592	69
131600	69
131602	71
131603	69
131604	70
131608	69
131610	69
131611	69
131612	68
131616	68
131618	70
131619	70
131620	69
132096	67
132097	69
132098	69
132099	69
132100	68
132104	69
132112	69
132114	71
132115	69
132116	70
132120	69
132122	69
132123	69
132124	68
132128	68
132130	70
132131	70
132132	69
132224	69
132225	71
132226	71
132227	71
132228	70
132288	67
132289	69
132290	69
132291	69
132292	68
132304	69
132312	69
132314	71
132315	69
132316	70
132320	68
132322	70
132323	70
132324	69
132352	68
132353	70
132354	70
132355	70
132356	69
132368	70
132376	68
132378	70
132379	70
132380	69
132384	69
132386	71
132387	69
132388	70
132608	67
132609	69
132610	69
132611	67
132612	68
132616	69
132624	69
132626	71
132627	69
132628	70
132632	67
132634	67
132635	69
132636	66
132640	68
132642	70
132643	68
132644	69
132736	67
132737	69
132738	69
132739	69
132740	68
132800	67
132801	69
132802	69
132803	69
132804	68
132816	69
132824	69
132826	69
132827	69
132828	68
132832	68
132834	70
132835	70
132836	69
132864	68
132865	68
132866	68
132867	68
132868	67
132880	68
132888	68
132890	68
132891	68
132892	67
132896	69
132898	69
132899	69
132900	68
133120	66
133121	68
133122	68
133123	68
133124	67
133128	68
133136	68
133138	70
133139	68
133140	69
133144	68
133146	68
133147	68
133148	67
133152	67
133154	69
133155	69
133156	68
133248	68
133249	70
133250	70
133251	70
133252	69
133312	68
133313	70
133314	70
133315	68
133316	69
133328	70
133336	68
133338	70
133339	70
133340	69
133344	69
133346	69
133347	69
133348	70
133376	67
133377	69
133378	69
133379	69
133380	68
133392	69
133400	69
133402	69
133403	69
133404	68
133408	68
133410	70
133411	70
133412	69
139264	67
139265	69
139266	69
139267	69
139268	68
139272	69
139280	69
139282	71
139283	69
139284	70
139288	69
139290	69
139291	69
139292	68
139296	68
139298	70
139299	70
139300	69
139328	69
139329	71
139330	71
139331	71
139332	70
139392	69
139393	71
139394	71
139395	71
139396	70
139408	71
139416	71
139418	71
139419	71
139420	70
139424	70
139426	72
139427	70
139428	71
139456	69
139457	71
139458	71
139459	69
139460	70
139472	71
139480	69
139482	71
139483	71
139484	70
139488	70
139490	70
139491	70
139492	71
139520	68
139521	70
139522	70
139523	70
139524	69
139536	70
139544	70
139546	70
139547	70
139548	69
139552	69
139554	71
139555	71
139556	70
143360	67
143361	69
143362	69
143363	69
143364	68
143368	69
143376	69
143378	69
143379	69
143380	70
143384	69
143386	69
143387	69
143388	68
143392	68
143394	70
143395	68
143396	69
143424	69
143425	71
143426	71
143427	71
143428	70
143488	69
143489	71
143490	71
143491	69
143492	70
143504	71
143512	71
143514	71
143515	71
143516	70
143520	70
143522	72
143523	70
143524	71
143552	67
143553	69
143554	69
143555	67
143556	68
143568	69
143576	69
143578	71
143579	69
143580	70
143584	68
143586	68
143587	68
143588	69
143616	68
143617	70
143618	70
143619	70
143620	69
143632	70
143640	70
143642	70
143643	70
143644	69
143648	69
143650	71
143651	69
143652	70
144384	69
144385	71
144386	71
144387	69
144388	70
144392	71
144400	71
144402	71
144403	71
144404	72
144408	71
144410	71
144411	71
144412	70
144416	70
144418	70
144419	70
144420	71
144896	67
144897	69
144898	69
144899	69
144900	68
144904	69
144912	69
144914	71
144915	69
144916	70
144920	69
144922	69
144923	69
144924	68
144928	68
144930	70
144931	70
144932	69
145024	69
145025	71
145026	71
145027	71
145028	70
145088	69
145089	71
145090	71
145091	69
145092	70
145104	71
145112	69
145114	71
145115	71
145116	70
145120	70
145122	70
145123	70
145124	71
145152	68
145153	70
145154	70
145155	70
145156	69
145168	70
145176	70
145178	70
145179	70
145180	69
145184	69
145186	71
145187	71
145188	70
145408	68
145409	70
145410	70
145411	68
145412	69
145416	70
145424	70
145426	70
145427	70
145428	71
145432	70
145434	70
145435	70
145436	69
145440	69
145442	69
145443	69
145444	70
145536	68
145537	70
145538	70
145539	70
145540	69
145600	68
145601	70
145602	70
145603	68
145604	69
145616	70
145624	70
145626	70
145627	70
145628	71
145632	69
145634	69
145635	69
145636	70
145664	69
145665	71
145666	71
145667	69
145668	70
145680	71
145688	69
145690	71
145691	71
145692	70
145696	70
145698	70
145699	70
145700	71
147456	66
147457	68
147458	68
147459	68
147460	67
147464	68
147472	68
147474	70
147475	68
147476	69
147480	68
147482	68
147483	68
147484	67
147488	67
147490	69
147491	69
147492	68
147520	68
147521	70
147522	70
147523	70
147524	69
147584	68
147585	70
147586	70
147587	70
147588	69
147600	70
147608	70
147610	70
147611	70
147612	69
147616	69
147618	71
147619	69
147620	70
147648	68
147649	70
147650	70
147651	68
147652	69
147664	70
147672	68
147674	70
147675	70
147676	69
147680	69
147682	69
147683	69
147684	70
147712	67
147713	69
147714	69
147715	69
147716	68
147728	69
147736	69
147738	69
147739	69
147740	68
147744	68
147746	70
147747	70
147748	69
148480	68
148481	70
148482	70
148483	70
148484	69
148488	70
148496	70
148498	72
148499	70
148500	71
148504	70
148506	70
148507	70
148508	69
148512	69
148514	71
148515	71
148516	70
148992	68
148993	70
148994	70
148995	68
148996	69
149000	70
149008	70
149010	72
149011	70
149012	71
149016	68
149018	68
149019	70
149020	67
149024	69
149026	71
149027	69
149028	70
149120	68
149121	70
149122	70
149123	70
149124	69
149184	68
149185	70
149186	70
149187	70
149188	69
149200	70
149208	70
149210	70
149211	70
149212	69
149216	69
149218	71
149219	71
149220	70
149248	69
149249	69
149250	69
149251	69
149252	68
149264	69
149272	69
149274	69
149275	69
149276	68
149280	70
149282	70
149283	70
149284	69
149504	67
149505	69
149506	69
149507	69
149508	68
149512	69
149520	69
149522	71
149523	69
149524	70
149528	69
149530	69
149531	69
149532	68
149536	68
149538	70
149539	70
149540	69
149632	69
149633	71
149634	71
149635	71
149636	70
149696	69
149697	71
149698	71
149699	69
149700	70
149712	71
149720	69
149722	71
149723	71
149724	70
149728	70
149730	70
149731	70
149732	71
149760	68
149761	70
149762	70
149763	70
149764	69
149776	70
149784	70
149786	70
149787	70
149788	69
149792	69
149794	71
149795	71
149796	70
262144	66
262145	68
262146	68
262147	68
262148	67
262152	68
262160	68
262162	70
262163	68
262164	69
262168	68
262170	68
262171	68
262172	67
262176	67
262178	69
262179	69
262180	68
262208	68
262209	70
262210	70
262211	70
262212	69
262272	68
262273	70
262274	70
262275	70
262276	69
262288	70
262296	70
262298	70
262299	70
262300	69
262304	69
262306	71
262307	69
262308	70
262336	68
262337	70
262338	70
262339	68
262340	69
262352	70
262360	68
262362	70
262363	70
262364	69
262368	69
262370	69
262371	69
262372	70
262400	67
262401	69
262402	69
262403	69
262404	68
262416	69
262424	69
262426	69
262427	69
262428	68
262432	68
262434	70
262435	70
262436	69
262656	68
262657	70
262658	70
262659	70
262660	69
262664	70
262672	70
262674	72
262675	70
262676	71
262680	70
262682	70
262683	70
262684	69
262688	69
262690	71
262691	71
262692	70
263168	68
263169	70
263170	70
263171	70
263172	69
263176	70
263184	70
263186	72
263187	70
263188	71
263192	70
263194	70
263195	70
263196	69
263200	69
263202	71
263203	71
263204	70
263296	70
263297	72
263298	72
263299	72
263300	71
263360	68
263361	70
263362	70
263363	70
263364	69
263376	70
263384	70
263386	72
263387	70
263388	71
263392	69
263394	71
263395	71
263396	70
263424	69
263425	71
263426	71
263427	71
263428	70
263440	71
263448	69
263450	71
263451	71
263452	70
263456	70
263458	72
263459	70
263460	71
263680	68
263681	70
263682	70
263683	68
263684	69
263688	70
263696	70
263698	72
263699	70
263700	71
263704	68
263706	68
263707	70
263708	67
263712	69
263714	71
263715	69
263716	70
263808	68
263809	70
263810	70
263811	70
263812	69
263872	68
263873	70
263874	70
263875	70
263876	69
263888	70
263896	70
263898	70
263899	70
263900	69
263904	69
263906	71
263907	71
263908	70
263936	69
263937	69
263938	69
263939	69
263940	68
263952	69
263960	69
263962	69
263963	69
263964	68
263968	70
263970	70
263971	70
263972	69
264192	67
264193	69
264194	69
264195	69
264196	68
264200	69
264208	69
264210	71
264211	69
264212	70
264216	69
264218	69
264219	69
264220	68
264224	68
264226	70
264227	70
264228	69
264320	69
264321	71
264322	71
264323	71
264324	70
264384	69
264385	71
264386	71
264387	69
264388	70
264400	71
264408	69
264410	71
264411	71
264412	70
264416	70
264418	70
264419	70
264420	71
264448	68
264449	70
264450	70
264451	70
264452	69
264464	70
264472	70
264474	70
264475	70
264476	69
264480	69
264482	71
264483	71
264484	70
266240	68
266241	70
266242	70
266243	70
266244	69
266248	70
266256	70
266258	72
266259	70
266260	71
266264	70
266266	70
266267	70
266268	69
266272	69
266274	71
266275	71
266276	70
266304	70
266305	72
266306	72
266307	72
266308	71
266368	70
266369	72
266370	72
266371	72
266372	71
266384	72
266392	72
266394	72
266395	72
266396	71
266400	71
266402	73
266403	71
266404	72
266432	70
266433	72
266434	72
266435	70
266436	71
266448	72
266456	70
266458	72
266459	72
266460	71
266464	71
266466	71
266467	71
266468	72
266496	69
266497	71
266498	71
266499	71
266500	70
266512	71
266520	71
266522	71
266523	71
266524	70
266528	70
266530	72
266531	72
266532	71
270336	68
270337	70
270338	70
270339	70
270340	69
270344	70
270352	70
270354	72
270355	70
270356	71
270360	70
270362	70
270363	70
270364	69
270368	69
270370	71
270371	71
270372	70
270400	70
270401	72
270402	72
270403	72
270404	71
270464	70
270465	72
270466	72
270467	72
270468	71
270480	72
270488	72
270490	72
270491	72
270492	71
270496	71
270498	73
270499	71
270500	72
270528	70
270529	72
270530	72
270531	70
270532	71
270544	72
270552	70
270554	72
270555	72
270556	71
270560	71
270562	71
270563	71
270564	72
270592	69
270593	71
270594	71
270595	71
270596	70
270608	71
270616	71
270618	71
270619	71
270620	70
270624	70
270626	72
270627	72
270628	71
271360	70
271361	72
271362	72
271363	72
271364	71
271368	72
271376	72
271378	74
271379	72
271380	73
271384	72
271386	72
271387	72
271388	71
271392	71
271394	73
271395	71
271396	72
271872	70
271873	72
271874	72
271875	70
271876	71
271880	72
271888	72
271890	74
271891	72
271892	73
271896	70
271898	70
271899	72
271900	69
271904	71
271906	73
271907	71
271908	72
272000	70
272001	72
272002	72
272003	72
272004	71
272064	70
272065	72
272066	72
272067	72
272068	71
272080	72
272088	72
272090	72
272091	72
272092	71
272096	71
272098	73
272099	71
272100	72
272128	71
272129	71
272130	71
272131	71
272132	70
272144	71
272152	71
272154	71
272155	71
272156	70
272160	72
272162	72
272163	72
272164	71
272384	69
272385	71
272386	71
272387	71
272388	70
272392	71
272400	71
272402	73
272403	71
272404	72
272408	71
272410	71
272411	71
272412	70
272416	70
272418	72
272419	70
272420	71
272512	71
272513	73
272514	73
272515	73
272516	72
272576	69
272577	71
272578	71
272579	69
272580	70
272592	71
272600	71
272602	73
272603	71
272604	72
272608	70
272610	72
272611	70
272612	71
272640	70
272641	72
272642	72
272643	72
272644	71
272656	72
272664	72
272666	72
272667	72
272668	71
272672	71
272674	73
272675	71
272676	72
274432	68
274433	70
274434	70
274435	70
274436	69
274440	70
274448	70
274450	70
274451	70
274452	71
274456	70
274458	70
274459	70
274460	69
274464	69
274466	71
274467	69
274468	70
274496	70
274497	72
274498	72
274499	72
274500	71
274560	70
274561	72
274562	72
274563	70
274564	71
274576	72
274584	72
274586	72
274587	72
274588	71
274592	71
274594	73
274595	71
274596	72
274624	68
274625	70
274626	70
274627	68
274628	69
274640	70
274648	70
274650	72
274651	70
274652	71
274656	69
274658	69
274659	69
274660	70
274688	69
274689	71
274690	71
274691	71
274692	70
274704	71
274712	71
274714	71
274715	71
274716	70
274720	70
274722	72
274723	70
274724	71
275456	70
275457	72
275458	72
275459	70
275460	71
275464	72
275472	72
275474	72
275475	72
275476	73
275480	72
275482	72
275483	72
275484	71
275488	71
275490	71
275491	71
275492	72
275968	68
275969	70
275970	70
275971	70
275972	69
275976	70
275984	70
275986	72
275987	70
275988	71
275992	70
275994	70
275995	70
275996	69
276000	69
276002	71
276003	71
276004	70
276096	70
276097	72
276098	72
276099	72
276100	71
276160	70
276161	72
276162	72
276163	70
276164	71
276176	72
276184	70
276186	72
276187	72
276188	71
276192	71
276194	71
276195	71
276196	72
276224	69
276225	71
276226	71
276227	71
276228	70
276240	71
276248	71
276250	71
276251	71
276252	70
276256	70
276258	72
276259	72
276260	71
276480	69
276481	71
276482	71
276483	69
276484	70
276488	71
276496	71
276498	71
276499	71
276500	72
276504	71
276506	71
276507	71
276508	70
276512	70
276514	70
276515	70
276516	71
276608	69
276609	71
276610	71
276611	71
276612	70
276672	69
276673	71
276674	71
276675	69
276676	70
276688	71
276696	71
276698	71
276699	71
276700	72
276704	70
276706	70
276707	70
276708	71
276736	70
276737	72
276738	72
276739	70
276740	71
276752	72
276760	70
276762	72
276763	72
276764	71
276768	71
276770	71
276771	71
276772	72
278528	67
278529	69
278530	69
278531	69
278532	68
278536	69
278544	69
278546	71
278547	69
278548	70
278552	69
278554	69
278555	69
278556	68
278560	68
278562	70
278563	70
278564	69
278592	69
278593	71
278594	71
278595	71
278596	70
278656	69
278657	71
278658	71
278659	71
278660	70
278672	71
278680	71
278682	71
278683	71
278684	70
278688	70
278690	72
278691	70
278692	71
278720	69
278721	71
278722	71
278723	69
278724	70
278736	71
278744	69
278746	71
278747	71
278748	70
278752	70
278754	70
278755	70
278756	71
278784	68
278785	70
278786	70
278787	70
278788	69
278800	70
278808	70
278810	70
278811	70
278812	69
278816	69
278818	71
278819	71
278820	70
279552	69
279553	71
279554	71
279555	71
279556	70
279560	71
279568	71
279570	73
279571	71
279572	72
279576	71
279578	71
279579	71
279580	70
279584	70
279586	72
279587	70
279588	71
280064	69
280065	71
280066	71
280067	69
280068	70
280072	71
280080	71
280082	73
280083	71
280084	72
280088	69
280090	69
280091	71
280092	68
280096	70
280098	72
280099	70
280100	71
280192	69
280193	71
280194	71
280195	71
280196	70
280256	69
280257	71
280258	71
280259	71
280260	70
280272	71
280280	71
280282	71
280283	71
280284	70
280288	70
280290	72
280291	72
280292	71
280320	70
280321	70
280322	70
280323	70
280324	69
280336	70
280344	70
280346	70
280347	70
280348	69
280352	71
280354	71
280355	71
280356	70
280576	68
280577	70
280578	70
280579	70
280580	69
280584	70
280592	70
280594	72
280595	70
280596	71
280600	70
280602	70
280603	70
280604	69
280608	69
280610	71
280611	71
280612	70
280704	70
280705	72
280706	72
280707	72
280708	71
280768	70
280769	72
280770	72
280771	70
280772	71
280784	72
280792	70
280794	72
280795	72
280796	71
280800	71
280802	71
280803	71
280804	72
280832	69
280833	71
280834	71
280835	71
280836	70
280848	71
280856	71
280858	71
280859	71
280860	70
280864	70
280866	72
280867	72
280868	71
524288	66
524289	68
524290	68
524291	68
524292	67
524296	68
524304	68
524306	70
524307	68
524308	69
524312	68
524314	68
524315	68
524316	67
524320	67
524322	69
524323	69
524324	68
524352	68
524353	70
524354	70
524355	70
524356	69
524416	68
524417	70
524418	70
524419	70
524420	69
524432	70
524440	70
524442	70
524443	70
524444	69
524448	69
524450	71
524451	69
524452	70
524480	68
524481	70
524482	70
524483	68
524484	69
524496	70
524504	68
524506	70
524507	70
524508	69
524512	69
524514	69
524515	69
524516	70
524544	67
524545	69
524546	69
524547	69
524548	68
524560	69
524568	69
524570	69
524571	69
524572	68
524576	68
524578	70
524579	70
524580	69
524800	68
524801	70
524802	70
524803	70
524804	69
524808	70
524816	70
524818	72
524819	70
524820	71
524824	70
524826	70
524827	70
524828	69
524832	69
524834	71
524835	71
524836	70
525312	68
525313	70
525314	70
525315	70
525316	69
525320	70
525328	70
525330	72
525331	70
525332	71
525336	70
525338	70
525339	70
525340	69
525344	69
525346	71
525347	71
525348	70
525440	70
525441	72
525442	72
525443	72
525444	71
525504	68
525505	70
525506	70
525507	70
525508	69
525520	70
525528	70
525530	72
525531	70
525532	71
525536	69
525538	71
525539	71
525540	70
525568	69
525569	71
525570	71
525571	71
525572	70
525584	71
525592	69
525594	71
525595	71
525596	70
525600	70
525602	72
525603	70
525604	71
525824	68
525825	70
525826	70
525827	68
525828	69
525832	70
525840	70
525842	72
525843	70
525844	71
525848	68
525850	68
525851	70
525852	67
525856	69
525858	71
525859	69
525860	70
525952	68
525953	70
525954	70
525955	70
525956	69
526016	68
526017	70
526018	70
526019	70
526020	69
526032	70
526040	70
526042	70
526043	70
526044	69
526048	69
526050	71
526051	71
526052	70
526080	69
526081	69
526082	69
526083	69
526084	68
526096	69
526104	69
526106	69
526107	69
526108	68
526112	70
526114	70
526115	70
526116	69
526336	67
526337	69
526338	69
526339	69
526340	68
526344	69
526352	69
526354	71
526355	69
526356	70
526360	69
526362	69
526363	69
526364	68
526368	68
526370	70
526371	70
526372	69
526464	69
526465	71
526466	71
526467	71
526468	70
526528	69
526529	71
526530	71
526531	69
526532	70
526544	71
526552	69
526554	71
526555	71
526556	70
526560	70
526562	70
526563	70
526564	71
526592	68
526593	70
526594	70
526595	70
526596	69
526608	70
526616	70
526618	70
526619	70
526620	69
526624	69
526626	71
526627	71
526628	70
528384	68
528385	70
528386	70
528387	70
528388	69
528392	70
528400	70
528402	72
528403	70
528404	71
528408	70
528410	70
528411	70
528412	69
528416	69
528418	71
528419	71
528420	70
528448	70
528449	72
528450	72
528451	72
528452	71
528512	70
528513	72
528514	72
528515	72
528516	71
528528	72
528536	72
528538	72
528539	72
528540	71
528544	71
528546	73
528547	71
528548	72
528576	70
528577	72
528578	72
528579	70
528580	71
528592	72
528600	70
528602	72
528603	72
528604	71
528608	71
528610	71
528611	71
528612	72
528640	69
528641	71
528642	71
528643	71
528644	70
528656	71
528664	71
528666	71
528667	71
528668	70
528672	70
528674	72
528675	72
528676	71
532480	68
532481	70
532482	70
532483	70
532484	69
532488	70
532496	70
532498	72
532499	70
532500	71
532504	70
532506	70
532507	70
532508	69
532512	69
532514	71
532515	71
532516	70
532544	70
532545	72
532546	72
532547	72
532548	71
532608	70
532609	72
532610	72
532611	72
532612	71
532624	72
532632	72
532634	72
532635	72
532636	71
532640	71
532642	73
532643	71
532644	72
532672	70
532673	72
532674	72
532675	70
532676	71
532688	72
532696	70
532698	72
532699	72
532700	71
532704	71
532706	71
532707	71
532708	72
532736	69
532737	71
532738	71
532739	71
532740	70
532752	71
532760	71
532762	71
532763	71
532764	70
532768	70
532770	72
532771	72
532772	71
533504	70
533505	72
533506	72
533507	70
533508	71
533512	72
533520	72
533522	74
533523	72
533524	73
533528	72
533530	72
533531	72
533532	71
533536	71
533538	73
533539	71
533540	72
534016	70
534017	72
534018	72
534019	70
534020	71
534024	72
534032	72
534034	74
534035	72
534036	73
534040	70
534042	70
534043	72
534044	69
534048	71
534050	73
534051	71
534052	72
534144	70
534145	72
534146	72
534147	72
534148	71
534208	70
534209	72
534210	72
534211	72
534212	71
534224	72
534232	72
534234	72
534235	72
534236	71
534240	71
534242	73
534243	71
534244	72
534272	71
534273	71
534274	71
534275	71
534276	70
534288	71
534296	71
534298	71
534299	71
534300	70
534304	72
534306	72
534307	72
534308	71
534528	69
534529	71
534530	71
534531	71
534532	70
534536	71
534544	71
534546	73
534547	71
534548	72
534552	71
534554	71
534555	71
534556	70
534560	70
534562	72
534563	70
534564	71
534656	71
534657	73
534658	73
534659	73
534660	72
534720	69
534721	71
534722	71
534723	69
534724	70
534736	71
534744	71
534746	73
534747	71
534748	72
534752	70
534754	72
534755	70
534756	71
534784	70
534785	72
534786	72
534787	72
534788	71
534800	72
534808	72
534810	72
534811	72
534812	71
534816	71
534818	73
534819	71
534820	72
536576	68
536577	70
536578	70
536579	70
536580	69
536584	70
536592	70
536594	70
536595	70
536596	71
536600	70
536602	70
536603	70
536604	69
536608	69
536610	71
536611	69
536612	70
536640	70
536641	72
536642	72
536643	72
536644	71
536704	70
536705	72
536706	72
536707	70
536708	71
536720	72
536728	72
536730	72
536731	72
536732	71
536736	71
536738	73
536739	71
536740	72
536768	68
536769	70
536770	70
536771	68
536772	69
536784	70
536792	70
536794	72
536795	70
536796	71
536800	69
536802	69
536803	69
536804	70
536832	69
536833	71
536834	71
536835	71
536836	70
536848	71
536856	71
536858	71
536859	71
536860	70
536864	70
536866	72
536867	70
536868	71
537600	70
537601	72
537602	72
537603	70
537604	71
537608	72
537616	72
537618	72
537619	72
537620	73
537624	72
537626	72
537627	72
537628	71
537632	71
537634	71
537635	71
537636	72
538112	68
538113	70
538114	70
538115	70
538116	69
538120	70
538128	70
538130	72
538131	70
538132	71
538136	70
538138	70
538139	70
538140	69
538144	69
538146	71
538147	71
538148	70
538240	70
538241	72
538242	72
538243	72
538244	71
538304	70
538305	72
538306	72
538307	70
538308	71
538320	72
538328	70
538330	72
538331	72
538332	71
538336	71
538338	71
538339	71
538340	72
538368	69
538369	71
538370	71
538371	71
538372	70
538384	71
538392	71
538394	71
538395	71
538396	70
538400	70
538402	72
538403	72
538404	71
538624	69
538625	71
538626	71
538627	69
538628	70
538632	71
538640	71
538642	71
538643	71
538644	72
538648	71
538650	71
538651	71
538652	70
538656	70
538658	70
538659	70
538660	71
538752	69
538753	71
538754	71
538755	71
538756	70
538816	69
538817	71
538818	71
538819	69
538820	70
538832	71
538840	71
538842	71
538843	71
538844	72
538848	70
538850	70
538851	70
538852	71
538880	70
538881	72
538882	72
538883	70
538884	71
538896	72
538904	70
538906	72
538907	72
538908	71
538912	71
538914	71
538915	71
538916	72
540672	67
540673	69
540674	69
540675	69
540676	68
540680	69
540688	69
540690	71
540691	69
540692	70
540696	69
540698	69
540699	69
540700	68
540704	68
540706	70
540707	70
540708	69
540736	69
540737	71
540738	71
540739	71
540740	70
540800	69
540801	71
540802	71
540803	71
540804	70
540816	71
540824	71
540826	71
540827	71
540828	70
540832	70
540834	72
540835	70
540836	71
540864	69
540865	71
540866	71
540867	69
540868	70
540880	71
540888	69
540890	71
540891	71
540892	70
540896	70
540898	70
540899	70
540900	71
540928	68
540929	70
540930	70
540931	70
540932	69
540944	70
540952	70
540954	70
540955	70
540956	69
540960	69
540962	71
540963	71
540964	70
541696	69
541697	71
541698	71
541699	71
541700	70
541704	71
541712	71
541714	73
541715	71
541716	72
541720	71
541722	71
541723	71
541724	70
541728	70
541730	72
541731	70
541732	71
542208	69
542209	71
542210	71
542211	69
542212	70
542216	71
542224	71
542226	73
542227	71
542228	72
542232	69
542234	69
542235	71
542236	68
542240	70
542242	72
542243	70
542244	71
542336	69
542337	71
542338	71
542339	71
542340	70
542400	69
542401	71
542402	71
542403	71
542404	70
542416	71
542424	71
542426	71
542427	71
542428	70
542432	70
542434	72
542435	72
542436	71
542464	70
542465	70
542466	70
542467	70
542468	69
542480	70
542488	70
542490	70
542491	70
542492	69
542496	71
542498	71
542499	71
542500	70
542720	68
542721	70
542722	70
542723	70
542724	69
542728	70
542736	70
542738	72
542739	70
542740	71
542744	70
542746	70
542747	70
542748	69
542752	69
542754	71
542755	71
542756	70
542848	70
542849	72
542850	72
542851	72
542852	71
542912	70
542913	72
542914	72
542915	70
542916	71
542928	72
542936	70
542938	72
542939	72
542940	71
542944	71
542946	71
542947	71
542948	72
542976	69
542977	71
542978	71
542979	71
542980	70
542992	71
543000	71
543002	71
543003	71
543004	70
543008	70
543010	72
543011	72
543012	71
589824	68
589825	70
589826	70
589827	70
589828	69
589832	70
589840	70
589842	72
589843	70
589844	71
589848	70
589850	70
589851	70
589852	69
589856	69
589858	71
589859	71
589860	70
589888	70
589889	72
589890	72
589891	72
589892	71
589952	70
589953	72
589954	72
589955	72
589956	71
589968	72
589976	72
589978	72
589979	72
589980	71
589984	71
589986	73
589987	71
589988	72
590016	70
590017	72
590018	72
590019	70
590020	71
590032	72
590040	70
590042	72
590043	72
590044	71
590048	71
590050	71
590051	71
590052	72
590080	69
590081	71
590082	71
590083	71
590084	70
590096	71
590104	71
590106	71
590107	71
590108	70
590112	70
590114	72
590115	72
590116	71
590336	70
590337	72
590338	72
590339	72
590340	71
590344	72
590352	72
590354	74
590355	72
590356	73
590360	72
590362	72
590363	72
590364	71
590368	71
590370	73
590371	71
590372	72
590848	70
590849	72
590850	72
590851	72
590852	71
590856	72
590864	72
590866	74
590867	72
590868	73
590872	72
590874	72
590875	72
590876	71
590880	71
590882	73
590883	71
590884	72
590976	72
590977	74
590978	74
590979	74
590980	73
591040	70
591041	72
591042	72
591043	70
591044	71
591056	72
591064	72
591066	74
591067	72
591068	73
591072	71
591074	73
591075	71
591076	72
591104	71
591105	73
591106	73
591107	73
591108	72
591120	73
591128	71
591130	73
591131	73
591132	72
591136	72
591138	74
591139	72
591140	73
591360	70
591361	72
591362	72
591363	70
591364	71
591368	72
591376	72
591378	74
591379	72
591380	73
591384	70
591386	70
591387	72
591388	69
591392	71
591394	73
591395	71
591396	72
591488	70
591489	72
591490	72
591491	72
591492	71
591552	70
591553	72
591554	72
591555	72
591556	71
591568	72
591576	72
591578	72
591579	72
591580	71
591584	71
591586	73
591587	71
591588	72
591616	71
591617	71
591618	71
591619	71
591620	70
591632	71
591640	71
591642	71
591643	71
591644	70
591648	72
591650	72
591651	72
591652	71
591872	69
591873	71
591874	71
591875	71
591876	70
591880	71
591888	71
591890	73
591891	71
591892	72
591896	71
591898	71
591899	71
591900	70
591904	70
591906	72
591907	70
591908	71
592000	71
592001	73
592002	73
592003	73
592004	72
592064	69
592065	71
592066	71
592067	69
592068	70
592080	71
592088	71
592090	73
592091	71
592092	72
592096	70
592098	72
592099	70
592100	71
592128	70
592129	72
592130	72
592131	72
592132	71
592144	72
592152	72
592154	72
592155	72
592156	71
592160	71
592162	73
592163	71
592164	72
622592	68
622593	70
622594	70
622595	70
622596	69
622600	70
622608	70
622610	72
622611	70
622612	71
622616	70
622618	70
622619	70
622620	69
622624	69
622626	71
622627	69
622628	70
622656	70
622657	72
622658	72
622659	72
622660	71
622720	70
622721	72
622722	72
622723	70
622724	71
622736	72
622744	70
622746	72
622747	72
622748	71
622752	71
622754	73
622755	71
622756	72
622784	68
622785	70
622786	70
622787	68
622788	69
622800	70
622808	70
622810	72
622811	70
622812	71
622816	69
622818	71
622819	69
622820	70
622848	69
622849	71
622850	71
622851	71
622852	70
622864	71
622872	69
622874	71
622875	71
622876	70
622880	70
622882	72
622883	70
622884	71
623104	70
623105	72
623106	72
623107	72
623108	71
623112	72
623120	72
623122	74
623123	72
623124	73
623128	72
623130	72
623131	72
623132	71
623136	71
623138	73
623139	71
623140	72
623616	70
623617	72
623618	72
623619	70
623620	71
623624	72
623632	72
623634	74
623635	72
623636	73
623640	70
623642	70
623643	72
623644	69
623648	71
623650	73
623651	71
623652	72
623744	72
623745	74
623746	74
623747	74
623748	73
623808	70
623809	72
623810	72
623811	70
623812	71
623824	72
623832	72
623834	74
623835	72
623836	73
623840	71
623842	73
623843	71
623844	72
623872	71
623873	73
623874	73
623875	73
623876	72
623888	73
623896	71
623898	73
623899	73
623900	72
623904	72
623906	74
623907	72
623908	73
624128	68
624129	70
624130	70
624131	68
624132	69
624136	70
624144	70
624146	72
624147	70
624148	71
624152	68
624154	68
624155	70
624156	67
624160	69
624162	71
624163	69
624164	70
624256	70
624257	70
624258	70
624259	70
624260	69
624320	70
624321	72
624322	72
624323	72
624324	71
624336	72
624344	70
624346	72
624347	72
624348	71
624352	71
624354	73
624355	71
624356	72
624384	69
624385	69
624386	69
624387	69
624388	68
624400	69
624408	69
624410	69
624411	69
624412	68
624416	70
624418	70
624419	70
624420	69
624640	69
624641	71
624642	71
624643	71
624644	70
624648	71
624656	71
624658	73
624659	71
624660	72
624664	71
624666	71
624667	71
624668	70
624672	70
624674	72
624675	70
624676	71
624768	71
624769	73
624770	73
624771	73
624772	72
624832	69
624833	71
624834	71
624835	69
624836	70
624848	71
624856	71
624858	73
624859	71
624860	72
624864	70
624866	72
624867	70
624868	71
624896	70
624897	72
624898	72
624899	72
624900	71
624912	72
624920	70
624922	72
624923	72
624924	71
624928	71
624930	73
624931	71
624932	72
630784	68
630785	70
630786	70
630787	70
630788	69
630792	70
630800	70
630802	72
630803	70
630804	71
630808	70
630810	70
630811	70
630812	69
630816	69
630818	71
630819	71
630820	70
630848	70
630849	72
630850	72
630851	72
630852	71
630912	70
630913	72
630914	72
630915	72
630916	71
630928	72
630936	72
630938	72
630939	72
630940	71
630944	71
630946	73
630947	71
630948	72
630976	70
630977	72
630978	72
630979	70
630980	71
630992	72
631000	70
631002	72
631003	72
631004	71
631008	71
631010	71
631011	71
631012	72
631040	69
631041	71
631042	71
631043	71
631044	70
631056	71
631064	71
631066	71
631067	71
631068	70
631072	70
631074	72
631075	72
631076	71
634880	68
634881	70
634882	70
634883	70
634884	69
634888	70
634896	70
634898	72
634899	70
634900	71
634904	70
634906	70
634907	70
634908	69
634912	69
634914	71
634915	71
634916	70
634944	70
634945	72
634946	72
634947	72
634948	71
635008	70
635009	72
635010	72
635011	72
635012	71
635024	72
635032	72
635034	72
635035	72
635036	71
635040	71
635042	73
635043	71
635044	72
635072	70
635073	72
635074	72
635075	70
635076	71
635088	72
635096	70
635098	72
635099	72
635100	71
635104	71
635106	71
635107	71
635108	72
635136	69
635137	71
635138	71
635139	71
635140	70
635152	71
635160	71
635162	71
635163	71
635164	70
635168	70
635170	72
635171	72
635172	71
635904	70
635905	72
635906	72
635907	72
635908	71
635912	72
635920	72
635922	74
635923	72
635924	73
635928	72
635930	72
635931	72
635932	71
635936	71
635938	73
635939	71
635940	72
636416	70
636417	72
636418	72
636419	70
636420	71
636424	72
636432	72
636434	74
636435	72
636436	73
636440	70
636442	70
636443	72
636444	69
636448	71
636450	73
636451	71
636452	72
636544	70
636545	72
636546	72
636547	72
636548	71
636608	70
636609	72
636610	72
636611	72
636612	71
636624	72
636632	72
636634	72
636635	72
636636	71
636640	71
636642	73
636643	71
636644	72
636672	71
636673	71
636674	71
636675	71
636676	70
636688	71
636696	71
636698	71
636699	71
636700	70
636704	72
636706	72
636707	72
636708	71
636928	69
636929	71
636930	71
636931	71
636932	70
636936	71
636944	71
636946	73
636947	71
636948	72
636952	71
636954	71
636955	71
636956	70
636960	70
636962	72
636963	70
636964	71
637056	71
637057	73
637058	73
637059	73
637060	72
637120	69
637121	71
637122	71
637123	69
637124	70
637136	71
637144	71
637146	73
637147	71
637148	72
637152	70
637154	72
637155	70
637156	71
637184	70
637185	72
637186	72
637187	72
637188	71
637200	72
637208	72
637210	72
637211	72
637212	71
637216	71
637218	73
637219	71
637220	72
638976	69
638977	71
638978	71
638979	69
638980	70
638984	71
638992	71
638994	73
638995	71
638996	72
639000	69
639002	69
639003	71
639004	68
639008	70
639010	72
639011	70
639012	71
639040	71
639041	71
639042	71
639043	71
639044	70
639104	71
639105	71
639106	71
639107	71
639108	70
639120	71
639128	71
639130	71
639131	71
639132	70
639136	70
639138	72
639139	70
639140	71
639168	69
639169	71
639170	71
639171	69
639172	70
639184	71
639192	71
639194	71
639195	71
639196	70
639200	70
639202	72
639203	70
639204	71
639232	70
639233	70
639234	70
639235	70
639236	69
639248	70
639256	70
639258	70
639259	70
639260	69
639264	71
639266	71
639267	71
639268	70
640000	69
640001	71
640002	71
640003	71
640004	70
640008	71
640016	71
640018	73
640019	71
640020	72
640024	71
640026	71
640027	71
640028	70
640032	70
640034	72
640035	70
640036	71
640512	69
640513	71
640514	71
640515	69
640516	70
640520	71
640528	71
640530	73
640531	71
640532	72
640536	69
640538	69
640539	71
640540	68
640544	70
640546	72
640547	70
640548	71
640640	71
640641	71
640642	71
640643	71
640644	70
640704	71
640705	71
640706	71
640707	71
640708	70
640720	71
640728	71
640730	71
640731	71
640732	70
640736	72
640738	72
640739	72
640740	71
640768	70
640769	70
640770	70
640771	70
640772	69
640784	70
640792	70
640794	70
640795	70
640796	69
640800	71
640802	71
640803	71
640804	70
641024	70
641025	72
641026	72
641027	70
641028	71
641032	72
641040	72
641042	74
641043	72
641044	73
641048	70
641050	70
641051	72
641052	69
641056	71
641058	73
641059	71
641060	72
641152	70
641153	72
641154	72
641155	72
641156	71
641216	70
641217	72
641218	72
641219	70
641220	71
641232	72
641240	72
641242	72
641243	72
641244	71
641248	71
641250	73
641251	71
641252	72
641280	71
641281	71
641282	71
641283	71
641284	70
641296	71
641304	71
641306	71
641307	71
641308	70
641312	72
641314	72
641315	72
641316	71
655360	67
655361	69
655362	69
655363	69
655364	68
655368	69
655376	69
655378	71
655379	69
655380	70
655384	69
655386	69
655387	69
655388	68
655392	68
655394	70
655395	70
655396	69
655424	69
655425	71
655426	71
655427	71
655428	70
655488	69
655489	71
655490	71
655491	71
655492	70
655504	71
655512	71
655514	71
655515	71
655516	70
655520	70
655522	72
655523	70
655524	71
655552	69
655553	71
655554	71
655555	69
655556	70
655568	71
655576	69
655578	71
655579	71
655580	70
655584	70
655586	70
655587	70
655588	71
655616	68
655617	70
655618	70
655619	70
655620	69
655632	70
655640	70
655642	70
655643	70
655644	69
655648	69
655650	71
655651	71
655652	70
655872	69
655873	71
655874	71
655875	71
655876	70
655880	71
655888	71
655890	73
655891	71
655892	72
655896	71
655898	71
655899	71
655900	70
655904	70
655906	72
655907	70
655908	71
656384	69
656385	71
656386	71
656387	71
656388	70
656392	71
656400	71
656402	73
656403	71
656404	72
656408	71
656410	71
656411	71
656412	70
656416	70
656418	72
656419	70
656420	71
656512	71
656513	73
656514	73
656515	73
656516	72
656576	69
656577	71
656578	71
656579	69
656580	70
656592	71
656600	71
656602	73
656603	71
656604	72
656608	70
656610	72
656611	70
656612	71
656640	70
656641	72
656642	72
656643	72
656644	71
656656	72
656664	70
656666	72
656667	72
656668	71
656672	71
656674	73
656675	71
656676	72
656896	69
656897	71
656898	71
656899	69
656900	70
656904	71
656912	71
656914	73
656915	71
656916	72
656920	69
656922	69
656923	71
656924	68
656928	70
656930	72
656931	70
656932	71
657024	69
657025	71
657026	71
657027	71
657028	70
657088	69
657089	71
657090	71
657091	71
657092	70
657104	71
657112	71
657114	71
657115	71
657116	70
657120	70
657122	72
657123	70
657124	71
657152	70
657153	70
657154	70
657155	70
657156	69
657168	70
657176	70
657178	70
657179	70
657180	69
657184	71
657186	71
657187	71
657188	70
657408	68
657409	70
657410	70
657411	70
657412	69
657416	70
657424	70
657426	72
657427	70
657428	71
657432	70
657434	70
657435	70
657436	69
657440	69
657442	71
657443	69
657444	70
657536	70
657537	72
657538	72
657539	72
657540	71
657600	68
657601	70
657602	70
657603	68
657604	69
657616	70
657624	70
657626	72
657627	70
657628	71
657632	69
657634	71
657635	69
657636	70
657664	69
657665	71
657666	71
657667	71
657668	70
657680	71
657688	71
657690	71
657691	71
657692	70
657696	70
657698	72
657699	70
657700	71
663552	69
663553	71
663554	71
663555	71
663556	70
663560	71
663568	71
663570	73
663571	71
663572	72
663576	71
663578	71
663579	71
663580	70
663584	70
663586	72
663587	72
663588	71
663616	71
663617	73
663618	73
663619	73
663620	72
663680	71
663681	73
663682	73
663683	73
663684	72
663696	73
663704	73
663706	73
663707	73
663708	72
663712	72
663714	74
663715	72
663716	73
663744	71
663745	73
663746	73
663747	71
663748	72
663760	73
663768	71
663770	73
663771	73
663772	72
663776	72
663778	72
663779	72
663780	73
663808	70
663809	72
663810	72
663811	72
663812	71
663824	72
663832	72
663834	72
663835	72
663836	71
663840	71
663842	73
663843	73
663844	72
667648	67
667649	69
667650	69
667651	69
667652	68
667656	69
667664	69
667666	71
667667	69
667668	70
667672	69
667674	71
667675	69
667676	70
667680	68
667682	70
667683	68
667684	69
667712	69
667713	71
667714	71
667715	71
667716	70
667776	69
667777	71
667778	71
667779	69
667780	70
667792	71
667800	71
667802	71
667803	71
667804	70
667808	70
667810	72
667811	70
667812	71
667840	67
667841	69
667842	69
667843	67
667844	68
667856	69
667864	69
667866	71
667867	69
667868	70
667872	68
667874	70
667875	68
667876	69
667904	68
667905	70
667906	70
667907	70
667908	69
667920	70
667928	70
667930	72
667931	70
667932	71
667936	69
667938	71
667939	69
667940	70
668672	69
668673	71
668674	71
668675	71
668676	70
668680	71
668688	71
668690	73
668691	71
668692	72
668696	71
668698	71
668699	71
668700	70
668704	70
668706	72
668707	70
668708	71
669184	69
669185	71
669186	71
669187	71
669188	70
669192	71
669200	71
669202	73
669203	71
669204	72
669208	71
669210	71
669211	71
669212	70
669216	70
669218	72
669219	70
669220	71
669312	71
669313	73
669314	73
669315	73
669316	72
669376	69
669377	71
669378	71
669379	71
669380	70
669392	71
669400	71
669402	73
669403	71
669404	72
669408	70
669410	72
669411	70
669412	71
669440	70
669441	72
669442	72
669443	72
669444	71
669456	72
669464	72
669466	72
669467	72
669468	71
669472	71
669474	73
669475	71
669476	72
669696	68
669697	70
669698	70
669699	70
669700	69
669704	70
669712	70
669714	72
669715	70
669716	71
669720	70
669722	72
669723	70
669724	71
669728	69
669730	71
669731	69
669732	70
669824	70
669825	72
669826	72
669827	72
669828	71
669888	68
669889	70
669890	70
669891	68
669892	69
669904	70
669912	70
669914	72
669915	70
669916	71
669920	69
669922	71
669923	69
669924	70
669952	69
669953	71
669954	71
669955	71
669956	70
669968	71
669976	71
669978	73
669979	71
669980	72
669984	70
669986	72
669987	70
669988	71
671744	68
671745	70
671746	70
671747	70
671748	69
671752	70
671760	70
671762	72
671763	70
671764	71
671768	70
671770	70
671771	70
671772	69
671776	69
671778	71
671779	71
671780	70
671808	70
671809	72
671810	72
671811	72
671812	71
671872	70
671873	72
671874	72
671875	72
671876	71
671888	72
671896	72
671898	72
671899	72
671900	71
671904	71
671906	73
671907	71
671908	72
671936	70
671937	72
671938	72
671939	70
671940	71
671952	72
671960	70
671962	72
671963	72
671964	71
671968	71
671970	71
671971	71
671972	72
672000	69
672001	71
672002	71
672003	71
672004	70
672016	71
672024	71
672026	71
672027	71
672028	70
672032	70
672034	72
672035	72
672036	71
672768	70
672769	72
672770	72
672771	72
672772	71
672776	72
672784	72
672786	74
672787	72
672788	73
672792	72
672794	72
672795	72
672796	71
672800	71
672802	73
672803	71
672804	72
673280	70
673281	72
673282	72
673283	70
673284	71
673288	72
673296	72
673298	74
673299	72
673300	73
673304	70
673306	70
673307	72
673308	69
673312	71
673314	73
673315	71
673316	72
673408	70
673409	72
673410	72
673411	72
673412	71
673472	70
673473	72
673474	72
673475	72
673476	71
673488	72
673496	72
673498	72
673499	72
673500	71
673504	71
673506	73
673507	71
673508	72
673536	71
673537	71
673538	71
673539	71
673540	70
673552	71
673560	71
673562	71
673563	71
673564	70
673568	72
673570	72
673571	72
673572	71
673792	69
673793	71
673794	71
673795	71
673796	70
673800	71
673808	71
673810	73
673811	71
673812	72
673816	71
673818	71
673819	71
673820	70
673824	70
673826	72
673827	70
673828	71
673920	71
673921	73
673922	73
673923	73
673924	72
673984	69
673985	71
673986	71
673987	69
673988	70
674000	71
674008	71
674010	73
674011	71
674012	72
674016	70
674018	72
674019	70
674020	71
674048	70
674049	72
674050	72
674051	72
674052	71
674064	72
674072	72
674074	72
674075	72
674076	71
674080	71
674082	73
674083	71
674084	72
786432	66
786433	68
786434	68
786435	68
786436	67
786440	68
786448	68
786450	70
786451	68
786452	69
786456	68
786458	68
786459	68
786460	67
786464	67
786466	69
786467	69
786468	68
786496	68
786497	70
786498	70
786499	70
786500	69
786560	68
786561	70
786562	70
786563	70
786564	69
786576	70
786584	70
786586	70
786587	70
786588	69
786592	69
786594	71
786595	69
786596	70
786624	68
786625	70
786626	70
786627	68
786628	69
786640	70
786648	68
786650	70
786651	70
786652	69
786656	69
786658	69
786659	69
786660	70
786688	67
786689	69
786690	69
786691	69
786692	68
786704	69
786712	69
786714	69
786715	69
786716	68
786720	68
786722	70
786723	70
786724	69
786944	68
786945	70
786946	70
786947	68
786948	69
786952	70
786960	70
786962	72
786963	70
786964	71
786968	70
786970	70
786971	70
786972	69
786976	69
786978	71
786979	69
786980	70
787456	68
787457	70
787458	70
787459	70
787460	69
787464	70
787472	70
787474	72
787475	70
787476	71
787480	70
787482	70
787483	70
787484	69
787488	69
787490	71
787491	69
787492	70
787584	68
787585	70
787586	70
787587	70
787588	69
787648	68
787649	70
787650	70
787651	68
787652	69
787664	70
787672	70
787674	72
787675	70
787676	71
787680	69
787682	71
787683	69
787684	70
787712	69
787713	71
787714	71
787715	69
787716	70
787728	71
787736	69
787738	71
787739	71
787740	70
787744	70
787746	72
787747	70
787748	71
787968	68
787969	70
787970	70
787971	68
787972	69
787976	70
787984	70
787986	72
787987	70
787988	71
787992	68
787994	68
787995	70
787996	67
788000	69
788002	71
788003	69
788004	70
788096	68
788097	70
788098	70
788099	70
788100	69
788160	68
788161	70
788162	70
788163	70
788164	69
788176	70
788184	70
788186	70
788187	70
788188	69
788192	69
788194	71
788195	69
788196	70
788224	69
788225	69
788226	69
788227	69
788228	68
788240	69
788248	69
788250	69
788251	69
788252	68
788256	70
788258	70
788259	70
788260	69
788480	67
788481	69
788482	69
788483	69
788484	68
788488	69
788496	69
788498	71
788499	69
788500	70
788504	69
788506	69
788507	69
788508	68
788512	68
788514	70
788515	68
788516	69
788608	69
788609	71
788610	71
788611	71
788612	70
788672	67
788673	69
788674	69
788675	67
788676	68
788688	69
788696	69
788698	71
788699	69
788700	70
788704	68
788706	70
788707	68
788708	69
788736	68
788737	70
788738	70
788739	70
788740	69
788752	70
788760	70
788762	70
788763	70
788764	69
788768	69
788770	71
788771	69
788772	70
790528	68
790529	70
790530	70
790531	70
790532	69
790536	70
790544	70
790546	72
790547	70
790548	71
790552	70
790554	70
790555	70
790556	69
790560	69
790562	71
790563	71
790564	70
790592	70
790593	72
790594	72
790595	72
790596	71
790656	70
790657	72
790658	72
790659	72
790660	71
790672	72
790680	72
790682	72
790683	72
790684	71
790688	71
790690	73
790691	71
790692	72
790720	70
790721	72
790722	72
790723	70
790724	71
790736	72
790744	70
790746	72
790747	72
790748	71
790752	71
790754	71
790755	71
790756	72
790784	69
790785	71
790786	71
790787	71
790788	70
790800	71
790808	71
790810	71
790811	71
790812	70
790816	70
790818	72
790819	72
790820	71
794624	68
794625	70
794626	70
794627	70
794628	69
794632	70
794640	70
794642	70
794643	70
794644	71
794648	70
794650	70
794651	70
794652	69
794656	69
794658	71
794659	69
794660	70
794688	70
794689	72
794690	72
794691	72
794692	71
794752	70
794753	72
794754	72
794755	70
794756	71
794768	72
794776	72
794778	72
794779	72
794780	71
794784	71
794786	73
794787	71
794788	72
794816	68
794817	70
794818	70
794819	68
794820	69
794832	70
794840	70
794842	72
794843	70
794844	71
794848	69
794850	69
794851	69
794852	70
794880	69
794881	71
794882	71
794883	71
794884	70
794896	71
794904	71
794906	71
794907	71
794908	70
794912	70
794914	72
794915	70
794916	71
795648	70
795649	72
795650	72
795651	70
795652	71
795656	72
795664	72
795666	74
795667	72
795668	73
795672	72
795674	72
795675	72
795676	71
795680	71
795682	73
795683	71
795684	72
796160	70
796161	72
796162	72
796163	70
796164	71
796168	72
796176	72
796178	74
796179	72
796180	73
796184	70
796186	70
796187	72
796188	69
796192	71
796194	73
796195	71
796196	72
796288	70
796289	72
796290	72
796291	72
796292	71
796352	70
796353	72
796354	72
796355	72
796356	71
796368	72
796376	72
796378	72
796379	72
796380	71
796384	71
796386	73
796387	71
796388	72
796416	71
796417	71
796418	71
796419	71
796420	70
796432	71
796440	71
796442	71
796443	71
796444	70
796448	72
796450	72
796451	72
796452	71
796672	69
796673	71
796674	71
796675	71
796676	70
796680	71
796688	71
796690	73
796691	71
796692	72
796696	71
796698	71
796699	71
796700	70
796704	70
796706	72
796707	70
796708	71
796800	71
796801	73
796802	73
796803	73
796804	72
796864	69
796865	71
796866	71
796867	69
796868	70
796880	71
796888	71
796890	73
796891	71
796892	72
796896	70
796898	72
796899	70
796900	71
796928	70
796929	72
796930	72
796931	72
796932	71
796944	72
796952	72
796954	72
796955	72
796956	71
796960	71
796962	73
796963	71
796964	72
798720	66
798721	68
798722	68
798723	68
798724	67
798728	68
798736	68
798738	68
798739	68
798740	69
798744	68
798746	68
798747	68
798748	69
798752	67
798754	69
798755	67
798756	68
798784	68
798785	70
798786	70
798787	70
798788	69
798848	68
798849	70
798850	70
798851	68
798852	69
798864	70
798872	70
798874	70
798875	70
798876	69
798880	69
798882	71
798883	69
798884	70
798912	66
798913	68
798914	68
798915	66
798916	67
798928	68
798936	68
798938	70
798939	68
798940	69
798944	67
798946	67
798947	67
798948	68
798976	67
798977	69
798978	69
798979	69
798980	68
798992	69
799000	69
799002	69
799003	69
799004	70
799008	68
799010	70
799011	68
799012	69
799744	68
799745	70
799746	70
799747	68
799748	69
799752	70
799760	70
799762	70
799763	70
799764	71
799768	70
799770	70
799771	70
799772	69
799776	69
799778	69
799779	69
799780	70
800256	68
800257	70
800258	70
800259	70
800260	69
800264	70
800272	70
800274	72
800275	70
800276	71
800280	70
800282	70
800283	70
800284	69
800288	69
800290	71
800291	69
800292	70
800384	70
800385	72
800386	72
800387	72
800388	71
800448	68
800449	70
800450	70
800451	68
800452	69
800464	70
800472	70
800474	72
800475	70
800476	71
800480	69
800482	71
800483	69
800484	70
800512	69
800513	71
800514	71
800515	71
800516	70
800528	71
800536	71
800538	71
800539	71
800540	70
800544	70
800546	72
800547	70
800548	71
800768	67
800769	69
800770	69
800771	67
800772	68
800776	69
800784	69
800786	69
800787	69
800788	70
800792	69
800794	69
800795	69
800796	70
800800	68
800802	68
800803	68
800804	69
800896	67
800897	69
800898	69
800899	69
800900	68
800960	67
800961	69
800962	69
800963	67
800964	68
800976	69
800984	69
800986	69
800987	69
800988	70
800992	68
800994	68
800995	68
800996	69
801024	68
801025	70
801026	70
801027	68
801028	69
801040	70
801048	70
801050	70
801051	70
801052	71
801056	69
801058	69
801059	69
801060	70
802816	67
802817	69
802818	69
802819	69
802820	68
802824	69
802832	69
802834	71
802835	69
802836	70
802840	69
802842	69
802843	69
802844	68
802848	68
802850	70
802851	70
802852	69
802880	69
802881	71
802882	71
802883	71
802884	70
802944	69
802945	71
802946	71
802947	71
802948	70
802960	71
802968	71
802970	71
802971	71
802972	70
802976	70
802978	72
802979	70
802980	71
803008	69
803009	71
803010	71
803011	69
803012	70
803024	71
803032	69
803034	71
803035	71
803036	70
803040	70
803042	70
803043	70
803044	71
803072	68
803073	70
803074	70
803075	70
803076	69
803088	70
803096	70
803098	70
803099	70
803100	69
803104	69
803106	71
803107	71
803108	70
803840	69
803841	71
803842	71
803843	69
803844	70
803848	71
803856	71
803858	73
803859	71
803860	72
803864	71
803866	71
803867	71
803868	70
803872	70
803874	72
803875	70
803876	71
804352	69
804353	71
804354	71
804355	69
804356	70
804360	71
804368	71
804370	73
804371	71
804372	72
804376	69
804378	69
804379	71
804380	68
804384	70
804386	72
804387	70
804388	71
804480	69
804481	71
804482	71
804483	71
804484	70
804544	69
804545	71
804546	71
804547	71
804548	70
804560	71
804568	71
804570	71
804571	71
804572	70
804576	70
804578	72
804579	70
804580	71
804608	70
804609	70
804610	70
804611	70
804612	69
804624	70
804632	70
804634	70
804635	70
804636	69
804640	71
804642	71
804643	71
804644	70
804864	68
804865	70
804866	70
804867	70
804868	69
804872	70
804880	70
804882	72
804883	70
804884	71
804888	70
804890	70
804891	70
804892	69
804896	69
804898	71
804899	69
804900	70
804992	70
804993	72
804994	72
804995	72
804996	71
805056	68
805057	70
805058	70
805059	68
805060	69
805072	70
805080	70
805082	72
805083	70
805084	71
805088	69
805090	71
805091	69
805092	70
805120	69
805121	71
805122	71
805123	71
805124	70
805136	71
805144	71
805146	71
805147	71
805148	70
805152	70
805154	72
805155	70
805156	71
851968	68
851969	70
851970	70
851971	70
851972	69
851976	70
851984	70
851986	70
851987	70
851988	71
851992	70
851994	70
851995	70
851996	69
852000	69
852002	71
852003	69
852004	70
852032	70
852033	72
852034	72
852035	72
852036	71
852096	70
852097	72
852098	72
852099	70
852100	71
852112	72
852120	70
852122	72
852123	72
852124	71
852128	71
852130	73
852131	71
852132	72
852160	68
852161	70
852162	70
852163	68
852164	69
852176	70
852184	70
852186	72
852187	70
852188	71
852192	69
852194	69
852195	69
852196	70
852224	69
852225	71
852226	71
852227	71
852228	70
852240	71
852248	71
852250	71
852251	71
852252	70
852256	70
852258	72
852259	70
852260	71
852480	70
852481	72
852482	72
852483	70
852484	71
852488	72
852496	72
852498	72
852499	72
852500	73
852504	72
852506	72
852507	72
852508	71
852512	71
852514	71
852515	71
852516	72
852992	70
852993	72
852994	72
852995	70
852996	71
853000	72
853008	72
853010	72
853011	72
853012	73
853016	72
853018	72
853019	72
853020	71
853024	71
853026	71
853027	71
853028	72
853120	70
853121	72
853122	72
853123	72
853124	71
853184	70
853185	72
853186	72
853187	70
853188	71
853200	72
853208	72
853210	72
853211	72
853212	73
853216	71
853218	71
853219	71
853220	72
853248	71
853249	73
853250	73
853251	71
853252	72
853264	73
853272	71
853274	73
853275	73
853276	72
853280	72
853282	72
853283	72
853284	73
853504	70
853505	70
853506	72
853507	70
853508	71
853512	72
853520	72
853522	72
853523	72
853524	73
853528	70
853530	70
853531	72
853532	69
853536	71
853538	71
853539	71
853540	72
853632	70
853633	72
853634	72
853635	72
853636	71
853696	70
853697	72
853698	72
853699	70
853700	71
853712	72
853720	72
853722	72
853723	72
853724	71
853728	71
853730	71
853731	71
853732	72
853760	71
853761	71
853762	71
853763	71
853764	70
853776	71
853784	71
853786	71
853787	71
853788	70
853792	72
853794	72
853795	72
853796	71
854016	69
854017	71
854018	71
854019	69
854020	70
854024	71
854032	71
854034	71
854035	71
854036	72
854040	71
854042	71
854043	71
854044	70
854048	70
854050	70
854051	70
854052	71
854144	69
854145	71
854146	71
854147	71
854148	70
854208	69
854209	71
854210	71
854211	69
854212	70
854224	71
854232	71
854234	71
854235	71
854236	72
854240	70
854242	70
854243	70
854244	71
854272	70
854273	72
854274	72
854275	70
854276	71
854288	72
854296	72
854298	72
854299	72
854300	71
854304	71
854306	71
854307	71
854308	72
884736	66
884737	68
884738	68
884739	68
884740	67
884744	68
884752	68
884754	70
884755	68
884756	69
884760	68
884762	68
884763	68
884764	67
884768	67
884770	69
884771	69
884772	68
884800	68
884801	70
884802	70
884803	70
884804	69
884864	68
884865	70
884866	70
884867	70
884868	69
884880	70
884888	70
884890	70
884891	70
884892	69
884896	69
884898	71
884899	69
884900	70
884928	68
884929	70
884930	70
884931	68
884932	69
884944	70
884952	68
884954	70
884955	70
884956	69
884960	69
884962	69
884963	69
884964	70
884992	67
884993	69
884994	69
884995	69
884996	68
885008	69
885016	69
885018	69
885019	69
885020	68
885024	68
885026	70
885027	70
885028	69
885248	68
885249	70
885250	70
885251	70
885252	69
885256	70
885264	70
885266	72
885267	70
885268	71
885272	70
885274	70
885275	70
885276	69
885280	69
885282	71
885283	71
885284	70
885760	68
885761	70
885762	70
885763	70
885764	69
885768	70
885776	70
885778	72
885779	70
885780	71
885784	70
885786	70
885787	70
885788	69
885792	69
885794	71
885795	71
885796	70
885888	70
885889	72
885890	72
885891	72
885892	71
885952	68
885953	70
885954	70
885955	70
885956	69
885968	70
885976	70
885978	72
885979	70
885980	71
885984	69
885986	71
885987	71
885988	70
886016	69
886017	71
886018	71
886019	71
886020	70
886032	71
886040	69
886042	71
886043	71
886044	70
886048	70
886050	72
886051	70
886052	71
886272	68
886273	70
886274	70
886275	68
886276	69
886280	70
886288	70
886290	72
886291	70
886292	71
886296	68
886298	68
886299	70
886300	67
886304	69
886306	71
886307	69
886308	70
886400	68
886401	70
886402	70
886403	70
886404	69
886464	68
886465	70
886466	70
886467	70
886468	69
886480	70
886488	70
886490	70
886491	70
886492	69
886496	69
886498	71
886499	71
886500	70
886528	69
886529	69
886530	69
886531	69
886532	68
886544	69
886552	69
886554	69
886555	69
886556	68
886560	70
886562	70
886563	70
886564	69
886784	67
886785	69
886786	69
886787	69
886788	68
886792	69
886800	69
886802	71
886803	69
886804	70
886808	69
886810	69
886811	69
886812	68
886816	68
886818	70
886819	70
886820	69
886912	69
886913	71
886914	71
886915	71
886916	70
886976	69
886977	71
886978	71
886979	69
886980	70
886992	71
887000	69
887002	71
887003	71
887004	70
887008	70
887010	70
887011	70
887012	71
887040	68
887041	70
887042	70
887043	70
887044	69
887056	70
887064	70
887066	70
887067	70
887068	69
887072	69
887074	71
887075	71
887076	70
892928	68
892929	70
892930	70
892931	70
892932	69
892936	70
892944	70
892946	72
892947	70
892948	71
892952	70
892954	70
892955	70
892956	69
892960	69
892962	71
892963	71
892964	70
892992	70
892993	72
892994	72
892995	72
892996	71
893056	70
893057	72
893058	72
893059	72
893060	71
893072	72
893080	72
893082	72
893083	72
893084	71
893088	71
893090	73
893091	71
893092	72
893120	70
893121	72
893122	72
893123	70
893124	71
893136	72
893144	70
893146	72
893147	72
893148	71
893152	71
893154	71
893155	71
893156	72
893184	69
893185	71
893186	71
893187	71
893188	70
893200	71
893208	71
893210	71
893211	71
893212	70
893216	70
893218	72
893219	72
893220	71
897024	68
897025	70
897026	70
897027	70
897028	69
897032	70
897040	70
897042	70
897043	70
897044	71
897048	70
897050	70
897051	70
897052	69
897056	69
897058	71
897059	69
897060	70
897088	70
897089	72
897090	72
897091	72
897092	71
897152	70
897153	72
897154	72
897155	70
897156	71
897168	72
897176	72
897178	72
897179	72
897180	71
897184	71
897186	73
897187	71
897188	72
897216	68
897217	70
897218	70
897219	68
897220	69
897232	70
897240	70
897242	72
897243	70
897244	71
897248	69
897250	69
897251	69
897252	70
897280	69
897281	71
897282	71
897283	71
897284	70
897296	71
897304	71
897306	71
897307	71
897308	70
897312	70
897314	72
897315	70
897316	71
898048	70
898049	72
898050	72
898051	70
898052	71
898056	72
898064	72
898066	72
898067	72
898068	73
898072	72
898074	72
898075	72
898076	71
898080	71
898082	71
898083	71
898084	72
898560	68
898561	70
898562	70
898563	70
898564	69
898568	70
898576	70
898578	72
898579	70
898580	71
898584	70
898586	70
898587	70
898588	69
898592	69
898594	71
898595	71
898596	70
898688	70
898689	72
898690	72
898691	72
898692	71
898752	70
898753	72
898754	72
898755	70
898756	71
898768	72
898776	70
898778	72
898779	72
898780	71
898784	71
898786	71
898787	71
898788	72
898816	69
898817	71
898818	71
898819	71
898820	70
898832	71
898840	71
898842	71
898843	71
898844	70
898848	70
898850	72
898851	72
898852	71
899072	69
899073	71
899074	71
899075	69
899076	70
899080	71
899088	71
899090	71
899091	71
899092	72
899096	71
899098	71
899099	71
899100	70
899104	70
899106	70
899107	70
899108	71
899200	69
899201	71
899202	71
899203	71
899204	70
899264	69
899265	71
899266	71
899267	69
899268	70
899280	71
899288	71
899290	71
899291	71
899292	72
899296	70
899298	70
899299	70
899300	71
899328	70
899329	72
899330	72
899331	70
899332	71
899344	72
899352	70
899354	72
899355	72
899356	71
899360	71
899362	71
899363	71
899364	72
901120	67
901121	69
901122	69
901123	69
901124	68
901128	69
901136	69
901138	71
901139	69
901140	70
901144	69
901146	69
901147	69
901148	68
901152	68
901154	70
901155	70
901156	69
901184	69
901185	71
901186	71
901187	71
901188	70
901248	69
901249	71
901250	71
901251	71
901252	70
901264	71
901272	71
901274	71
901275	71
901276	70
901280	70
901282	72
901283	70
901284	71
901312	69
901313	71
901314	71
901315	69
901316	70
901328	71
901336	69
901338	71
901339	71
901340	70
901344	70
901346	70
901347	70
901348	71
901376	68
901377	70
901378	70
901379	70
901380	69
901392	70
901400	70
901402	70
901403	70
901404	69
901408	69
901410	71
901411	71
901412	70
902144	69
902145	71
902146	71
902147	71
902148	70
902152	71
902160	71
902162	73
902163	71
902164	72
902168	71
902170	71
902171	71
902172	70
902176	70
902178	72
902179	70
902180	71
902656	69
902657	71
902658	71
902659	69
902660	70
902664	71
902672	71
902674	73
902675	71
902676	72
902680	69
902682	69
902683	71
902684	68
902688	70
902690	72
902691	70
902692	71
902784	69
902785	71
902786	71
902787	71
902788	70
902848	69
902849	71
902850	71
902851	71
902852	70
902864	71
902872	71
902874	71
902875	71
902876	70
902880	70
902882	72
902883	72
902884	71
902912	70
902913	70
902914	70
902915	70
902916	69
902928	70
902936	70
902938	70
902939	70
902940	69
902944	71
902946	71
902947	71
902948	70
903168	68
903169	70
903170	70
903171	70
903172	69
903176	70
903184	70
903186	72
903187	70
903188	71
903192	70
903194	70
903195	70
903196	69
903200	69
903202	71
903203	71
903204	70
903296	70
903297	72
903298	72
903299	72
903300	71
903360	70
903361	72
903362	72
903363	70
903364	71
903376	72
903384	70
903386	72
903387	72
903388	71
903392	71
903394	71
903395	71
903396	72
903424	69
903425	71
903426	71
903427	71
903428	70
903440	71
903448	71
903450	71
903451	71
903452	70
903456	70
903458	72
903459	72
903460	71
917504	67
917505	69
917506	69
917507	69
917508	68
917512	69
917520	69
917522	69
917523	69
917524	70
917528	69
917530	69
917531	69
917532	68
917536	68
917538	70
917539	68
917540	69
917568	69
917569	71
917570	71
917571	71
917572	70
917632	69
917633	71
917634	71
917635	69
917636	70
917648	71
917656	71
917658	71
917659	71
917660	70
917664	70
917666	72
917667	70
917668	71
917696	67
917697	69
917698	69
917699	67
917700	68
917712	69
917720	69
917722	71
917723	69
917724	70
917728	68
917730	68
917731	68
917732	69
917760	68
917761	70
917762	70
917763	70
917764	69
917776	70
917784	70
917786	70
917787	70
917788	69
917792	69
917794	71
917795	69
917796	70
918016	69
918017	71
918018	71
918019	69
918020	70
918024	71
918032	71
918034	71
918035	71
918036	72
918040	71
918042	71
918043	71
918044	70
918048	70
918050	70
918051	70
918052	71
918528	69
918529	71
918530	71
918531	69
918532	70
918536	71
918544	71
918546	71
918547	71
918548	72
918552	71
918554	71
918555	71
918556	70
918560	70
918562	70
918563	70
918564	71
918656	69
918657	71
918658	71
918659	71
918660	70
918720	69
918721	71
918722	71
918723	69
918724	70
918736	71
918744	71
918746	71
918747	71
918748	72
918752	70
918754	70
918755	70
918756	71
918784	70
918785	72
918786	72
918787	70
918788	71
918800	72
918808	70
918810	72
918811	72
918812	71
918816	71
918818	71
918819	71
918820	72
919040	69
919041	69
919042	71
919043	69
919044	70
919048	71
919056	71
919058	71
919059	71
919060	72
919064	69
919066	69
919067	71
919068	68
919072	70
919074	70
919075	70
919076	71
919168	69
919169	71
919170	71
919171	71
919172	70
919232	69
919233	71
919234	71
919235	69
919236	70
919248	71
919256	71
919258	71
919259	71
919260	70
919264	70
919266	70
919267	70
919268	71
919296	70
919297	70
919298	70
919299	70
919300	69
919312	70
919320	70
919322	70
919323	70
919324	69
919328	71
919330	71
919331	71
919332	70
919552	68
919553	70
919554	70
919555	68
919556	69
919560	70
919568	70
919570	70
919571	70
919572	71
919576	70
919578	70
919579	70
919580	69
919584	69
919586	69
919587	69
919588	70
919680	68
919681	70
919682	70
919683	70
919684	69
919744	68
919745	70
919746	70
919747	68
919748	69
919760	70
919768	70
919770	70
919771	70
919772	71
919776	69
919778	69
919779	69
919780	70
919808	69
919809	71
919810	71
919811	69
919812	70
919824	71
919832	71
919834	71
919835	71
919836	70
919840	70
919842	70
919843	70
919844	71
925696	67
925697	69
925698	69
925699	69
925700	68
925704	69
925712	69
925714	71
925715	69
925716	70
925720	69
925722	69
925723	69
925724	70
925728	68
925730	70
925731	70
925732	69
925760	69
925761	71
925762	71
925763	71
925764	70
925824	69
925825	71
925826	71
925827	71
925828	70
925840	71
925848	71
925850	71
925851	71
925852	72
925856	70
925858	72
925859	70
925860	71
925888	69
925889	71
925890	71
925891	69
925892	70
925904	71
925912	69
925914	71
925915	71
925916	70
925920	70
925922	70
925923	70
925924	71
925952	68
925953	70
925954	70
925955	70
925956	69
925968	70
925976	70
925978	70
925979	70
925980	71
925984	69
925986	71
925987	71
925988	70
929792	67
929793	69
929794	69
929795	69
929796	68
929800	69
929808	69
929810	69
929811	69
929812	70
929816	69
929818	69
929819	69
929820	70
929824	68
929826	70
929827	68
929828	69
929856	69
929857	71
929858	71
929859	71
929860	70
929920	69
929921	71
929922	71
929923	69
929924	70
929936	71
929944	71
929946	71
929947	71
929948	70
929952	70
929954	72
929955	70
929956	71
929984	67
929985	69
929986	69
929987	67
929988	68
930000	69
930008	69
930010	71
930011	69
930012	70
930016	68
930018	68
930019	68
930020	69
930048	68
930049	70
930050	70
930051	70
930052	69
930064	70
930072	70
930074	70
930075	70
930076	71
930080	69
930082	71
930083	69
930084	70
930816	69
930817	71
930818	71
930819	69
930820	70
930824	71
930832	71
930834	71
930835	71
930836	72
930840	71
930842	71
930843	71
930844	70
930848	70
930850	70
930851	70
930852	71
931328	69
931329	71
931330	71
931331	69
931332	70
931336	71
931344	71
931346	71
931347	71
931348	72
931352	71
931354	71
931355	71
931356	70
931360	70
931362	70
931363	70
931364	71
931456	69
931457	71
931458	71
931459	71
931460	70
931520	69
931521	71
931522	71
931523	69
931524	70
931536	71
931544	71
931546	71
931547	71
931548	72
931552	70
931554	70
931555	70
931556	71
931584	70
931585	72
931586	72
931587	70
931588	71
931600	72
931608	70
931610	72
931611	72
931612	71
931616	71
931618	71
931619	71
931620	72
931840	68
931841	70
931842	70
931843	68
931844	69
931848	70
931856	70
931858	70
931859	70
931860	71
931864	70
931866	70
931867	70
931868	71
931872	69
931874	69
931875	69
931876	70
931968	68
931969	70
931970	70
931971	70
931972	69
932032	68
932033	70
932034	70
932035	68
932036	69
932048	70
932056	70
932058	70
932059	70
932060	71
932064	69
932066	69
932067	69
932068	70
932096	69
932097	71
932098	71
932099	69
932100	70
932112	71
932120	71
932122	71
932123	71
932124	72
932128	70
932130	70
932131	70
932132	71
933888	68
933889	70
933890	70
933891	70
933892	69
933896	70
933904	70
933906	70
933907	70
933908	71
933912	70
933914	70
933915	70
933916	69
933920	69
933922	71
933923	69
933924	70
933952	70
933953	72
933954	72
933955	72
933956	71
934016	70
934017	72
934018	72
934019	70
934020	71
934032	72
934040	72
934042	72
934043	72
934044	71
934048	71
934050	73
934051	71
934052	72
934080	68
934081	70
934082	70
934083	68
934084	69
934096	70
934104	70
934106	72
934107	70
934108	71
934112	69
934114	69
934115	69
934116	70
934144	69
934145	71
934146	71
934147	71
934148	70
934160	71
934168	71
934170	71
934171	71
934172	70
934176	70
934178	72
934179	70
934180	71
934912	70
934913	72
934914	72
934915	70
934916	71
934920	72
934928	72
934930	72
934931	72
934932	73
934936	72
934938	72
934939	72
934940	71
934944	71
934946	71
934947	71
934948	72
935424	68
935425	70
935426	70
935427	70
935428	69
935432	70
935440	70
935442	72
935443	70
935444	71
935448	70
935450	70
935451	70
935452	69
935456	69
935458	71
935459	71
935460	70
935552	70
935553	72
935554	72
935555	72
935556	71
935616	70
935617	72
935618	72
935619	70
935620	71
935632	72
935640	70
935642	72
935643	72
935644	71
935648	71
935650	71
935651	71
935652	72
935680	69
935681	71
935682	71
935683	71
935684	70
935696	71
935704	71
935706	71
935707	71
935708	70
935712	70
935714	72
935715	72
935716	71
935936	69
935937	71
935938	71
935939	69
935940	70
935944	71
935952	71
935954	71
935955	71
935956	72
935960	71
935962	71
935963	71
935964	70
935968	70
935970	70
935971	70
935972	71
936064	69
936065	71
936066	71
936067	71
936068	70
936128	69
936129	71
936130	71
936131	69
936132	70
936144	71
936152	71
936154	71
936155	71
936156	72
936160	70
936162	70
936163	70
936164	71
936192	70
936193	72
936194	72
936195	70
936196	71
936208	72
936216	70
936218	72
936219	72
936220	71
936224	71
936226	71
936227	71
936228	72
1048576	65
1048577	67
1048578	67
1048579	67
1048580	66
1048584	67
1048592	67
1048594	69
1048595	67
1048596	68
1048600	67
1048602	67
1048603	67
1048604	66
1048608	66
1048610	68
1048611	68
1048612	67
1048640	67
1048641	69
1048642	69
1048643	69
1048644	68
1048704	67
1048705	69
1048706	69
1048707	69
1048708	68
1048720	69
1048728	69
1048730	69
1048731	69
1048732	68
1048736	68
1048738	70
1048739	68
1048740	69
1048768	67
1048769	69
1048770	69
1048771	67
1048772	68
1048784	69
1048792	67
1048794	69
1048795	69
1048796	68
1048800	68
1048802	68
1048803	68
1048804	69
1048832	66
1048833	68
1048834	68
1048835	68
1048836	67
1048848	68
1048856	68
1048858	68
1048859	68
1048860	67
1048864	67
1048866	69
1048867	69
1048868	68
1049088	67
1049089	69
1049090	69
1049091	69
1049092	68
1049096	69
1049104	69
1049106	71
1049107	69
1049108	70
1049112	69
1049114	69
1049115	69
1049116	68
1049120	68
1049122	70
1049123	70
1049124	69
1049600	67
1049601	69
1049602	69
1049603	69
1049604	68
1049608	69
1049616	69
1049618	71
1049619	69
1049620	70
1049624	69
1049626	69
1049627	69
1049628	68
1049632	68
1049634	70
1049635	70
1049636	69
1049728	69
1049729	71
1049730	71
1049731	71
1049732	70
1049792	67
1049793	69
1049794	69
1049795	69
1049796	68
1049808	69
1049816	69
1049818	71
1049819	69
1049820	70
1049824	68
1049826	70
1049827	70
1049828	69
1049856	68
1049857	70
1049858	70
1049859	70
1049860	69
1049872	70
1049880	68
1049882	70
1049883	70
1049884	69
1049888	69
1049890	71
1049891	69
1049892	70
1050112	67
1050113	69
1050114	69
1050115	67
1050116	68
1050120	69
1050128	69
1050130	71
1050131	69
1050132	70
1050136	67
1050138	67
1050139	69
1050140	66
1050144	68
1050146	70
1050147	68
1050148	69
1050240	67
1050241	69
1050242	69
1050243	69
1050244	68
1050304	67
1050305	69
1050306	69
1050307	69
1050308	68
1050320	69
1050328	69
1050330	69
1050331	69
1050332	68
1050336	68
1050338	70
1050339	70
1050340	69
1050368	68
1050369	68
1050370	68
1050371	68
1050372	67
1050384	68
1050392	68
1050394	68
1050395	68
1050396	67
1050400	69
1050402	69
1050403	69
1050404	68
1050624	66
1050625	68
1050626	68
1050627	68
1050628	67
1050632	68
1050640	68
1050642	70
1050643	68
1050644	69
1050648	68
1050650	68
1050651	68
1050652	67
1050656	67
1050658	69
1050659	69
1050660	68
1050752	68
1050753	70
1050754	70
1050755	70
1050756	69
1050816	68
1050817	70
1050818	70
1050819	68
1050820	69
1050832	70
1050840	68
1050842	70
1050843	70
1050844	69
1050848	69
1050850	69
1050851	69
1050852	70
1050880	67
1050881	69
1050882	69
1050883	69
1050884	68
1050896	69
1050904	69
1050906	69
1050907	69
1050908	68
1050912	68
1050914	70
1050915	70
1050916	69
1052672	67
1052673	69
1052674	69
1052675	69
1052676	68
1052680	69
1052688	69
1052690	71
1052691	69
1052692	70
1052696	69
1052698	69
1052699	69
1052700	68
1052704	68
1052706	70
1052707	70
1052708	69
1052736	69
1052737	71
1052738	71
1052739	71
1052740	70
1052800	69
1052801	71
1052802	71
1052803	71
1052804	70
1052816	71
1052824	71
1052826	71
1052827	71
1052828	70
1052832	70
1052834	72
1052835	70
1052836	71
1052864	69
1052865	71
1052866	71
1052867	69
1052868	70
1052880	71
1052888	69
1052890	71
1052891	71
1052892	70
1052896	70
1052898	70
1052899	70
1052900	71
1052928	68
1052929	70
1052930	70
1052931	70
1052932	69
1052944	70
1052952	70
1052954	70
1052955	70
1052956	69
1052960	69
1052962	71
1052963	71
1052964	70
1056768	67
1056769	69
1056770	69
1056771	69
1056772	68
1056776	69
1056784	69
1056786	71
1056787	69
1056788	70
1056792	69
1056794	69
1056795	69
1056796	68
1056800	68
1056802	70
1056803	70
1056804	69
1056832	69
1056833	71
1056834	71
1056835	71
1056836	70
1056896	69
1056897	71
1056898	71
1056899	71
1056900	70
1056912	71
1056920	71
1056922	71
1056923	71
1056924	70
1056928	70
1056930	72
1056931	70
1056932	71
1056960	69
1056961	71
1056962	71
1056963	69
1056964	70
1056976	71
1056984	69
1056986	71
1056987	71
1056988	70
1056992	70
1056994	70
1056995	70
1056996	71
1057024	68
1057025	70
1057026	70
1057027	70
1057028	69
1057040	70
1057048	70
1057050	70
1057051	70
1057052	69
1057056	69
1057058	71
1057059	71
1057060	70
1057792	69
1057793	71
1057794	71
1057795	71
1057796	70
1057800	71
1057808	71
1057810	73
1057811	71
1057812	72
1057816	71
1057818	71
1057819	71
1057820	70
1057824	70
1057826	72
1057827	70
1057828	71
1058304	69
1058305	71
1058306	71
1058307	69
1058308	70
1058312	71
1058320	71
1058322	73
1058323	71
1058324	72
1058328	69
1058330	69
1058331	71
1058332	68
1058336	70
1058338	72
1058339	70
1058340	71
1058432	69
1058433	71
1058434	71
1058435	71
1058436	70
1058496	69
1058497	71
1058498	71
1058499	71
1058500	70
1058512	71
1058520	71
1058522	71
1058523	71
1058524	70
1058528	70
1058530	72
1058531	70
1058532	71
1058560	70
1058561	70
1058562	70
1058563	70
1058564	69
1058576	70
1058584	70
1058586	70
1058587	70
1058588	69
1058592	71
1058594	71
1058595	71
1058596	70
1058816	68
1058817	70
1058818	70
1058819	70
1058820	69
1058824	70
1058832	70
1058834	72
1058835	70
1058836	71
1058840	70
1058842	70
1058843	70
1058844	69
1058848	69
1058850	71
1058851	69
1058852	70
1058944	70
1058945	72
1058946	72
1058947	72
1058948	71
1059008	68
1059009	70
1059010	70
1059011	68
1059012	69
1059024	70
1059032	70
1059034	72
1059035	70
1059036	71
1059040	69
1059042	71
1059043	69
1059044	70
1059072	69
1059073	71
1059074	71
1059075	71
1059076	70
1059088	71
1059096	71
1059098	71
1059099	71
1059100	70
1059104	70
1059106	72
1059107	70
1059108	71
1060864	67
1060865	69
1060866	69
1060867	69
1060868	68
1060872	69
1060880	69
1060882	69
1060883	69
1060884	70
1060888	69
1060890	69
1060891	69
1060892	68
1060896	68
1060898	70
1060899	68
1060900	69
1060928	69
1060929	71
1060930	71
1060931	71
1060932	70
1060992	69
1060993	71
1060994	71
1060995	69
1060996	70
1061008	71
1061016	71
1061018	71
1061019	71
1061020	70
1061024	70
1061026	72
1061027	70
1061028	71
1061056	67
1061057	69
1061058	69
1061059	67
1061060	68
1061072	69
1061080	69
1061082	71
1061083	69
1061084	70
1061088	68
1061090	68
1061091	68
1061092	69
1061120	68
1061121	70
1061122	70
1061123	70
1061124	69
1061136	70
1061144	70
1061146	70
1061147	70
1061148	69
1061152	69
1061154	71
1061155	69
1061156	70
1061888	69
1061889	71
1061890	71
1061891	69
1061892	70
1061896	71
1061904	71
1061906	71
1061907	71
1061908	72
1061912	71
1061914	71
1061915	71
1061916	70
1061920	70
1061922	70
1061923	70
1061924	71
1062400	67
1062401	69
1062402	69
1062403	69
1062404	68
1062408	69
1062416	69
1062418	71
1062419	69
1062420	70
1062424	69
1062426	69
1062427	69
1062428	68
1062432	68
1062434	70
1062435	70
1062436	69
1062528	69
1062529	71
1062530	71
1062531	71
1062532	70
1062592	69
1062593	71
1062594	71
1062595	69
1062596	70
1062608	71
1062616	69
1062618	71
1062619	71
1062620	70
1062624	70
1062626	70
1062627	70
1062628	71
1062656	68
1062657	70
1062658	70
1062659	70
1062660	69
1062672	70
1062680	70
1062682	70
1062683	70
1062684	69
1062688	69
1062690	71
1062691	71
1062692	70
1062912	68
1062913	70
1062914	70
1062915	68
1062916	69
1062920	70
1062928	70
1062930	70
1062931	70
1062932	71
1062936	70
1062938	70
1062939	70
1062940	69
1062944	69
1062946	69
1062947	69
1062948	70
1063040	68
1063041	70
1063042	70
1063043	70
1063044	69
1063104	68
1063105	70
1063106	70
1063107	68
1063108	69
1063120	70
1063128	70
1063130	70
1063131	70
1063132	71
1063136	69
1063138	69
1063139	69
1063140	70
1063168	69
1063169	71
1063170	71
1063171	69
1063172	70
1063184	71
1063192	69
1063194	71
1063195	71
1063196	70
1063200	70
1063202	70
1063203	70
1063204	71
1064960	66
1064961	68
1064962	68
1064963	68
1064964	67
1064968	68
1064976	68
1064978	70
1064979	68
1064980	69
1064984	68
1064986	68
1064987	68
1064988	67
1064992	67
1064994	69
1064995	69
1064996	68
1065024	68
1065025	70
1065026	70
1065027	70
1065028	69
1065088	68
1065089	70
1065090	70
1065091	70
1065092	69
1065104	70
1065112	70
1065114	70
1065115	70
1065116	69
1065120	69
1065122	71
1065123	69
1065124	70
1065152	68
1065153	70
1065154	70
1065155	68
1065156	69
1065168	70
1065176	68
1065178	70
1065179	70
1065180	69
1065184	69
1065186	69
1065187	69
1065188	70
1065216	67
1065217	69
1065218	69
1065219	69
1065220	68
1065232	69
1065240	69
1065242	69
1065243	69
1065244	68
1065248	68
1065250	70
1065251	70
1065252	69
1065984	68
1065985	70
1065986	70
1065987	70
1065988	69
1065992	70
1066000	70
1066002	72
1066003	70
1066004	71
1066008	70
1066010	70
1066011	70
1066012	69
1066016	69
1066018	71
1066019	69
1066020	70
1066496	68
1066497	70
1066498	70
1066499	68
1066500	69
1066504	70
1066512	70
1066514	72
1066515	70
1066516	71
1066520	68
1066522	68
1066523	70
1066524	67
1066528	69
1066530	71
1066531	69
1066532	70
1066624	68
1066625	70
1066626	70
1066627	70
1066628	69
1066688	68
1066689	70
1066690	70
1066691	70
1066692	69
1066704	70
1066712	70
1066714	70
1066715	70
1066716	69
1066720	69
1066722	71
1066723	71
1066724	70
1066752	69
1066753	69
1066754	69
1066755	69
1066756	68
1066768	69
1066776	69
1066778	69
1066779	69
1066780	68
1066784	70
1066786	70
1066787	70
1066788	69
1067008	67
1067009	69
1067010	69
1067011	69
1067012	68
1067016	69
1067024	69
1067026	71
1067027	69
1067028	70
1067032	69
1067034	69
1067035	69
1067036	68
1067040	68
1067042	70
1067043	70
1067044	69
1067136	69
1067137	71
1067138	71
1067139	71
1067140	70
1067200	69
1067201	71
1067202	71
1067203	69
1067204	70
1067216	71
1067224	69
1067226	71
1067227	71
1067228	70
1067232	70
1067234	70
1067235	70
1067236	71
1067264	68
1067265	70
1067266	70
1067267	70
1067268	69
1067280	70
1067288	70
1067290	70
1067291	70
1067292	69
1067296	69
1067298	71
1067299	71
1067300	70
1114112	67
1114113	69
1114114	69
1114115	69
1114116	68
1114120	69
1114128	69
1114130	71
1114131	69
1114132	70
1114136	69
1114138	69
1114139	69
1114140	68
1114144	68
1114146	70
1114147	70
1114148	69
1114176	69
1114177	71
1114178	71
1114179	71
1114180	70
1114240	69
1114241	71
1114242	71
1114243	71
1114244	70
1114256	71
1114264	71
1114266	71
1114267	71
1114268	70
1114272	70
1114274	72
1114275	70
1114276	71
1114304	69
1114305	71
1114306	71
1114307	69
1114308	70
1114320	71
1114328	69
1114330	71
1114331	71
1114332	70
1114336	70
1114338	70
1114339	70
1114340	71
1114368	68
1114369	70
1114370	70
1114371	70
1114372	69
1114384	70
1114392	70
1114394	70
1114395	70
1114396	69
1114400	69
1114402	71
1114403	71
1114404	70
1114624	69
1114625	71
1114626	71
1114627	71
1114628	70
1114632	71
1114640	71
1114642	73
1114643	71
1114644	72
1114648	71
1114650	71
1114651	71
1114652	70
1114656	70
1114658	72
1114659	70
1114660	71
1115136	69
1115137	71
1115138	71
1115139	71
1115140	70
1115144	71
1115152	71
1115154	73
1115155	71
1115156	72
1115160	71
1115162	71
1115163	71
1115164	70
1115168	70
1115170	72
1115171	70
1115172	71
1115264	71
1115265	73
1115266	73
1115267	73
1115268	72
1115328	69
1115329	71
1115330	71
1115331	71
1115332	70
1115344	71
1115352	71
1115354	73
1115355	71
1115356	72
1115360	70
1115362	72
1115363	72
1115364	71
1115392	70
1115393	72
1115394	72
1115395	72
1115396	71
1115408	72
1115416	70
1115418	72
1115419	72
1115420	71
1115424	71
1115426	73
1115427	71
1115428	72
1115648	69
1115649	71
1115650	71
1115651	69
1115652	70
1115656	71
1115664	71
1115666	73
1115667	71
1115668	72
1115672	69
1115674	69
1115675	71
1115676	68
1115680	70
1115682	72
1115683	70
1115684	71
1115776	69
1115777	71
1115778	71
1115779	71
1115780	70
1115840	69
1115841	71
1115842	71
1115843	71
1115844	70
1115856	71
1115864	71
1115866	71
1115867	71
1115868	70
1115872	70
1115874	72
1115875	70
1115876	71
1115904	70
1115905	70
1115906	70
1115907	70
1115908	69
1115920	70
1115928	70
1115930	70
1115931	70
1115932	69
1115936	71
1115938	71
1115939	71
1115940	70
1116160	68
1116161	70
1116162	70
1116163	70
1116164	69
1116168	70
1116176	70
1116178	72
1116179	70
1116180	71
1116184	70
1116186	70
1116187	70
1116188	69
1116192	69
1116194	71
1116195	69
1116196	70
1116288	70
1116289	72
1116290	72
1116291	72
1116292	71
1116352	68
1116353	70
1116354	70
1116355	70
1116356	69
1116368	70
1116376	70
1116378	72
1116379	70
1116380	71
1116384	69
1116386	71
1116387	71
1116388	70
1116416	69
1116417	71
1116418	71
1116419	71
1116420	70
1116432	71
1116440	71
1116442	71
1116443	71
1116444	70
1116448	70
1116450	72
1116451	70
1116452	71
1146880	67
1146881	69
1146882	69
1146883	69
1146884	68
1146888	69
1146896	69
1146898	71
1146899	69
1146900	70
1146904	69
1146906	69
1146907	69
1146908	68
1146912	68
1146914	70
1146915	68
1146916	69
1146944	69
1146945	71
1146946	71
1146947	71
1146948	70
1147008	69
1147009	71
1147010	71
1147011	69
1147012	70
1147024	71
1147032	69
1147034	71
1147035	71
1147036	70
1147040	70
1147042	72
1147043	70
1147044	71
1147072	67
1147073	69
1147074	69
1147075	69
1147076	68
1147088	69
1147096	69
1147098	71
1147099	69
1147100	70
1147104	68
1147106	70
1147107	70
1147108	69
1147136	68
1147137	70
1147138	70
1147139	70
1147140	69
1147152	70
1147160	68
1147162	70
1147163	70
1147164	69
1147168	69
1147170	71
1147171	69
1147172	70
1147392	69
1147393	71
1147394	71
1147395	71
1147396	70
1147400	71
1147408	71
1147410	73
1147411	71
1147412	72
1147416	71
1147418	71
1147419	71
1147420	70
1147424	70
1147426	72
1147427	70
1147428	71
1147904	69
1147905	71
1147906	71
1147907	69
1147908	70
1147912	71
1147920	71
1147922	73
1147923	71
1147924	72
1147928	69
1147930	69
1147931	71
1147932	68
1147936	70
1147938	72
1147939	70
1147940	71
1148032	71
1148033	73
1148034	73
1148035	73
1148036	72
1148096	69
1148097	71
1148098	71
1148099	69
1148100	70
1148112	71
1148120	71
1148122	73
1148123	71
1148124	72
1148128	70
1148130	72
1148131	70
1148132	71
1148160	70
1148161	72
1148162	72
1148163	72
1148164	71
1148176	72
1148184	70
1148186	72
1148187	72
1148188	71
1148192	71
1148194	73
1148195	71
1148196	72
1148416	67
1148417	69
1148418	69
1148419	67
1148420	68
1148424	69
1148432	69
1148434	71
1148435	69
1148436	70
1148440	67
1148442	67
1148443	69
1148444	66
1148448	68
1148450	70
1148451	68
1148452	69
1148544	69
1148545	69
1148546	69
1148547	69
1148548	68
1148608	69
1148609	71
1148610	71
1148611	71
1148612	70
1148624	71
1148632	69
1148634	71
1148635	71
1148636	70
1148640	70
1148642	72
1148643	70
1148644	71
1148672	68
1148673	68
1148674	68
1148675	68
1148676	67
1148688	68
1148696	68
1148698	68
1148699	68
1148700	67
1148704	69
1148706	69
1148707	69
1148708	68
1148928	68
1148929	70
1148930	70
1148931	70
1148932	69
1148936	70
1148944	70
1148946	72
1148947	70
1148948	71
1148952	70
1148954	70
1148955	70
1148956	69
1148960	69
1148962	71
1148963	69
1148964	70
1149056	70
1149057	72
1149058	72
1149059	72
1149060	71
1149120	68
1149121	70
1149122	70
1149123	70
1149124	69
1149136	70
1149144	70
1149146	72
1149147	70
1149148	71
1149152	69
1149154	71
1149155	71
1149156	70
1149184	69
1149185	71
1149186	71
1149187	71
1149188	70
1149200	71
1149208	69
1149210	71
1149211	71
1149212	70
1149216	70
1149218	72
1149219	70
1149220	71
1155072	67
1155073	69
1155074	69
1155075	69
1155076	68
1155080	69
1155088	69
1155090	71
1155091	69
1155092	70
1155096	69
1155098	69
1155099	69
1155100	68
1155104	68
1155106	70
1155107	70
1155108	69
1155136	69
1155137	71
1155138	71
1155139	71
1155140	70
1155200	69
1155201	71
1155202	71
1155203	71
1155204	70
1155216	71
1155224	71
1155226	71
1155227	71
1155228	70
1155232	70
1155234	72
1155235	72
1155236	71
1155264	69
1155265	71
1155266	71
1155267	69
1155268	70
1155280	71
1155288	69
1155290	71
1155291	71
1155292	70
1155296	70
1155298	70
1155299	70
1155300	71
1155328	68
1155329	70
1155330	70
1155331	70
1155332	69
1155344	70
1155352	70
1155354	70
1155355	70
1155356	69
1155360	69
1155362	71
1155363	71
1155364	70
1159168	67
1159169	69
1159170	69
1159171	69
1159172	68
1159176	69
1159184	69
1159186	71
1159187	69
1159188	70
1159192	69
1159194	69
1159195	69
1159196	68
1159200	68
1159202	70
1159203	70
1159204	69
1159232	69
1159233	71
1159234	71
1159235	71
1159236	70
1159296	69
1159297	71
1159298	71
1159299	71
1159300	70
1159312	71
1159320	71
1159322	71
1159323	71
1159324	70
1159328	70
1159330	72
1159331	70
1159332	71
1159360	69
1159361	71
1159362	71
1159363	69
1159364	70
1159376	71
1159384	69
1159386	71
1159387	71
1159388	70
1159392	70
1159394	70
1159395	70
1159396	71
1159424	68
1159425	70
1159426	70
1159427	70
1159428	69
1159440	70
1159448	70
1159450	70
1159451	70
1159452	69
1159456	69
1159458	71
1159459	71
1159460	70
1160192	69
1160193	71
1160194	71
1160195	71
1160196	70
1160200	71
1160208	71
1160210	73
1160211	71
1160212	72
1160216	71
1160218	71
1160219	71
1160220	70
1160224	70
1160226	72
1160227	70
1160228	71
1160704	69
1160705	71
1160706	71
1160707	69
1160708	70
1160712	71
1160720	71
1160722	73
1160723	71
1160724	72
1160728	69
1160730	69
1160731	71
1160732	68
1160736	70
1160738	72
1160739	70
1160740	71
1160832	69
1160833	71
1160834	71
1160835	71
1160836	70
1160896	69
1160897	71
1160898	71
1160899	71
1160900	70
1160912	71
1160920	71
1160922	71
1160923	71
1160924	70
1160928	70
1160930	72
1160931	72
1160932	71
1160960	70
1160961	70
1160962	70
1160963	70
1160964	69
1160976	70
1160984	70
1160986	70
1160987	70
1160988	69
1160992	71
1160994	71
1160995	71
1160996	70
1161216	68
1161217	70
1161218	70
1161219	70
1161220	69
1161224	70
1161232	70
1161234	72
1161235	70
1161236	71
1161240	70
1161242	70
1161243	70
1161244	69
1161248	69
1161250	71
1161251	71
1161252	70
1161344	70
1161345	72
1161346	72
1161347	72
1161348	71
1161408	70
1161409	72
1161410	72
1161411	70
1161412	71
1161424	72
1161432	70
1161434	72
1161435	72
1161436	71
1161440	71
1161442	71
1161443	71
1161444	72
1161472	69
1161473	71
1161474	71
1161475	71
1161476	70
1161488	71
1161496	71
1161498	71
1161499	71
1161500	70
1161504	70
1161506	72
1161507	72
1161508	71
1163264	68
1163265	70
1163266	70
1163267	68
1163268	69
1163272	70
1163280	70
1163282	72
1163283	70
1163284	71
1163288	68
1163290	68
1163291	70
1163292	67
1163296	69
1163298	71
1163299	69
1163300	70
1163328	70
1163329	70
1163330	70
1163331	70
1163332	69
1163392	70
1163393	70
1163394	70
1163395	70
1163396	69
1163408	70
1163416	70
1163418	70
1163419	70
1163420	69
1163424	69
1163426	71
1163427	71
1163428	70
1163456	68
1163457	70
1163458	70
1163459	70
1163460	69
1163472	70
1163480	70
1163482	70
1163483	70
1163484	69
1163488	69
1163490	71
1163491	71
1163492	70
1163520	69
1163521	69
1163522	69
1163523	69
1163524	68
1163536	69
1163544	69
1163546	69
1163547	69
1163548	68
1163552	70
1163554	70
1163555	70
1163556	69
1164288	68
1164289	70
1164290	70
1164291	70
1164292	69
1164296	70
1164304	70
1164306	72
1164307	70
1164308	71
1164312	70
1164314	70
1164315	70
1164316	69
1164320	69
1164322	71
1164323	69
1164324	70
1164800	68
1164801	70
1164802	70
1164803	68
1164804	69
1164808	70
1164816	70
1164818	72
1164819	70
1164820	71
1164824	68
1164826	68
1164827	70
1164828	67
1164832	69
1164834	71
1164835	69
1164836	70
1164928	70
1164929	70
1164930	70
1164931	70
1164932	69
1164992	70
1164993	70
1164994	70
1164995	70
1164996	69
1165008	70
1165016	70
1165018	70
1165019	70
1165020	69
1165024	71
1165026	71
1165027	71
1165028	70
1165056	69
1165057	69
1165058	69
1165059	69
1165060	68
1165072	69
1165080	69
1165082	69
1165083	69
1165084	68
1165088	70
1165090	70
1165091	70
1165092	69
1165312	69
1165313	71
1165314	71
1165315	69
1165316	70
1165320	71
1165328	71
1165330	73
1165331	71
1165332	72
1165336	69
1165338	69
1165339	71
1165340	68
1165344	70
1165346	72
1165347	70
1165348	71
1165440	69
1165441	71
1165442	71
1165443	71
1165444	70
1165504	69
1165505	71
1165506	71
1165507	71
1165508	70
1165520	71
1165528	71
1165530	71
1165531	71
1165532	70
1165536	70
1165538	72
1165539	72
1165540	71
1165568	70
1165569	70
1165570	70
1165571	70
1165572	69
1165584	70
1165592	70
1165594	70
1165595	70
1165596	69
1165600	71
1165602	71
1165603	71
1165604	70
1179648	66
1179649	68
1179650	68
1179651	68
1179652	67
1179656	68
1179664	68
1179666	70
1179667	68
1179668	69
1179672	68
1179674	68
1179675	68
1179676	67
1179680	67
1179682	69
1179683	69
1179684	68
1179712	68
1179713	70
1179714	70
1179715	70
1179716	69
1179776	68
1179777	70
1179778	70
1179779	70
1179780	69
1179792	70
1179800	70
1179802	70
1179803	70
1179804	69
1179808	69
1179810	71
1179811	69
1179812	70
1179840	68
1179841	70
1179842	70
1179843	68
1179844	69
1179856	70
1179864	68
1179866	70
1179867	70
1179868	69
1179872	69
1179874	69
1179875	69
1179876	70
1179904	67
1179905	69
1179906	69
1179907	69
1179908	68
1179920	69
1179928	69
1179930	69
1179931	69
1179932	68
1179936	68
1179938	70
1179939	70
1179940	69
1180160	68
1180161	70
1180162	70
1180163	70
1180164	69
1180168	70
1180176	70
1180178	72
1180179	70
1180180	71
1180184	70
1180186	70
1180187	70
1180188	69
1180192	69
1180194	71
1180195	71
1180196	70
1180672	68
1180673	70
1180674	70
1180675	70
1180676	69
1180680	70
1180688	70
1180690	72
1180691	70
1180692	71
1180696	70
1180698	70
1180699	70
1180700	69
1180704	69
1180706	71
1180707	71
1180708	70
1180800	70
1180801	72
1180802	72
1180803	72
1180804	71
1180864	68
1180865	70
1180866	70
1180867	70
1180868	69
1180880	70
1180888	70
1180890	72
1180891	70
1180892	71
1180896	69
1180898	71
1180899	71
1180900	70
1180928	69
1180929	71
1180930	71
1180931	71
1180932	70
1180944	71
1180952	69
1180954	71
1180955	71
1180956	70
1180960	70
1180962	72
1180963	70
1180964	71
1181184	68
1181185	70
1181186	70
1181187	68
1181188	69
1181192	70
1181200	70
1181202	72
1181203	70
1181204	71
1181208	68
1181210	68
1181211	70
1181212	67
1181216	69
1181218	71
1181219	69
1181220	70
1181312	68
1181313	70
1181314	70
1181315	70
1181316	69
1181376	68
1181377	70
1181378	70
1181379	70
1181380	69
1181392	70
1181400	70
1181402	70
1181403	70
1181404	69
1181408	69
1181410	71
1181411	71
1181412	70
1181440	69
1181441	69
1181442	69
1181443	69
1181444	68
1181456	69
1181464	69
1181466	69
1181467	69
1181468	68
1181472	70
1181474	70
1181475	70
1181476	69
1181696	67
1181697	69
1181698	69
1181699	69
1181700	68
1181704	69
1181712	69
1181714	71
1181715	69
1181716	70
1181720	69
1181722	69
1181723	69
1181724	68
1181728	68
1181730	70
1181731	70
1181732	69
1181824	69
1181825	71
1181826	71
1181827	71
1181828	70
1181888	69
1181889	71
1181890	71
1181891	69
1181892	70
1181904	71
1181912	69
1181914	71
1181915	71
1181916	70
1181920	70
1181922	70
1181923	70
1181924	71
1181952	68
1181953	70
1181954	70
1181955	70
1181956	69
1181968	70
1181976	70
1181978	70
1181979	70
1181980	69
1181984	69
1181986	71
1181987	71
1181988	70
1187840	68
1187841	70
1187842	70
1187843	70
1187844	69
1187848	70
1187856	70
1187858	72
1187859	70
1187860	71
1187864	70
1187866	70
1187867	70
1187868	69
1187872	69
1187874	71
1187875	71
1187876	70
1187904	70
1187905	72
1187906	72
1187907	72
1187908	71
1187968	70
1187969	72
1187970	72
1187971	72
1187972	71
1187984	72
1187992	72
1187994	72
1187995	72
1187996	71
1188000	71
1188002	73
1188003	71
1188004	72
1188032	70
1188033	72
1188034	72
1188035	70
1188036	71
1188048	72
1188056	70
1188058	72
1188059	72
1188060	71
1188064	71
1188066	71
1188067	71
1188068	72
1188096	69
1188097	71
1188098	71
1188099	71
1188100	70
1188112	71
1188120	71
1188122	71
1188123	71
1188124	70
1188128	70
1188130	72
1188131	72
1188132	71
1191936	68
1191937	70
1191938	70
1191939	70
1191940	69
1191944	70
1191952	70
1191954	70
1191955	70
1191956	71
1191960	70
1191962	70
1191963	70
1191964	69
1191968	69
1191970	71
1191971	69
1191972	70
1192000	70
1192001	72
1192002	72
1192003	72
1192004	71
1192064	70
1192065	72
1192066	72
1192067	70
1192068	71
1192080	72
1192088	72
1192090	72
1192091	72
1192092	71
1192096	71
1192098	73
1192099	71
1192100	72
1192128	68
1192129	70
1192130	70
1192131	68
1192132	69
1192144	70
1192152	70
1192154	72
1192155	70
1192156	71
1192160	69
1192162	69
1192163	69
1192164	70
1192192	69
1192193	71
1192194	71
1192195	71
1192196	70
1192208	71
1192216	71
1192218	71
1192219	71
1192220	70
1192224	70
1192226	72
1192227	70
1192228	71
1192960	70
1192961	72
1192962	72
1192963	70
1192964	71
1192968	72
1192976	72
1192978	72
1192979	72
1192980	73
1192984	72
1192986	72
1192987	72
1192988	71
1192992	71
1192994	71
1192995	71
1192996	72
1193472	68
1193473	70
1193474	70
1193475	70
1193476	69
1193480	70
1193488	70
1193490	72
1193491	70
1193492	71
1193496	70
1193498	70
1193499	70
1193500	69
1193504	69
1193506	71
1193507	71
1193508	70
1193600	70
1193601	72
1193602	72
1193603	72
1193604	71
1193664	70
1193665	72
1193666	72
1193667	70
1193668	71
1193680	72
1193688	70
1193690	72
1193691	72
1193692	71
1193696	71
1193698	71
1193699	71
1193700	72
1193728	69
1193729	71
1193730	71
1193731	71
1193732	70
1193744	71
1193752	71
1193754	71
1193755	71
1193756	70
1193760	70
1193762	72
1193763	72
1193764	71
1193984	69
1193985	71
1193986	71
1193987	69
1193988	70
1193992	71
1194000	71
1194002	71
1194003	71
1194004	72
1194008	71
1194010	71
1194011	71
1194012	70
1194016	70
1194018	70
1194019	70
1194020	71
1194112	69
1194113	71
1194114	71
1194115	71
1194116	70
1194176	69
1194177	71
1194178	71
1194179	69
1194180	70
1194192	71
1194200	71
1194202	71
1194203	71
1194204	72
1194208	70
1194210	70
1194211	70
1194212	71
1194240	70
1194241	72
1194242	72
1194243	70
1194244	71
1194256	72
1194264	70
1194266	72
1194267	72
1194268	71
1194272	71
1194274	71
1194275	71
1194276	72
1196032	67
1196033	69
1196034	69
1196035	69
1196036	68
1196040	69
1196048	69
1196050	71
1196051	69
1196052	70
1196056	69
1196058	69
1196059	69
1196060	68
1196064	68
1196066	70
1196067	70
1196068	69
1196096	69
1196097	71
1196098	71
1196099	71
1196100	70
1196160	69
1196161	71
1196162	71
1196163	71
1196164	70
1196176	71
1196184	71
1196186	71
1196187	71
1196188	70
1196192	70
1196194	72
1196195	70
1196196	71
1196224	69
1196225	71
1196226	71
1196227	69
1196228	70
1196240	71
1196248	69
1196250	71
1196251	71
1196252	70
1196256	70
1196258	70
1196259	70
1196260	71
1196288	68
1196289	70
1196290	70
1196291	70
1196292	69
1196304	70
1196312	70
1196314	70
1196315	70
1196316	69
1196320	69
1196322	71
1196323	71
1196324	70
1197056	69
1197057	71
1197058	71
1197059	71
1197060	70
1197064	71
1197072	71
1197074	73
1197075	71
1197076	72
1197080	71
1197082	71
1197083	71
1197084	70
1197088	70
1197090	72
1197091	70
1197092	71
1197568	69
1197569	71
1197570	71
1197571	69
1197572	70
1197576	71
1197584	71
1197586	73
1197587	71
1197588	72
1197592	69
1197594	69
1197595	71
1197596	68
1197600	70
1197602	72
1197603	70
1197604	71
1197696	69
1197697	71
1197698	71
1197699	71
1197700	70
1197760	69
1197761	71
1197762	71
1197763	71
1197764	70
1197776	71
1197784	71
1197786	71
1197787	71
1197788	70
1197792	70
1197794	72
1197795	72
1197796	71
1197824	70
1197825	70
1197826	70
1197827	70
1197828	69
1197840	70
1197848	70
1197850	70
1197851	70
1197852	69
1197856	71
1197858	71
1197859	71
1197860	70
1198080	68
1198081	70
1198082	70
1198083	70
1198084	69
1198088	70
1198096	70
1198098	72
1198099	70
1198100	71
1198104	70
1198106	70
1198107	70
1198108	69
1198112	69
1198114	71
1198115	71
1198116	70
1198208	70
1198209	72
1198210	72
1198211	72
1198212	71
1198272	70
1198273	72
1198274	72
1198275	70
1198276	71
1198288	72
1198296	70
1198298	72
1198299	72
1198300	71
1198304	71
1198306	71
1198307	71
1198308	72
1198336	69
1198337	71
1198338	71
1198339	71
1198340	70
1198352	71
1198360	71
1198362	71
1198363	71
1198364	70
1198368	70
1198370	72
1198371	72
1198372	71
2097152	66
2097153	68
2097154	68
2097155	68
2097156	67
2097160	68
2097168	68
2097170	70
2097171	68
2097172	69
2097176	68
2097178	68
2097179	68
2097180	67
2097184	67
2097186	69
2097187	69
2097188	68
2097216	68
2097217	70
2097218	70
2097219	70
2097220	69
2097280	68
2097281	70
2097282	70
2097283	70
2097284	69
2097296	70
2097304	70
2097306	70
2097307	70
2097308	69
2097312	69
2097314	71
2097315	69
2097316	70
2097344	68
2097345	70
2097346	70
2097347	68
2097348	69
2097360	70
2097368	68
2097370	70
2097371	70
2097372	69
2097376	69
2097378	69
2097379	69
2097380	70
2097408	67
2097409	69
2097410	69
2097411	69
2097412	68
2097424	69
2097432	69
2097434	69
2097435	69
2097436	68
2097440	68
2097442	70
2097443	70
2097444	69
2097664	68
2097665	70
2097666	70
2097667	70
2097668	69
2097672	70
2097680	70
2097682	72
2097683	70
2097684	71
2097688	70
2097690	70
2097691	70
2097692	69
2097696	69
2097698	71
2097699	71
2097700	70
2098176	68
2098177	70
2098178	70
2098179	70
2098180	69
2098184	70
2098192	70
2098194	72
2098195	70
2098196	71
2098200	70
2098202	70
2098203	70
2098204	69
2098208	69
2098210	71
2098211	71
2098212	70
2098304	70
2098305	72
2098306	72
2098307	72
2098308	71
2098368	68
2098369	70
2098370	70
2098371	70
2098372	69
2098384	70
2098392	70
2098394	72
2098395	70
2098396	71
2098400	69
2098402	71
2098403	71
2098404	70
2098432	69
2098433	71
2098434	71
2098435	71
2098436	70
2098448	71
2098456	69
2098458	71
2098459	71
2098460	70
2098464	70
2098466	72
2098467	70
2098468	71
2098688	68
2098689	70
2098690	70
2098691	68
2098692	69
2098696	70
2098704	70
2098706	72
2098707	70
2098708	71
2098712	68
2098714	68
2098715	70
2098716	67
2098720	69
2098722	71
2098723	69
2098724	70
2098816	68
2098817	70
2098818	70
2098819	70
2098820	69
2098880	68
2098881	70
2098882	70
2098883	70
2098884	69
2098896	70
2098904	70
2098906	70
2098907	70
2098908	69
2098912	69
2098914	71
2098915	71
2098916	70
2098944	69
2098945	69
2098946	69
2098947	69
2098948	68
2098960	69
2098968	69
2098970	69
2098971	69
2098972	68
2098976	70
2098978	70
2098979	70
2098980	69
2099200	67
2099201	69
2099202	69
2099203	69
2099204	68
2099208	69
2099216	69
2099218	71
2099219	69
2099220	70
2099224	69
2099226	69
2099227	69
2099228	68
2099232	68
2099234	70
2099235	70
2099236	69
2099328	69
2099329	71
2099330	71
2099331	71
2099332	70
2099392	69
2099393	71
2099394	71
2099395	69
2099396	70
2099408	71
2099416	69
2099418	71
2099419	71
2099420	70
2099424	70
2099426	70
2099427	70
2099428	71
2099456	68
2099457	70
2099458	70
2099459	70
2099460	69
2099472	70
2099480	70
2099482	70
2099483	70
2099484	69
2099488	69
2099490	71
2099491	71
2099492	70
2101248	68
2101249	70
2101250	70
2101251	70
2101252	69
2101256	70
2101264	70
2101266	72
2101267	70
2101268	71
2101272	70
2101274	70
2101275	70
2101276	69
2101280	69
2101282	71
2101283	71
2101284	70
2101312	70
2101313	72
2101314	72
2101315	72
2101316	71
2101376	70
2101377	72
2101378	72
2101379	72
2101380	71
2101392	72
2101400	72
2101402	72
2101403	72
2101404	71
2101408	71
2101410	73
2101411	71
2101412	72
2101440	70
2101441	72
2101442	72
2101443	70
2101444	71
2101456	72
2101464	70
2101466	72
2101467	72
2101468	71
2101472	71
2101474	71
2101475	71
2101476	72
2101504	69
2101505	71
2101506	71
2101507	71
2101508	70
2101520	71
2101528	71
2101530	71
2101531	71
2101532	70
2101536	70
2101538	72
2101539	72
2101540	71
2105344	68
2105345	70
2105346	70
2105347	70
2105348	69
2105352	70
2105360	70
2105362	72
2105363	70
2105364	71
2105368	70
2105370	70
2105371	70
2105372	69
2105376	69
2105378	71
2105379	71
2105380	70
2105408	70
2105409	72
2105410	72
2105411	72
2105412	71
2105472	70
2105473	72
2105474	72
2105475	72
2105476	71
2105488	72
2105496	72
2105498	72
2105499	72
2105500	71
2105504	71
2105506	73
2105507	71
2105508	72
2105536	70
2105537	72
2105538	72
2105539	70
2105540	71
2105552	72
2105560	70
2105562	72
2105563	72
2105564	71
2105568	71
2105570	71
2105571	71
2105572	72
2105600	69
2105601	71
2105602	71
2105603	71
2105604	70
2105616	71
2105624	71
2105626	71
2105627	71
2105628	70
2105632	70
2105634	72
2105635	72
2105636	71
2106368	70
2106369	72
2106370	72
2106371	70
2106372	71
2106376	72
2106384	72
2106386	74
2106387	72
2106388	73
2106392	72
2106394	72
2106395	72
2106396	71
2106400	71
2106402	73
2106403	71
2106404	72
2106880	70
2106881	72
2106882	72
2106883	70
2106884	71
2106888	72
2106896	72
2106898	74
2106899	72
2106900	73
2106904	70
2106906	70
2106907	72
2106908	69
2106912	71
2106914	73
2106915	71
2106916	72
2107008	70
2107009	72
2107010	72
2107011	72
2107012	71
2107072	70
2107073	72
2107074	72
2107075	72
2107076	71
2107088	72
2107096	72
2107098	72
2107099	72
2107100	71
2107104	71
2107106	73
2107107	71
2107108	72
2107136	71
2107137	71
2107138	71
2107139	71
2107140	70
2107152	71
2107160	71
2107162	71
2107163	71
2107164	70
2107168	72
2107170	72
2107171	72
2107172	71
2107392	69
2107393	71
2107394	71
2107395	71
2107396	70
2107400	71
2107408	71
2107410	73
2107411	71
2107412	72
2107416	71
2107418	71
2107419	71
2107420	70
2107424	70
2107426	72
2107427	70
2107428	71
2107520	71
2107521	73
2107522	73
2107523	73
2107524	72
2107584	69
2107585	71
2107586	71
2107587	69
2107588	70
2107600	71
2107608	71
2107610	73
2107611	71
2107612	72
2107616	70
2107618	72
2107619	70
2107620	71
2107648	70
2107649	72
2107650	72
2107651	72
2107652	71
2107664	72
2107672	72
2107674	72
2107675	72
2107676	71
2107680	71
2107682	73
2107683	71
2107684	72
2109440	68
2109441	70
2109442	70
2109443	70
2109444	69
2109448	70
2109456	70
2109458	70
2109459	70
2109460	71
2109464	70
2109466	70
2109467	70
2109468	69
2109472	69
2109474	71
2109475	69
2109476	70
2109504	70
2109505	72
2109506	72
2109507	72
2109508	71
2109568	70
2109569	72
2109570	72
2109571	70
2109572	71
2109584	72
2109592	70
2109594	72
2109595	72
2109596	71
2109600	71
2109602	73
2109603	71
2109604	72
2109632	68
2109633	70
2109634	70
2109635	68
2109636	69
2109648	70
2109656	70
2109658	72
2109659	70
2109660	71
2109664	69
2109666	69
2109667	69
2109668	70
2109696	69
2109697	71
2109698	71
2109699	71
2109700	70
2109712	71
2109720	69
2109722	71
2109723	71
2109724	70
2109728	70
2109730	72
2109731	70
2109732	71
2110464	70
2110465	72
2110466	72
2110467	70
2110468	71
2110472	72
2110480	72
2110482	72
2110483	72
2110484	73
2110488	72
2110490	72
2110491	72
2110492	71
2110496	71
2110498	71
2110499	71
2110500	72
2110976	68
2110977	70
2110978	70
2110979	70
2110980	69
2110984	70
2110992	70
2110994	72
2110995	70
2110996	71
2111000	70
2111002	70
2111003	70
2111004	69
2111008	69
2111010	71
2111011	71
2111012	70
2111104	70
2111105	72
2111106	72
2111107	72
2111108	71
2111168	70
2111169	72
2111170	72
2111171	70
2111172	71
2111184	72
2111192	70
2111194	72
2111195	72
2111196	71
2111200	71
2111202	71
2111203	71
2111204	72
2111232	69
2111233	71
2111234	71
2111235	71
2111236	70
2111248	71
2111256	71
2111258	71
2111259	71
2111260	70
2111264	70
2111266	72
2111267	72
2111268	71
2111488	69
2111489	71
2111490	71
2111491	69
2111492	70
2111496	71
2111504	71
2111506	71
2111507	71
2111508	72
2111512	71
2111514	71
2111515	71
2111516	70
2111520	70
2111522	70
2111523	70
2111524	71
2111616	69
2111617	71
2111618	71
2111619	71
2111620	70
2111680	69
2111681	71
2111682	71
2111683	69
2111684	70
2111696	71
2111704	71
2111706	71
2111707	71
2111708	72
2111712	70
2111714	70
2111715	70
2111716	71
2111744	70
2111745	72
2111746	72
2111747	70
2111748	71
2111760	72
2111768	70
2111770	72
2111771	72
2111772	71
2111776	71
2111778	71
2111779	71
2111780	72
2113536	67
2113537	69
2113538	69
2113539	69
2113540	68
2113544	69
2113552	69
2113554	71
2113555	69
2113556	70
2113560	69
2113562	69
2113563	69
2113564	68
2113568	68
2113570	70
2113571	70
2113572	69
2113600	69
2113601	71
2113602	71
2113603	71
2113604	70
2113664	69
2113665	71
2113666	71
2113667	71
2113668	70
2113680	71
2113688	71
2113690	71
2113691	71
2113692	70
2113696	70
2113698	72
2113699	70
2113700	71
2113728	69
2113729	71
2113730	71
2113731	69
2113732	70
2113744	71
2113752	69
2113754	71
2113755	71
2113756	70
2113760	70
2113762	70
2113763	70
2113764	71
2113792	68
2113793	70
2113794	70
2113795	70
2113796	69
2113808	70
2113816	70
2113818	70
2113819	70
2113820	69
2113824	69
2113826	71
2113827	71
2113828	70
2114560	69
2114561	71
2114562	71
2114563	71
2114564	70
2114568	71
2114576	71
2114578	73
2114579	71
2114580	72
2114584	71
2114586	71
2114587	71
2114588	70
2114592	70
2114594	72
2114595	70
2114596	71
2115072	69
2115073	71
2115074	71
2115075	69
2115076	70
2115080	71
2115088	71
2115090	73
2115091	71
2115092	72
2115096	69
2115098	69
2115099	71
2115100	68
2115104	70
2115106	72
2115107	70
2115108	71
2115200	69
2115201	71
2115202	71
2115203	71
2115204	70
2115264	69
2115265	71
2115266	71
2115267	71
2115268	70
2115280	71
2115288	71
2115290	71
2115291	71
2115292	70
2115296	70
2115298	72
2115299	72
2115300	71
2115328	70
2115329	70
2115330	70
2115331	70
2115332	69
2115344	70
2115352	70
2115354	70
2115355	70
2115356	69
2115360	71
2115362	71
2115363	71
2115364	70
2115584	68
2115585	70
2115586	70
2115587	70
2115588	69
2115592	70
2115600	70
2115602	72
2115603	70
2115604	71
2115608	70
2115610	70
2115611	70
2115612	69
2115616	69
2115618	71
2115619	71
2115620	70
2115712	70
2115713	72
2115714	72
2115715	72
2115716	71
2115776	70
2115777	72
2115778	72
2115779	70
2115780	71
2115792	72
2115800	70
2115802	72
2115803	72
2115804	71
2115808	71
2115810	71
2115811	71
2115812	72
2115840	69
2115841	71
2115842	71
2115843	71
2115844	70
2115856	71
2115864	71
2115866	71
2115867	71
2115868	70
2115872	70
2115874	72
2115875	72
2115876	71
2129920	68
2129921	70
2129922	70
2129923	70
2129924	69
2129928	70
2129936	70
2129938	72
2129939	70
2129940	71
2129944	70
2129946	70
2129947	70
2129948	69
2129952	69
2129954	71
2129955	71
2129956	70
2129984	70
2129985	72
2129986	72
2129987	72
2129988	71
2130048	70
2130049	72
2130050	72
2130051	72
2130052	71
2130064	72
2130072	72
2130074	72
2130075	72
2130076	71
2130080	71
2130082	73
2130083	71
2130084	72
2130112	70
2130113	72
2130114	72
2130115	70
2130116	71
2130128	72
2130136	70
2130138	72
2130139	72
2130140	71
2130144	71
2130146	71
2130147	71
2130148	72
2130176	69
2130177	71
2130178	71
2130179	71
2130180	70
2130192	71
2130200	71
2130202	71
2130203	71
2130204	70
2130208	70
2130210	72
2130211	72
2130212	71
2130432	70
2130433	72
2130434	72
2130435	72
2130436	71
2130440	72
2130448	72
2130450	74
2130451	72
2130452	73
2130456	72
2130458	72
2130459	72
2130460	71
2130464	71
2130466	73
2130467	71
2130468	72
2130944	70
2130945	72
2130946	72
2130947	72
2130948	71
2130952	72
2130960	72
2130962	74
2130963	72
2130964	73
2130968	72
2130970	72
2130971	72
2130972	71
2130976	71
2130978	73
2130979	71
2130980	72
2131072	72
2131073	74
2131074	74
2131075	74
2131076	73
2131136	70
2131137	72
2131138	72
2131139	70
2131140	71
2131152	72
2131160	72
2131162	74
2131163	72
2131164	73
2131168	71
2131170	73
2131171	71
2131172	72
2131200	71
2131201	73
2131202	73
2131203	73
2131204	72
2131216	73
2131224	71
2131226	73
2131227	73
2131228	72
2131232	72
2131234	74
2131235	72
2131236	73
2131456	70
2131457	72
2131458	72
2131459	70
2131460	71
2131464	72
2131472	72
2131474	74
2131475	72
2131476	73
2131480	70
2131482	70
2131483	72
2131484	69
2131488	71
2131490	73
2131491	71
2131492	72
2131584	70
2131585	72
2131586	72
2131587	72
2131588	71
2131648	70
2131649	72
2131650	72
2131651	72
2131652	71
2131664	72
2131672	72
2131674	72
2131675	72
2131676	71
2131680	71
2131682	73
2131683	71
2131684	72
2131712	71
2131713	71
2131714	71
2131715	71
2131716	70
2131728	71
2131736	71
2131738	71
2131739	71
2131740	70
2131744	72
2131746	72
2131747	72
2131748	71
2131968	69
2131969	71
2131970	71
2131971	71
2131972	70
2131976	71
2131984	71
2131986	73
2131987	71
2131988	72
2131992	71
2131994	71
2131995	71
2131996	70
2132000	70
2132002	72
2132003	70
2132004	71
2132096	71
2132097	73
2132098	73
2132099	73
2132100	72
2132160	69
2132161	71
2132162	71
2132163	69
2132164	70
2132176	71
2132184	71
2132186	73
2132187	71
2132188	72
2132192	70
2132194	72
2132195	70
2132196	71
2132224	70
2132225	72
2132226	72
2132227	72
2132228	71
2132240	72
2132248	72
2132250	72
2132251	72
2132252	71
2132256	71
2132258	73
2132259	71
2132260	72
2162688	68
2162689	70
2162690	70
2162691	70
2162692	69
2162696	70
2162704	70
2162706	72
2162707	70
2162708	71
2162712	70
2162714	70
2162715	70
2162716	69
2162720	69
2162722	71
2162723	71
2162724	70
2162752	70
2162753	72
2162754	72
2162755	72
2162756	71
2162816	70
2162817	72
2162818	72
2162819	72
2162820	71
2162832	72
2162840	72
2162842	72
2162843	72
2162844	71
2162848	71
2162850	73
2162851	71
2162852	72
2162880	70
2162881	72
2162882	72
2162883	70
2162884	71
2162896	72
2162904	70
2162906	72
2162907	72
2162908	71
2162912	71
2162914	71
2162915	71
2162916	72
2162944	69
2162945	71
2162946	71
2162947	71
2162948	70
2162960	71
2162968	71
2162970	71
2162971	71
2162972	70
2162976	70
2162978	72
2162979	72
2162980	71
2163200	70
2163201	72
2163202	72
2163203	72
2163204	71
2163208	72
2163216	72
2163218	74
2163219	72
2163220	73
2163224	72
2163226	72
2163227	72
2163228	71
2163232	71
2163234	73
2163235	71
2163236	72
2163712	70
2163713	72
2163714	72
2163715	72
2163716	71
2163720	72
2163728	72
2163730	74
2163731	72
2163732	73
2163736	72
2163738	72
2163739	72
2163740	71
2163744	71
2163746	73
2163747	71
2163748	72
2163840	72
2163841	74
2163842	74
2163843	74
2163844	73
2163904	70
2163905	72
2163906	72
2163907	70
2163908	71
2163920	72
2163928	72
2163930	74
2163931	72
2163932	73
2163936	71
2163938	73
2163939	71
2163940	72
2163968	71
2163969	73
2163970	73
2163971	73
2163972	72
2163984	73
2163992	71
2163994	73
2163995	73
2163996	72
2164000	72
2164002	74
2164003	72
2164004	73
2164224	70
2164225	72
2164226	72
2164227	70
2164228	71
2164232	72
2164240	72
2164242	74
2164243	72
2164244	73
2164248	70
2164250	70
2164251	72
2164252	69
2164256	71
2164258	73
2164259	71
2164260	72
2164352	70
2164353	72
2164354	72
2164355	72
2164356	71
2164416	70
2164417	72
2164418	72
2164419	72
2164420	71
2164432	72
2164440	72
2164442	72
2164443	72
2164444	71
2164448	71
2164450	73
2164451	71
2164452	72
2164480	71
2164481	71
2164482	71
2164483	71
2164484	70
2164496	71
2164504	71
2164506	71
2164507	71
2164508	70
2164512	72
2164514	72
2164515	72
2164516	71
2164736	69
2164737	71
2164738	71
2164739	71
2164740	70
2164744	71
2164752	71
2164754	73
2164755	71
2164756	72
2164760	71
2164762	71
2164763	71
2164764	70
2164768	70
2164770	72
2164771	70
2164772	71
2164864	71
2164865	73
2164866	73
2164867	73
2164868	72
2164928	69
2164929	71
2164930	71
2164931	69
2164932	70
2164944	71
2164952	71
2164954	73
2164955	71
2164956	72
2164960	70
2164962	72
2164963	70
2164964	71
2164992	70
2164993	72
2164994	72
2164995	72
2164996	71
2165008	72
2165016	72
2165018	72
2165019	72
2165020	71
2165024	71
2165026	73
2165027	71
2165028	72
2170880	70
2170881	72
2170882	72
2170883	72
2170884	71
2170888	72
2170896	72
2170898	74
2170899	72
2170900	73
2170904	70
2170906	72
2170907	72
2170908	71
2170912	71
2170914	73
2170915	73
2170916	72
2170944	72
2170945	74
2170946	74
2170947	74
2170948	73
2171008	72
2171009	74
2171010	74
2171011	74
2171012	73
2171024	74
2171032	72
2171034	74
2171035	74
2171036	73
2171040	73
2171042	75
2171043	73
2171044	74
2171072	72
2171073	74
2171074	74
2171075	72
2171076	73
2171088	74
2171096	72
2171098	74
2171099	74
2171100	73
2171104	73
2171106	73
2171107	73
2171108	74
2171136	71
2171137	73
2171138	73
2171139	73
2171140	72
2171152	73
2171160	71
2171162	73
2171163	73
2171164	72
2171168	72
2171170	74
2171171	74
2171172	73
2174976	68
2174977	70
2174978	70
2174979	70
2174980	69
2174984	70
2174992	70
2174994	72
2174995	70
2174996	71
2175000	70
2175002	72
2175003	70
2175004	71
2175008	69
2175010	71
2175011	69
2175012	70
2175040	70
2175041	72
2175042	72
2175043	72
2175044	71
2175104	70
2175105	72
2175106	72
2175107	70
2175108	71
2175120	72
2175128	72
2175130	72
2175131	72
2175132	71
2175136	71
2175138	73
2175139	71
2175140	72
2175168	68
2175169	70
2175170	70
2175171	68
2175172	69
2175184	70
2175192	70
2175194	72
2175195	70
2175196	71
2175200	69
2175202	71
2175203	69
2175204	70
2175232	69
2175233	71
2175234	71
2175235	71
2175236	70
2175248	71
2175256	71
2175258	73
2175259	71
2175260	72
2175264	70
2175266	72
2175267	70
2175268	71
2176000	70
2176001	72
2176002	72
2176003	72
2176004	71
2176008	72
2176016	72
2176018	74
2176019	72
2176020	73
2176024	72
2176026	72
2176027	72
2176028	71
2176032	71
2176034	73
2176035	71
2176036	72
2176512	70
2176513	72
2176514	72
2176515	72
2176516	71
2176520	72
2176528	72
2176530	74
2176531	72
2176532	73
2176536	72
2176538	72
2176539	72
2176540	71
2176544	71
2176546	73
2176547	71
2176548	72
2176640	72
2176641	74
2176642	74
2176643	74
2176644	73
2176704	70
2176705	72
2176706	72
2176707	72
2176708	71
2176720	72
2176728	72
2176730	74
2176731	72
2176732	73
2176736	71
2176738	73
2176739	71
2176740	72
2176768	71
2176769	73
2176770	73
2176771	73
2176772	72
2176784	73
2176792	71
2176794	73
2176795	73
2176796	72
2176800	72
2176802	74
2176803	72
2176804	73
2177024	69
2177025	71
2177026	71
2177027	71
2177028	70
2177032	71
2177040	71
2177042	73
2177043	71
2177044	72
2177048	71
2177050	73
2177051	71
2177052	72
2177056	70
2177058	72
2177059	70
2177060	71
2177152	71
2177153	73
2177154	73
2177155	73
2177156	72
2177216	69
2177217	71
2177218	71
2177219	69
2177220	70
2177232	71
2177240	71
2177242	73
2177243	71
2177244	72
2177248	70
2177250	72
2177251	70
2177252	71
2177280	70
2177281	72
2177282	72
2177283	72
2177284	71
2177296	72
2177304	72
2177306	74
2177307	72
2177308	73
2177312	71
2177314	73
2177315	71
2177316	72
2179072	69
2179073	71
2179074	71
2179075	71
2179076	70
2179080	71
2179088	71
2179090	73
2179091	71
2179092	72
2179096	71
2179098	71
2179099	71
2179100	70
2179104	70
2179106	72
2179107	72
2179108	71
2179136	71
2179137	73
2179138	73
2179139	73
2179140	72
2179200	71
2179201	73
2179202	73
2179203	73
2179204	72
2179216	73
2179224	71
2179226	73
2179227	73
2179228	72
2179232	72
2179234	74
2179235	72
2179236	73
2179264	71
2179265	73
2179266	73
2179267	71
2179268	72
2179280	73
2179288	71
2179290	73
2179291	73
2179292	72
2179296	72
2179298	72
2179299	72
2179300	73
2179328	70
2179329	72
2179330	72
2179331	72
2179332	71
2179344	72
2179352	70
2179354	72
2179355	72
2179356	71
2179360	71
2179362	73
2179363	73
2179364	72
2180096	71
2180097	73
2180098	73
2180099	73
2180100	72
2180104	73
2180112	73
2180114	75
2180115	73
2180116	74
2180120	73
2180122	73
2180123	73
2180124	72
2180128	72
2180130	74
2180131	72
2180132	73
2180608	69
2180609	71
2180610	71
2180611	71
2180612	70
2180616	71
2180624	71
2180626	73
2180627	71
2180628	72
2180632	69
2180634	71
2180635	71
2180636	70
2180640	70
2180642	72
2180643	72
2180644	71
2180736	71
2180737	73
2180738	73
2180739	73
2180740	72
2180800	71
2180801	73
2180802	73
2180803	73
2180804	72
2180816	73
2180824	71
2180826	73
2180827	73
2180828	72
2180832	72
2180834	74
2180835	72
2180836	73
2180864	70
2180865	72
2180866	72
2180867	72
2180868	71
2180880	72
2180888	70
2180890	72
2180891	72
2180892	71
2180896	71
2180898	73
2180899	73
2180900	72
2181120	70
2181121	72
2181122	72
2181123	72
2181124	71
2181128	72
2181136	72
2181138	74
2181139	72
2181140	73
2181144	72
2181146	72
2181147	72
2181148	71
2181152	71
2181154	73
2181155	71
2181156	72
2181248	72
2181249	74
2181250	74
2181251	74
2181252	73
2181312	70
2181313	72
2181314	72
2181315	70
2181316	71
2181328	72
2181336	72
2181338	74
2181339	72
2181340	73
2181344	71
2181346	73
2181347	71
2181348	72
2181376	71
2181377	73
2181378	73
2181379	73
2181380	72
2181392	73
2181400	71
2181402	73
2181403	73
2181404	72
2181408	72
2181410	74
2181411	72
2181412	73
2195456	68
2195457	70
2195458	70
2195459	70
2195460	69
2195464	70
2195472	70
2195474	72
2195475	70
2195476	71
2195480	70
2195482	70
2195483	70
2195484	69
2195488	69
2195490	71
2195491	69
2195492	70
2195520	70
2195521	72
2195522	72
2195523	72
2195524	71
2195584	70
2195585	72
2195586	72
2195587	70
2195588	71
2195600	72
2195608	70
2195610	72
2195611	72
2195612	71
2195616	71
2195618	73
2195619	71
2195620	72
2195648	68
2195649	70
2195650	70
2195651	68
2195652	69
2195664	70
2195672	70
2195674	72
2195675	70
2195676	71
2195680	69
2195682	71
2195683	69
2195684	70
2195712	69
2195713	71
2195714	71
2195715	71
2195716	70
2195728	71
2195736	69
2195738	71
2195739	71
2195740	70
2195744	70
2195746	72
2195747	70
2195748	71
2195968	70
2195969	72
2195970	72
2195971	72
2195972	71
2195976	72
2195984	72
2195986	74
2195987	72
2195988	73
2195992	72
2195994	72
2195995	72
2195996	71
2196000	71
2196002	73
2196003	71
2196004	72
2196480	70
2196481	72
2196482	72
2196483	70
2196484	71
2196488	72
2196496	72
2196498	74
2196499	72
2196500	73
2196504	70
2196506	70
2196507	72
2196508	69
2196512	71
2196514	73
2196515	71
2196516	72
2196608	72
2196609	74
2196610	74
2196611	74
2196612	73
2196672	70
2196673	72
2196674	72
2196675	70
2196676	71
2196688	72
2196696	72
2196698	74
2196699	72
2196700	73
2196704	71
2196706	73
2196707	71
2196708	72
2196736	71
2196737	73
2196738	73
2196739	73
2196740	72
2196752	73
2196760	71
2196762	73
2196763	73
2196764	72
2196768	72
2196770	74
2196771	72
2196772	73
2196992	68
2196993	70
2196994	70
2196995	68
2196996	69
2197000	70
2197008	70
2197010	72
2197011	70
2197012	71
2197016	68
2197018	68
2197019	70
2197020	67
2197024	69
2197026	71
2197027	69
2197028	70
2197120	70
2197121	70
2197122	70
2197123	70
2197124	69
2197184	70
2197185	72
2197186	72
2197187	72
2197188	71
2197200	72
2197208	70
2197210	72
2197211	72
2197212	71
2197216	71
2197218	73
2197219	71
2197220	72
2197248	69
2197249	69
2197250	69
2197251	69
2197252	68
2197264	69
2197272	69
2197274	69
2197275	69
2197276	68
2197280	70
2197282	70
2197283	70
2197284	69
2197504	69
2197505	71
2197506	71
2197507	71
2197508	70
2197512	71
2197520	71
2197522	73
2197523	71
2197524	72
2197528	71
2197530	71
2197531	71
2197532	70
2197536	70
2197538	72
2197539	70
2197540	71
2197632	71
2197633	73
2197634	73
2197635	73
2197636	72
2197696	69
2197697	71
2197698	71
2197699	69
2197700	70
2197712	71
2197720	71
2197722	73
2197723	71
2197724	72
2197728	70
2197730	72
2197731	70
2197732	71
2197760	70
2197761	72
2197762	72
2197763	72
2197764	71
2197776	72
2197784	70
2197786	72
2197787	72
2197788	71
2197792	71
2197794	73
2197795	71
2197796	72
2203648	68
2203649	70
2203650	70
2203651	70
2203652	69
2203656	70
2203664	70
2203666	72
2203667	70
2203668	71
2203672	70
2203674	70
2203675	70
2203676	69
2203680	69
2203682	71
2203683	71
2203684	70
2203712	70
2203713	72
2203714	72
2203715	72
2203716	71
2203776	70
2203777	72
2203778	72
2203779	72
2203780	71
2203792	72
2203800	72
2203802	72
2203803	72
2203804	71
2203808	71
2203810	73
2203811	71
2203812	72
2203840	70
2203841	72
2203842	72
2203843	70
2203844	71
2203856	72
2203864	70
2203866	72
2203867	72
2203868	71
2203872	71
2203874	71
2203875	71
2203876	72
2203904	69
2203905	71
2203906	71
2203907	71
2203908	70
2203920	71
2203928	71
2203930	71
2203931	71
2203932	70
2203936	70
2203938	72
2203939	72
2203940	71
2207744	68
2207745	70
2207746	70
2207747	70
2207748	69
2207752	70
2207760	70
2207762	72
2207763	70
2207764	71
2207768	70
2207770	70
2207771	70
2207772	69
2207776	69
2207778	71
2207779	71
2207780	70
2207808	70
2207809	72
2207810	72
2207811	72
2207812	71
2207872	70
2207873	72
2207874	72
2207875	72
2207876	71
2207888	72
2207896	72
2207898	72
2207899	72
2207900	71
2207904	71
2207906	73
2207907	71
2207908	72
2207936	70
2207937	72
2207938	72
2207939	70
2207940	71
2207952	72
2207960	70
2207962	72
2207963	72
2207964	71
2207968	71
2207970	71
2207971	71
2207972	72
2208000	69
2208001	71
2208002	71
2208003	71
2208004	70
2208016	71
2208024	71
2208026	71
2208027	71
2208028	70
2208032	70
2208034	72
2208035	72
2208036	71
2208768	70
2208769	72
2208770	72
2208771	72
2208772	71
2208776	72
2208784	72
2208786	74
2208787	72
2208788	73
2208792	72
2208794	72
2208795	72
2208796	71
2208800	71
2208802	73
2208803	71
2208804	72
2209280	70
2209281	72
2209282	72
2209283	70
2209284	71
2209288	72
2209296	72
2209298	74
2209299	72
2209300	73
2209304	70
2209306	70
2209307	72
2209308	69
2209312	71
2209314	73
2209315	71
2209316	72
2209408	70
2209409	72
2209410	72
2209411	72
2209412	71
2209472	70
2209473	72
2209474	72
2209475	72
2209476	71
2209488	72
2209496	72
2209498	72
2209499	72
2209500	71
2209504	71
2209506	73
2209507	71
2209508	72
2209536	71
2209537	71
2209538	71
2209539	71
2209540	70
2209552	71
2209560	71
2209562	71
2209563	71
2209564	70
2209568	72
2209570	72
2209571	72
2209572	71
2209792	69
2209793	71
2209794	71
2209795	71
2209796	70
2209800	71
2209808	71
2209810	73
2209811	71
2209812	72
2209816	71
2209818	71
2209819	71
2209820	70
2209824	70
2209826	72
2209827	70
2209828	71
2209920	71
2209921	73
2209922	73
2209923	73
2209924	72
2209984	69
2209985	71
2209986	71
2209987	69
2209988	70
2210000	71
2210008	71
2210010	73
2210011	71
2210012	72
2210016	70
2210018	72
2210019	70
2210020	71
2210048	70
2210049	72
2210050	72
2210051	72
2210052	71
2210064	72
2210072	72
2210074	72
2210075	72
2210076	71
2210080	71
2210082	73
2210083	71
2210084	72
2211840	69
2211841	71
2211842	71
2211843	69
2211844	70
2211848	71
2211856	71
2211858	73
2211859	71
2211860	72
2211864	69
2211866	69
2211867	71
2211868	68
2211872	70
2211874	72
2211875	70
2211876	71
2211904	71
2211905	71
2211906	71
2211907	71
2211908	70
2211968	71
2211969	71
2211970	71
2211971	71
2211972	70
2211984	71
2211992	71
2211994	71
2211995	71
2211996	70
2212000	70
2212002	72
2212003	70
2212004	71
2212032	69
2212033	71
2212034	71
2212035	69
2212036	70
2212048	71
2212056	71
2212058	71
2212059	71
2212060	70
2212064	70
2212066	72
2212067	70
2212068	71
2212096	70
2212097	70
2212098	70
2212099	70
2212100	69
2212112	70
2212120	70
2212122	70
2212123	70
2212124	69
2212128	71
2212130	71
2212131	71
2212132	70
2212864	69
2212865	71
2212866	71
2212867	71
2212868	70
2212872	71
2212880	71
2212882	73
2212883	71
2212884	72
2212888	71
2212890	71
2212891	71
2212892	70
2212896	70
2212898	72
2212899	70
2212900	71
2213376	69
2213377	71
2213378	71
2213379	69
2213380	70
2213384	71
2213392	71
2213394	73
2213395	71
2213396	72
2213400	69
2213402	69
2213403	71
2213404	68
2213408	70
2213410	72
2213411	70
2213412	71
2213504	71
2213505	71
2213506	71
2213507	71
2213508	70
2213568	71
2213569	71
2213570	71
2213571	71
2213572	70
2213584	71
2213592	71
2213594	71
2213595	71
2213596	70
2213600	72
2213602	72
2213603	72
2213604	71
2213632	70
2213633	70
2213634	70
2213635	70
2213636	69
2213648	70
2213656	70
2213658	70
2213659	70
2213660	69
2213664	71
2213666	71
2213667	71
2213668	70
2213888	70
2213889	72
2213890	72
2213891	70
2213892	71
2213896	72
2213904	72
2213906	74
2213907	72
2213908	73
2213912	70
2213914	70
2213915	72
2213916	69
2213920	71
2213922	73
2213923	71
2213924	72
2214016	70
2214017	72
2214018	72
2214019	72
2214020	71
2214080	70
2214081	72
2214082	72
2214083	70
2214084	71
2214096	72
2214104	72
2214106	72
2214107	72
2214108	71
2214112	71
2214114	73
2214115	71
2214116	72
2214144	71
2214145	71
2214146	71
2214147	71
2214148	70
2214160	71
2214168	71
2214170	71
2214171	71
2214172	70
2214176	72
2214178	72
2214179	72
2214180	71
2228224	67
2228225	69
2228226	69
2228227	69
2228228	68
2228232	69
2228240	69
2228242	71
2228243	69
2228244	70
2228248	69
2228250	69
2228251	69
2228252	68
2228256	68
2228258	70
2228259	70
2228260	69
2228288	69
2228289	71
2228290	71
2228291	71
2228292	70
2228352	69
2228353	71
2228354	71
2228355	71
2228356	70
2228368	71
2228376	71
2228378	71
2228379	71
2228380	70
2228384	70
2228386	72
2228387	70
2228388	71
2228416	69
2228417	71
2228418	71
2228419	69
2228420	70
2228432	71
2228440	69
2228442	71
2228443	71
2228444	70
2228448	70
2228450	70
2228451	70
2228452	71
2228480	68
2228481	70
2228482	70
2228483	70
2228484	69
2228496	70
2228504	70
2228506	70
2228507	70
2228508	69
2228512	69
2228514	71
2228515	71
2228516	70
2228736	69
2228737	71
2228738	71
2228739	71
2228740	70
2228744	71
2228752	71
2228754	73
2228755	71
2228756	72
2228760	71
2228762	71
2228763	71
2228764	70
2228768	70
2228770	72
2228771	70
2228772	71
2229248	69
2229249	71
2229250	71
2229251	71
2229252	70
2229256	71
2229264	71
2229266	73
2229267	71
2229268	72
2229272	71
2229274	71
2229275	71
2229276	70
2229280	70
2229282	72
2229283	70
2229284	71
2229376	71
2229377	73
2229378	73
2229379	73
2229380	72
2229440	69
2229441	71
2229442	71
2229443	69
2229444	70
2229456	71
2229464	71
2229466	73
2229467	71
2229468	72
2229472	70
2229474	72
2229475	70
2229476	71
2229504	70
2229505	72
2229506	72
2229507	72
2229508	71
2229520	72
2229528	70
2229530	72
2229531	72
2229532	71
2229536	71
2229538	73
2229539	71
2229540	72
2229760	69
2229761	71
2229762	71
2229763	69
2229764	70
2229768	71
2229776	71
2229778	73
2229779	71
2229780	72
2229784	69
2229786	69
2229787	71
2229788	68
2229792	70
2229794	72
2229795	70
2229796	71
2229888	69
2229889	71
2229890	71
2229891	71
2229892	70
2229952	69
2229953	71
2229954	71
2229955	71
2229956	70
2229968	71
2229976	71
2229978	71
2229979	71
2229980	70
2229984	70
2229986	72
2229987	70
2229988	71
2230016	70
2230017	70
2230018	70
2230019	70
2230020	69
2230032	70
2230040	70
2230042	70
2230043	70
2230044	69
2230048	71
2230050	71
2230051	71
2230052	70
2230272	68
2230273	70
2230274	70
2230275	70
2230276	69
2230280	70
2230288	70
2230290	72
2230291	70
2230292	71
2230296	70
2230298	70
2230299	70
2230300	69
2230304	69
2230306	71
2230307	69
2230308	70
2230400	70
2230401	72
2230402	72
2230403	72
2230404	71
2230464	68
2230465	70
2230466	70
2230467	68
2230468	69
2230480	70
2230488	70
2230490	72
2230491	70
2230492	71
2230496	69
2230498	71
2230499	69
2230500	70
2230528	69
2230529	71
2230530	71
2230531	71
2230532	70
2230544	71
2230552	71
2230554	71
2230555	71
2230556	70
2230560	70
2230562	72
2230563	70
2230564	71
2236416	69
2236417	71
2236418	71
2236419	71
2236420	70
2236424	71
2236432	71
2236434	73
2236435	71
2236436	72
2236440	71
2236442	71
2236443	71
2236444	70
2236448	70
2236450	72
2236451	72
2236452	71
2236480	71
2236481	73
2236482	73
2236483	73
2236484	72
2236544	71
2236545	73
2236546	73
2236547	73
2236548	72
2236560	73
2236568	73
2236570	73
2236571	73
2236572	72
2236576	72
2236578	74
2236579	72
2236580	73
2236608	71
2236609	73
2236610	73
2236611	71
2236612	72
2236624	73
2236632	71
2236634	73
2236635	73
2236636	72
2236640	72
2236642	72
2236643	72
2236644	73
2236672	70
2236673	72
2236674	72
2236675	72
2236676	71
2236688	72
2236696	72
2236698	72
2236699	72
2236700	71
2236704	71
2236706	73
2236707	73
2236708	72
2240512	67
2240513	69
2240514	69
2240515	69
2240516	68
2240520	69
2240528	69
2240530	71
2240531	69
2240532	70
2240536	69
2240538	71
2240539	69
2240540	70
2240544	68
2240546	70
2240547	68
2240548	69
2240576	69
2240577	71
2240578	71
2240579	71
2240580	70
2240640	69
2240641	71
2240642	71
2240643	69
2240644	70
2240656	71
2240664	71
2240666	71
2240667	71
2240668	70
2240672	70
2240674	72
2240675	70
2240676	71
2240704	67
2240705	69
2240706	69
2240707	67
2240708	68
2240720	69
2240728	69
2240730	71
2240731	69
2240732	70
2240736	68
2240738	70
2240739	68
2240740	69
2240768	68
2240769	70
2240770	70
2240771	70
2240772	69
2240784	70
2240792	70
2240794	72
2240795	70
2240796	71
2240800	69
2240802	71
2240803	69
2240804	70
2241536	69
2241537	71
2241538	71
2241539	71
2241540	70
2241544	71
2241552	71
2241554	73
2241555	71
2241556	72
2241560	71
2241562	71
2241563	71
2241564	70
2241568	70
2241570	72
2241571	70
2241572	71
2242048	69
2242049	71
2242050	71
2242051	71
2242052	70
2242056	71
2242064	71
2242066	73
2242067	71
2242068	72
2242072	71
2242074	71
2242075	71
2242076	70
2242080	70
2242082	72
2242083	70
2242084	71
2242176	71
2242177	73
2242178	73
2242179	73
2242180	72
2242240	69
2242241	71
2242242	71
2242243	71
2242244	70
2242256	71
2242264	71
2242266	73
2242267	71
2242268	72
2242272	70
2242274	72
2242275	70
2242276	71
2242304	70
2242305	72
2242306	72
2242307	72
2242308	71
2242320	72
2242328	72
2242330	72
2242331	72
2242332	71
2242336	71
2242338	73
2242339	71
2242340	72
2242560	68
2242561	70
2242562	70
2242563	70
2242564	69
2242568	70
2242576	70
2242578	72
2242579	70
2242580	71
2242584	70
2242586	72
2242587	70
2242588	71
2242592	69
2242594	71
2242595	69
2242596	70
2242688	70
2242689	72
2242690	72
2242691	72
2242692	71
2242752	68
2242753	70
2242754	70
2242755	68
2242756	69
2242768	70
2242776	70
2242778	72
2242779	70
2242780	71
2242784	69
2242786	71
2242787	69
2242788	70
2242816	69
2242817	71
2242818	71
2242819	71
2242820	70
2242832	71
2242840	71
2242842	73
2242843	71
2242844	72
2242848	70
2242850	72
2242851	70
2242852	71
2244608	68
2244609	70
2244610	70
2244611	70
2244612	69
2244616	70
2244624	70
2244626	72
2244627	70
2244628	71
2244632	70
2244634	70
2244635	70
2244636	69
2244640	69
2244642	71
2244643	71
2244644	70
2244672	70
2244673	72
2244674	72
2244675	72
2244676	71
2244736	70
2244737	72
2244738	72
2244739	72
2244740	71
2244752	72
2244760	72
2244762	72
2244763	72
2244764	71
2244768	71
2244770	73
2244771	71
2244772	72
2244800	70
2244801	72
2244802	72
2244803	70
2244804	71
2244816	72
2244824	70
2244826	72
2244827	72
2244828	71
2244832	71
2244834	71
2244835	71
2244836	72
2244864	69
2244865	71
2244866	71
2244867	71
2244868	70
2244880	71
2244888	71
2244890	71
2244891	71
2244892	70
2244896	70
2244898	72
2244899	72
2244900	71
2245632	70
2245633	72
2245634	72
2245635	72
2245636	71
2245640	72
2245648	72
2245650	74
2245651	72
2245652	73
2245656	72
2245658	72
2245659	72
2245660	71
2245664	71
2245666	73
2245667	71
2245668	72
2246144	70
2246145	72
2246146	72
2246147	70
2246148	71
2246152	72
2246160	72
2246162	74
2246163	72
2246164	73
2246168	70
2246170	70
2246171	72
2246172	69
2246176	71
2246178	73
2246179	71
2246180	72
2246272	70
2246273	72
2246274	72
2246275	72
2246276	71
2246336	70
2246337	72
2246338	72
2246339	72
2246340	71
2246352	72
2246360	72
2246362	72
2246363	72
2246364	71
2246368	71
2246370	73
2246371	71
2246372	72
2246400	71
2246401	71
2246402	71
2246403	71
2246404	70
2246416	71
2246424	71
2246426	71
2246427	71
2246428	70
2246432	72
2246434	72
2246435	72
2246436	71
2246656	69
2246657	71
2246658	71
2246659	71
2246660	70
2246664	71
2246672	71
2246674	73
2246675	71
2246676	72
2246680	71
2246682	71
2246683	71
2246684	70
2246688	70
2246690	72
2246691	70
2246692	71
2246784	71
2246785	73
2246786	73
2246787	73
2246788	72
2246848	69
2246849	71
2246850	71
2246851	69
2246852	70
2246864	71
2246872	71
2246874	73
2246875	71
2246876	72
2246880	70
2246882	72
2246883	70
2246884	71
2246912	70
2246913	72
2246914	72
2246915	72
2246916	71
2246928	72
2246936	72
2246938	72
2246939	72
2246940	71
2246944	71
2246946	73
2246947	71
2246948	72
4194304	66
4194305	68
4194306	68
4194307	68
4194308	67
4194312	68
4194320	68
4194322	70
4194323	68
4194324	69
4194328	68
4194330	68
4194331	68
4194332	67
4194336	67
4194338	69
4194339	69
4194340	68
4194368	68
4194369	70
4194370	70
4194371	70
4194372	69
4194432	68
4194433	70
4194434	70
4194435	70
4194436	69
4194448	70
4194456	70
4194458	70
4194459	70
4194460	69
4194464	69
4194466	71
4194467	69
4194468	70
4194496	68
4194497	70
4194498	70
4194499	68
4194500	69
4194512	70
4194520	68
4194522	70
4194523	70
4194524	69
4194528	69
4194530	69
4194531	69
4194532	70
4194560	67
4194561	69
4194562	69
4194563	69
4194564	68
4194576	69
4194584	69
4194586	69
4194587	69
4194588	68
4194592	68
4194594	70
4194595	70
4194596	69
4194816	68
4194817	70
4194818	70
4194819	70
4194820	69
4194824	70
4194832	70
4194834	72
4194835	70
4194836	71
4194840	70
4194842	70
4194843	70
4194844	69
4194848	69
4194850	71
4194851	71
4194852	70
4195328	68
4195329	70
4195330	70
4195331	70
4195332	69
4195336	70
4195344	70
4195346	72
4195347	70
4195348	71
4195352	70
4195354	70
4195355	70
4195356	69
4195360	69
4195362	71
4195363	71
4195364	70
4195456	70
4195457	72
4195458	72
4195459	72
4195460	71
4195520	68
4195521	70
4195522	70
4195523	70
4195524	69
4195536	70
4195544	70
4195546	72
4195547	70
4195548	71
4195552	69
4195554	71
4195555	71
4195556	70
4195584	69
4195585	71
4195586	71
4195587	71
4195588	70
4195600	71
4195608	69
4195610	71
4195611	71
4195612	70
4195616	70
4195618	72
4195619	70
4195620	71
4195840	68
4195841	70
4195842	70
4195843	68
4195844	69
4195848	70
4195856	70
4195858	72
4195859	70
4195860	71
4195864	68
4195866	68
4195867	70
4195868	67
4195872	69
4195874	71
4195875	69
4195876	70
4195968	68
4195969	70
4195970	70
4195971	70
4195972	69
4196032	68
4196033	70
4196034	70
4196035	70
4196036	69
4196048	70
4196056	70
4196058	70
4196059	70
4196060	69
4196064	69
4196066	71
4196067	71
4196068	70
4196096	69
4196097	69
4196098	69
4196099	69
4196100	68
4196112	69
4196120	69
4196122	69
4196123	69
4196124	68
4196128	70
4196130	70
4196131	70
4196132	69
4196352	67
4196353	69
4196354	69
4196355	69
4196356	68
4196360	69
4196368	69
4196370	71
4196371	69
4196372	70
4196376	69
4196378	69
4196379	69
4196380	68
4196384	68
4196386	70
4196387	70
4196388	69
4196480	69
4196481	71
4196482	71
4196483	71
4196484	70
4196544	69
4196545	71
4196546	71
4196547	69
4196548	70
4196560	71
4196568	69
4196570	71
4196571	71
4196572	70
4196576	70
4196578	70
4196579	70
4196580	71
4196608	68
4196609	70
4196610	70
4196611	70
4196612	69
4196624	70
4196632	70
4196634	70
4196635	70
4196636	69
4196640	69
4196642	71
4196643	71
4196644	70
4198400	68
4198401	70
4198402	70
4198403	70
4198404	69
4198408	70
4198416	70
4198418	72
4198419	70
4198420	71
4198424	70
4198426	70
4198427	70
4198428	69
4198432	69
4198434	71
4198435	71
4198436	70
4198464	70
4198465	72
4198466	72
4198467	72
4198468	71
4198528	70
4198529	72
4198530	72
4198531	72
4198532	71
4198544	72
4198552	72
4198554	72
4198555	72
4198556	71
4198560	71
4198562	73
4198563	71
4198564	72
4198592	70
4198593	72
4198594	72
4198595	70
4198596	71
4198608	72
4198616	70
4198618	72
4198619	72
4198620	71
4198624	71
4198626	71
4198627	71
4198628	72
4198656	69
4198657	71
4198658	71
4198659	71
4198660	70
4198672	71
4198680	71
4198682	71
4198683	71
4198684	70
4198688	70
4198690	72
4198691	72
4198692	71
4202496	68
4202497	70
4202498	70
4202499	70
4202500	69
4202504	70
4202512	70
4202514	72
4202515	70
4202516	71
4202520	70
4202522	70
4202523	70
4202524	69
4202528	69
4202530	71
4202531	71
4202532	70
4202560	70
4202561	72
4202562	72
4202563	72
4202564	71
4202624	70
4202625	72
4202626	72
4202627	72
4202628	71
4202640	72
4202648	72
4202650	72
4202651	72
4202652	71
4202656	71
4202658	73
4202659	71
4202660	72
4202688	70
4202689	72
4202690	72
4202691	70
4202692	71
4202704	72
4202712	70
4202714	72
4202715	72
4202716	71
4202720	71
4202722	71
4202723	71
4202724	72
4202752	69
4202753	71
4202754	71
4202755	71
4202756	70
4202768	71
4202776	71
4202778	71
4202779	71
4202780	70
4202784	70
4202786	72
4202787	72
4202788	71
4203520	70
4203521	72
4203522	72
4203523	72
4203524	71
4203528	72
4203536	72
4203538	74
4203539	72
4203540	73
4203544	72
4203546	72
4203547	72
4203548	71
4203552	71
4203554	73
4203555	71
4203556	72
4204032	70
4204033	72
4204034	72
4204035	70
4204036	71
4204040	72
4204048	72
4204050	74
4204051	72
4204052	73
4204056	70
4204058	70
4204059	72
4204060	69
4204064	71
4204066	73
4204067	71
4204068	72
4204160	70
4204161	72
4204162	72
4204163	72
4204164	71
4204224	70
4204225	72
4204226	72
4204227	72
4204228	71
4204240	72
4204248	72
4204250	72
4204251	72
4204252	71
4204256	71
4204258	73
4204259	71
4204260	72
4204288	71
4204289	71
4204290	71
4204291	71
4204292	70
4204304	71
4204312	71
4204314	71
4204315	71
4204316	70
4204320	72
4204322	72
4204323	72
4204324	71
4204544	69
4204545	71
4204546	71
4204547	71
4204548	70
4204552	71
4204560	71
4204562	73
4204563	71
4204564	72
4204568	71
4204570	71
4204571	71
4204572	70
4204576	70
4204578	72
4204579	70
4204580	71
4204672	71
4204673	73
4204674	73
4204675	73
4204676	72
4204736	69
4204737	71
4204738	71
4204739	69
4204740	70
4204752	71
4204760	71
4204762	73
4204763	71
4204764	72
4204768	70
4204770	72
4204771	70
4204772	71
4204800	70
4204801	72
4204802	72
4204803	72
4204804	71
4204816	72
4204824	72
4204826	72
4204827	72
4204828	71
4204832	71
4204834	73
4204835	71
4204836	72
4206592	68
4206593	70
4206594	70
4206595	70
4206596	69
4206600	70
4206608	70
4206610	70
4206611	70
4206612	71
4206616	70
4206618	70
4206619	70
4206620	69
4206624	69
4206626	71
4206627	69
4206628	70
4206656	70
4206657	72
4206658	72
4206659	72
4206660	71
4206720	70
4206721	72
4206722	72
4206723	70
4206724	71
4206736	72
4206744	72
4206746	72
4206747	72
4206748	71
4206752	71
4206754	73
4206755	71
4206756	72
4206784	68
4206785	70
4206786	70
4206787	68
4206788	69
4206800	70
4206808	70
4206810	72
4206811	70
4206812	71
4206816	69
4206818	69
4206819	69
4206820	70
4206848	69
4206849	71
4206850	71
4206851	71
4206852	70
4206864	71
4206872	71
4206874	71
4206875	71
4206876	70
4206880	70
4206882	72
4206883	70
4206884	71
4207616	70
4207617	72
4207618	72
4207619	70
4207620	71
4207624	72
4207632	72
4207634	72
4207635	72
4207636	73
4207640	72
4207642	72
4207643	72
4207644	71
4207648	71
4207650	71
4207651	71
4207652	72
4208128	68
4208129	70
4208130	70
4208131	70
4208132	69
4208136	70
4208144	70
4208146	72
4208147	70
4208148	71
4208152	70
4208154	70
4208155	70
4208156	69
4208160	69
4208162	71
4208163	71
4208164	70
4208256	70
4208257	72
4208258	72
4208259	72
4208260	71
4208320	70
4208321	72
4208322	72
4208323	70
4208324	71
4208336	72
4208344	70
4208346	72
4208347	72
4208348	71
4208352	71
4208354	71
4208355	71
4208356	72
4208384	69
4208385	71
4208386	71
4208387	71
4208388	70
4208400	71
4208408	71
4208410	71
4208411	71
4208412	70
4208416	70
4208418	72
4208419	72
4208420	71
4208640	69
4208641	71
4208642	71
4208643	69
4208644	70
4208648	71
4208656	71
4208658	71
4208659	71
4208660	72
4208664	71
4208666	71
4208667	71
4208668	70
4208672	70
4208674	70
4208675	70
4208676	71
4208768	69
4208769	71
4208770	71
4208771	71
4208772	70
4208832	69
4208833	71
4208834	71
4208835	69
4208836	70
4208848	71
4208856	71
4208858	71
4208859	71
4208860	72
4208864	70
4208866	70
4208867	70
4208868	71
4208896	70
4208897	72
4208898	72
4208899	70
4208900	71
4208912	72
4208920	70
4208922	72
4208923	72
4208924	71
4208928	71
4208930	71
4208931	71
4208932	72
4210688	67
4210689	69
4210690	69
4210691	69
4210692	68
4210696	69
4210704	69
4210706	71
4210707	69
4210708	70
4210712	69
4210714	69
4210715	69
4210716	68
4210720	68
4210722	70
4210723	70
4210724	69
4210752	69
4210753	71
4210754	71
4210755	71
4210756	70
4210816	69
4210817	71
4210818	71
4210819	71
4210820	70
4210832	71
4210840	71
4210842	71
4210843	71
4210844	70
4210848	70
4210850	72
4210851	70
4210852	71
4210880	69
4210881	71
4210882	71
4210883	69
4210884	70
4210896	71
4210904	69
4210906	71
4210907	71
4210908	70
4210912	70
4210914	70
4210915	70
4210916	71
4210944	68
4210945	70
4210946	70
4210947	70
4210948	69
4210960	70
4210968	70
4210970	70
4210971	70
4210972	69
4210976	69
4210978	71
4210979	71
4210980	70
4211712	69
4211713	71
4211714	71
4211715	71
4211716	70
4211720	71
4211728	71
4211730	73
4211731	71
4211732	72
4211736	71
4211738	71
4211739	71
4211740	70
4211744	70
4211746	72
4211747	70
4211748	71
4212224	69
4212225	71
4212226	71
4212227	69
4212228	70
4212232	71
4212240	71
4212242	73
4212243	71
4212244	72
4212248	69
4212250	69
4212251	71
4212252	68
4212256	70
4212258	72
4212259	70
4212260	71
4212352	69
4212353	71
4212354	71
4212355	71
4212356	70
4212416	69
4212417	71
4212418	71
4212419	71
4212420	70
4212432	71
4212440	71
4212442	71
4212443	71
4212444	70
4212448	70
4212450	72
4212451	72
4212452	71
4212480	70
4212481	70
4212482	70
4212483	70
4212484	69
4212496	70
4212504	70
4212506	70
4212507	70
4212508	69
4212512	71
4212514	71
4212515	71
4212516	70
4212736	68
4212737	70
4212738	70
4212739	70
4212740	69
4212744	70
4212752	70
4212754	72
4212755	70
4212756	71
4212760	70
4212762	70
4212763	70
4212764	69
4212768	69
4212770	71
4212771	71
4212772	70
4212864	70
4212865	72
4212866	72
4212867	72
4212868	71
4212928	70
4212929	72
4212930	72
4212931	70
4212932	71
4212944	72
4212952	70
4212954	72
4212955	72
4212956	71
4212960	71
4212962	71
4212963	71
4212964	72
4212992	69
4212993	71
4212994	71
4212995	71
4212996	70
4213008	71
4213016	71
4213018	71
4213019	71
4213020	70
4213024	70
4213026	72
4213027	72
4213028	71
4227072	68
4227073	70
4227074	70
4227075	70
4227076	69
4227080	70
4227088	70
4227090	72
4227091	70
4227092	71
4227096	70
4227098	70
4227099	70
4227100	69
4227104	69
4227106	71
4227107	71
4227108	70
4227136	70
4227137	72
4227138	72
4227139	72
4227140	71
4227200	70
4227201	72
4227202	72
4227203	72
4227204	71
4227216	72
4227224	72
4227226	72
4227227	72
4227228	71
4227232	71
4227234	73
4227235	71
4227236	72
4227264	70
4227265	72
4227266	72
4227267	70
4227268	71
4227280	72
4227288	70
4227290	72
4227291	72
4227292	71
4227296	71
4227298	71
4227299	71
4227300	72
4227328	69
4227329	71
4227330	71
4227331	71
4227332	70
4227344	71
4227352	71
4227354	71
4227355	71
4227356	70
4227360	70
4227362	72
4227363	72
4227364	71
4227584	70
4227585	72
4227586	72
4227587	72
4227588	71
4227592	72
4227600	72
4227602	74
4227603	72
4227604	73
4227608	72
4227610	72
4227611	72
4227612	71
4227616	71
4227618	73
4227619	71
4227620	72
4228096	70
4228097	72
4228098	72
4228099	72
4228100	71
4228104	72
4228112	72
4228114	74
4228115	72
4228116	73
4228120	72
4228122	72
4228123	72
4228124	71
4228128	71
4228130	73
4228131	71
4228132	72
4228224	72
4228225	74
4228226	74
4228227	74
4228228	73
4228288	70
4228289	72
4228290	72
4228291	70
4228292	71
4228304	72
4228312	72
4228314	74
4228315	72
4228316	73
4228320	71
4228322	73
4228323	71
4228324	72
4228352	71
4228353	73
4228354	73
4228355	73
4228356	72
4228368	73
4228376	71
4228378	73
4228379	73
4228380	72
4228384	72
4228386	74
4228387	72
4228388	73
4228608	70
4228609	72
4228610	72
4228611	70
4228612	71
4228616	72
4228624	72
4228626	74
4228627	72
4228628	73
4228632	70
4228634	70
4228635	72
4228636	69
4228640	71
4228642	73
4228643	71
4228644	72
4228736	70
4228737	72
4228738	72
4228739	72
4228740	71
4228800	70
4228801	72
4228802	72
4228803	72
4228804	71
4228816	72
4228824	72
4228826	72
4228827	72
4228828	71
4228832	71
4228834	73
4228835	71
4228836	72
4228864	71
4228865	71
4228866	71
4228867	71
4228868	70
4228880	71
4228888	71
4228890	71
4228891	71
4228892	70
4228896	72
4228898	72
4228899	72
4228900	71
4229120	69
4229121	71
4229122	71
4229123	71
4229124	70
4229128	71
4229136	71
4229138	73
4229139	71
4229140	72
4229144	71
4229146	71
4229147	71
4229148	70
4229152	70
4229154	72
4229155	70
4229156	71
4229248	71
4229249	73
4229250	73
4229251	73
4229252	72
4229312	69
4229313	71
4229314	71
4229315	69
4229316	70
4229328	71
4229336	71
4229338	73
4229339	71
4229340	72
4229344	70
4229346	72
4229347	70
4229348	71
4229376	70
4229377	72
4229378	72
4229379	72
4229380	71
4229392	72
4229400	72
4229402	72
4229403	72
4229404	71
4229408	71
4229410	73
4229411	71
4229412	72
4259840	68
4259841	70
4259842	70
4259843	70
4259844	69
4259848	70
4259856	70
4259858	72
4259859	70
4259860	71
4259864	70
4259866	70
4259867	70
4259868	69
4259872	69
4259874	71
4259875	71
4259876	70
4259904	70
4259905	72
4259906	72
4259907	72
4259908	71
4259968	70
4259969	72
4259970	72
4259971	72
4259972	71
4259984	72
4259992	72
4259994	72
4259995	72
4259996	71
4260000	71
4260002	73
4260003	71
4260004	72
4260032	70
4260033	72
4260034	72
4260035	70
4260036	71
4260048	72
4260056	70
4260058	72
4260059	72
4260060	71
4260064	71
4260066	71
4260067	71
4260068	72
4260096	69
4260097	71
4260098	71
4260099	71
4260100	70
4260112	71
4260120	71
4260122	71
4260123	71
4260124	70
4260128	70
4260130	72
4260131	72
4260132	71
4260352	70
4260353	72
4260354	72
4260355	72
4260356	71
4260360	72
4260368	72
4260370	74
4260371	72
4260372	73
4260376	72
4260378	72
4260379	72
4260380	71
4260384	71
4260386	73
4260387	71
4260388	72
4260864	70
4260865	72
4260866	72
4260867	72
4260868	71
4260872	72
4260880	72
4260882	74
4260883	72
4260884	73
4260888	72
4260890	72
4260891	72
4260892	71
4260896	71
4260898	73
4260899	71
4260900	72
4260992	72
4260993	74
4260994	74
4260995	74
4260996	73
4261056	70
4261057	72
4261058	72
4261059	70
4261060	71
4261072	72
4261080	72
4261082	74
4261083	72
4261084	73
4261088	71
4261090	73
4261091	71
4261092	72
4261120	71
4261121	73
4261122	73
4261123	73
4261124	72
4261136	73
4261144	71
4261146	73
4261147	73
4261148	72
4261152	72
4261154	74
4261155	72
4261156	73
4261376	70
4261377	72
4261378	72
4261379	70
4261380	71
4261384	72
4261392	72
4261394	74
4261395	72
4261396	73
4261400	70
4261402	70
4261403	72
4261404	69
4261408	71
4261410	73
4261411	71
4261412	72
4261504	70
4261505	72
4261506	72
4261507	72
4261508	71
4261568	70
4261569	72
4261570	72
4261571	72
4261572	71
4261584	72
4261592	72
4261594	72
4261595	72
4261596	71
4261600	71
4261602	73
4261603	71
4261604	72
4261632	71
4261633	71
4261634	71
4261635	71
4261636	70
4261648	71
4261656	71
4261658	71
4261659	71
4261660	70
4261664	72
4261666	72
4261667	72
4261668	71
4261888	69
4261889	71
4261890	71
4261891	71
4261892	70
4261896	71
4261904	71
4261906	73
4261907	71
4261908	72
4261912	71
4261914	71
4261915	71
4261916	70
4261920	70
4261922	72
4261923	70
4261924	71
4262016	71
4262017	73
4262018	73
4262019	73
4262020	72
4262080	69
4262081	71
4262082	71
4262083	69
4262084	70
4262096	71
4262104	71
4262106	73
4262107	71
4262108	72
4262112	70
4262114	72
4262115	70
4262116	71
4262144	70
4262145	72
4262146	72
4262147	72
4262148	71
4262160	72
4262168	72
4262170	72
4262171	72
4262172	71
4262176	71
4262178	73
4262179	71
4262180	72
4268032	70
4268033	72
4268034	72
4268035	72
4268036	71
4268040	72
4268048	72
4268050	74
4268051	72
4268052	73
4268056	70
4268058	72
4268059	72
4268060	71
4268064	71
4268066	73
4268067	73
4268068	72
4268096	72
4268097	74
4268098	74
4268099	74
4268100	73
4268160	72
4268161	74
4268162	74
4268163	74
4268164	73
4268176	74
4268184	72
4268186	74
4268187	74
4268188	73
4268192	73
4268194	75
4268195	73
4268196	74
4268224	72
4268225	74
4268226	74
4268227	72
4268228	73
4268240	74
4268248	72
4268250	74
4268251	74
4268252	73
4268256	73
4268258	73
4268259	73
4268260	74
4268288	71
4268289	73
4268290	73
4268291	73
4268292	72
4268304	73
4268312	71
4268314	73
4268315	73
4268316	72
4268320	72
4268322	74
4268323	74
4268324	73
4272128	68
4272129	70
4272130	70
4272131	70
4272132	69
4272136	70
4272144	70
4272146	72
4272147	70
4272148	71
4272152	70
4272154	72
4272155	70
4272156	71
4272160	69
4272162	71
4272163	69
4272164	70
4272192	70
4272193	72
4272194	72
4272195	72
4272196	71
4272256	70
4272257	72
4272258	72
4272259	70
4272260	71
4272272	72
4272280	72
4272282	72
4272283	72
4272284	71
4272288	71
4272290	73
4272291	71
4272292	72
4272320	68
4272321	70
4272322	70
4272323	68
4272324	69
4272336	70
4272344	70
4272346	72
4272347	70
4272348	71
4272352	69
4272354	71
4272355	69
4272356	70
4272384	69
4272385	71
4272386	71
4272387	71
4272388	70
4272400	71
4272408	71
4272410	73
4272411	71
4272412	72
4272416	70
4272418	72
4272419	70
4272420	71
4273152	70
4273153	72
4273154	72
4273155	72
4273156	71
4273160	72
4273168	72
4273170	74
4273171	72
4273172	73
4273176	72
4273178	72
4273179	72
4273180	71
4273184	71
4273186	73
4273187	71
4273188	72
4273664	70
4273665	72
4273666	72
4273667	72
4273668	71
4273672	72
4273680	72
4273682	74
4273683	72
4273684	73
4273688	72
4273690	72
4273691	72
4273692	71
4273696	71
4273698	73
4273699	71
4273700	72
4273792	72
4273793	74
4273794	74
4273795	74
4273796	73
4273856	70
4273857	72
4273858	72
4273859	72
4273860	71
4273872	72
4273880	72
4273882	74
4273883	72
4273884	73
4273888	71
4273890	73
4273891	71
4273892	72
4273920	71
4273921	73
4273922	73
4273923	73
4273924	72
4273936	73
4273944	71
4273946	73
4273947	73
4273948	72
4273952	72
4273954	74
4273955	72
4273956	73
4274176	69
4274177	71
4274178	71
4274179	71
4274180	70
4274184	71
4274192	71
4274194	73
4274195	71
4274196	72
4274200	71
4274202	73
4274203	71
4274204	72
4274208	70
4274210	72
4274211	70
4274212	71
4274304	71
4274305	73
4274306	73
4274307	73
4274308	72
4274368	69
4274369	71
4274370	71
4274371	69
4274372	70
4274384	71
4274392	71
4274394	73
4274395	71
4274396	72
4274400	70
4274402	72
4274403	70
4274404	71
4274432	70
4274433	72
4274434	72
4274435	72
4274436	71
4274448	72
4274456	72
4274458	74
4274459	72
4274460	73
4274464	71
4274466	73
4274467	71
4274468	72
4276224	69
4276225	71
4276226	71
4276227	71
4276228	70
4276232	71
4276240	71
4276242	73
4276243	71
4276244	72
4276248	71
4276250	71
4276251	71
4276252	70
4276256	70
4276258	72
4276259	72
4276260	71
4276288	71
4276289	73
4276290	73
4276291	73
4276292	72
4276352	71
4276353	73
4276354	73
4276355	73
4276356	72
4276368	73
4276376	71
4276378	73
4276379	73
4276380	72
4276384	72
4276386	74
4276387	72
4276388	73
4276416	71
4276417	73
4276418	73
4276419	71
4276420	72
4276432	73
4276440	71
4276442	73
4276443	73
4276444	72
4276448	72
4276450	72
4276451	72
4276452	73
4276480	70
4276481	72
4276482	72
4276483	72
4276484	71
4276496	72
4276504	70
4276506	72
4276507	72
4276508	71
4276512	71
4276514	73
4276515	73
4276516	72
4277248	71
4277249	73
4277250	73
4277251	73
4277252	72
4277256	73
4277264	73
4277266	75
4277267	73
4277268	74
4277272	73
4277274	73
4277275	73
4277276	72
4277280	72
4277282	74
4277283	72
4277284	73
4277760	69
4277761	71
4277762	71
4277763	71
4277764	70
4277768	71
4277776	71
4277778	73
4277779	71
4277780	72
4277784	69
4277786	71
4277787	71
4277788	70
4277792	70
4277794	72
4277795	72
4277796	71
4277888	71
4277889	73
4277890	73
4277891	73
4277892	72
4277952	71
4277953	73
4277954	73
4277955	73
4277956	72
4277968	73
4277976	71
4277978	73
4277979	73
4277980	72
4277984	72
4277986	74
4277987	72
4277988	73
4278016	70
4278017	72
4278018	72
4278019	72
4278020	71
4278032	72
4278040	70
4278042	72
4278043	72
4278044	71
4278048	71
4278050	73
4278051	73
4278052	72
4278272	70
4278273	72
4278274	72
4278275	72
4278276	71
4278280	72
4278288	72
4278290	74
4278291	72
4278292	73
4278296	72
4278298	72
4278299	72
4278300	71
4278304	71
4278306	73
4278307	71
4278308	72
4278400	72
4278401	74
4278402	74
4278403	74
4278404	73
4278464	70
4278465	72
4278466	72
4278467	70
4278468	71
4278480	72
4278488	72
4278490	74
4278491	72
4278492	73
4278496	71
4278498	73
4278499	71
4278500	72
4278528	71
4278529	73
4278530	73
4278531	73
4278532	72
4278544	73
4278552	71
4278554	73
4278555	73
4278556	72
4278560	72
4278562	74
4278563	72
4278564	73
4292608	68
4292609	70
4292610	70
4292611	70
4292612	69
4292616	70
4292624	70
4292626	72
4292627	70
4292628	71
4292632	70
4292634	70
4292635	70
4292636	69
4292640	69
4292642	71
4292643	69
4292644	70
4292672	70
4292673	72
4292674	72
4292675	72
4292676	71
4292736	70
4292737	72
4292738	72
4292739	70
4292740	71
4292752	72
4292760	70
4292762	72
4292763	72
4292764	71
4292768	71
4292770	73
4292771	71
4292772	72
4292800	68
4292801	70
4292802	70
4292803	68
4292804	69
4292816	70
4292824	70
4292826	72
4292827	70
4292828	71
4292832	69
4292834	71
4292835	69
4292836	70
4292864	69
4292865	71
4292866	71
4292867	71
4292868	70
4292880	71
4292888	69
4292890	71
4292891	71
4292892	70
4292896	70
4292898	72
4292899	70
4292900	71
4293120	70
4293121	72
4293122	72
4293123	72
4293124	71
4293128	72
4293136	72
4293138	74
4293139	72
4293140	73
4293144	72
4293146	72
4293147	72
4293148	71
4293152	71
4293154	73
4293155	71
4293156	72
4293632	70
4293633	72
4293634	72
4293635	70
4293636	71
4293640	72
4293648	72
4293650	74
4293651	72
4293652	73
4293656	70
4293658	70
4293659	72
4293660	69
4293664	71
4293666	73
4293667	71
4293668	72
4293760	72
4293761	74
4293762	74
4293763	74
4293764	73
4293824	70
4293825	72
4293826	72
4293827	70
4293828	71
4293840	72
4293848	72
4293850	74
4293851	72
4293852	73
4293856	71
4293858	73
4293859	71
4293860	72
4293888	71
4293889	73
4293890	73
4293891	73
4293892	72
4293904	73
4293912	71
4293914	73
4293915	73
4293916	72
4293920	72
4293922	74
4293923	72
4293924	73
4294144	68
4294145	70
4294146	70
4294147	68
4294148	69
4294152	70
4294160	70
4294162	72
4294163	70
4294164	71
4294168	68
4294170	68
4294171	70
4294172	67
4294176	69
4294178	71
4294179	69
4294180	70
4294272	70
4294273	70
4294274	70
4294275	70
4294276	69
4294336	70
4294337	72
4294338	72
4294339	72
4294340	71
4294352	72
4294360	70
4294362	72
4294363	72
4294364	71
4294368	71
4294370	73
4294371	71
4294372	72
4294400	69
4294401	69
4294402	69
4294403	69
4294404	68
4294416	69
4294424	69
4294426	69
4294427	69
4294428	68
4294432	70
4294434	70
4294435	70
4294436	69
4294656	69
4294657	71
4294658	71
4294659	71
4294660	70
4294664	71
4294672	71
4294674	73
4294675	71
4294676	72
4294680	71
4294682	71
4294683	71
4294684	70
4294688	70
4294690	72
4294691	70
4294692	71
4294784	71
4294785	73
4294786	73
4294787	73
4294788	72
4294848	69
4294849	71
4294850	71
4294851	69
4294852	70
4294864	71
4294872	71
4294874	73
4294875	71
4294876	72
4294880	70
4294882	72
4294883	70
4294884	71
4294912	70
4294913	72
4294914	72
4294915	72
4294916	71
4294928	72
4294936	70
4294938	72
4294939	72
4294940	71
4294944	71
4294946	73
4294947	71
4294948	72
4300800	68
4300801	70
4300802	70
4300803	70
4300804	69
4300808	70
4300816	70
4300818	72
4300819	70
4300820	71
4300824	70
4300826	70
4300827	70
4300828	69
4300832	69
4300834	71
4300835	71
4300836	70
4300864	70
4300865	72
4300866	72
4300867	72
4300868	71
4300928	70
4300929	72
4300930	72
4300931	72
4300932	71
4300944	72
4300952	72
4300954	72
4300955	72
4300956	71
4300960	71
4300962	73
4300963	71
4300964	72
4300992	70
4300993	72
4300994	72
4300995	70
4300996	71
4301008	72
4301016	70
4301018	72
4301019	72
4301020	71
4301024	71
4301026	71
4301027	71
4301028	72
4301056	69
4301057	71
4301058	71
4301059	71
4301060	70
4301072	71
4301080	71
4301082	71
4301083	71
4301084	70
4301088	70
4301090	72
4301091	72
4301092	71
4304896	68
4304897	70
4304898	70
4304899	70
4304900	69
4304904	70
4304912	70
4304914	72
4304915	70
4304916	71
4304920	70
4304922	70
4304923	70
4304924	69
4304928	69
4304930	71
4304931	71
4304932	70
4304960	70
4304961	72
4304962	72
4304963	72
4304964	71
4305024	70
4305025	72
4305026	72
4305027	72
4305028	71
4305040	72
4305048	72
4305050	72
4305051	72
4305052	71
4305056	71
4305058	73
4305059	71
4305060	72
4305088	70
4305089	72
4305090	72
4305091	70
4305092	71
4305104	72
4305112	70
4305114	72
4305115	72
4305116	71
4305120	71
4305122	71
4305123	71
4305124	72
4305152	69
4305153	71
4305154	71
4305155	71
4305156	70
4305168	71
4305176	71
4305178	71
4305179	71
4305180	70
4305184	70
4305186	72
4305187	72
4305188	71
4305920	70
4305921	72
4305922	72
4305923	72
4305924	71
4305928	72
4305936	72
4305938	74
4305939	72
4305940	73
4305944	72
4305946	72
4305947	72
4305948	71
4305952	71
4305954	73
4305955	71
4305956	72
4306432	70
4306433	72
4306434	72
4306435	70
4306436	71
4306440	72
4306448	72
4306450	74
4306451	72
4306452	73
4306456	70
4306458	70
4306459	72
4306460	69
4306464	71
4306466	73
4306467	71
4306468	72
4306560	70
4306561	72
4306562	72
4306563	72
4306564	71
4306624	70
4306625	72
4306626	72
4306627	72
4306628	71
4306640	72
4306648	72
4306650	72
4306651	72
4306652	71
4306656	71
4306658	73
4306659	71
4306660	72
4306688	71
4306689	71
4306690	71
4306691	71
4306692	70
4306704	71
4306712	71
4306714	71
4306715	71
4306716	70
4306720	72
4306722	72
4306723	72
4306724	71
4306944	69
4306945	71
4306946	71
4306947	71
4306948	70
4306952	71
4306960	71
4306962	73
4306963	71
4306964	72
4306968	71
4306970	71
4306971	71
4306972	70
4306976	70
4306978	72
4306979	70
4306980	71
4307072	71
4307073	73
4307074	73
4307075	73
4307076	72
4307136	69
4307137	71
4307138	71
4307139	69
4307140	70
4307152	71
4307160	71
4307162	73
4307163	71
4307164	72
4307168	70
4307170	72
4307171	70
4307172	71
4307200	70
4307201	72
4307202	72
4307203	72
4307204	71
4307216	72
4307224	72
4307226	72
4307227	72
4307228	71
4307232	71
4307234	73
4307235	71
4307236	72
4308992	69
4308993	71
4308994	71
4308995	69
4308996	70
4309000	71
4309008	71
4309010	73
4309011	71
4309012	72
4309016	69
4309018	69
4309019	71
4309020	68
4309024	70
4309026	72
4309027	70
4309028	71
4309056	71
4309057	71
4309058	71
4309059	71
4309060	70
4309120	71
4309121	71
4309122	71
4309123	71
4309124	70
4309136	71
4309144	71
4309146	71
4309147	71
4309148	70
4309152	70
4309154	72
4309155	70
4309156	71
4309184	69
4309185	71
4309186	71
4309187	69
4309188	70
4309200	71
4309208	71
4309210	71
4309211	71
4309212	70
4309216	70
4309218	72
4309219	70
4309220	71
4309248	70
4309249	70
4309250	70
4309251	70
4309252	69
4309264	70
4309272	70
4309274	70
4309275	70
4309276	69
4309280	71
4309282	71
4309283	71
4309284	70
4310016	69
4310017	71
4310018	71
4310019	71
4310020	70
4310024	71
4310032	71
4310034	73
4310035	71
4310036	72
4310040	71
4310042	71
4310043	71
4310044	70
4310048	70
4310050	72
4310051	70
4310052	71
4310528	69
4310529	71
4310530	71
4310531	69
4310532	70
4310536	71
4310544	71
4310546	73
4310547	71
4310548	72
4310552	69
4310554	69
4310555	71
4310556	68
4310560	70
4310562	72
4310563	70
4310564	71
4310656	71
4310657	71
4310658	71
4310659	71
4310660	70
4310720	71
4310721	71
4310722	71
4310723	71
4310724	70
4310736	71
4310744	71
4310746	71
4310747	71
4310748	70
4310752	72
4310754	72
4310755	72
4310756	71
4310784	70
4310785	70
4310786	70
4310787	70
4310788	69
4310800	70
4310808	70
4310810	70
4310811	70
4310812	69
4310816	71
4310818	71
4310819	71
4310820	70
4311040	70
4311041	72
4311042	72
4311043	70
4311044	71
4311048	72
4311056	72
4311058	74
4311059	72
4311060	73
4311064	70
4311066	70
4311067	72
4311068	69
4311072	71
4311074	73
4311075	71
4311076	72
4311168	70
4311169	72
4311170	72
4311171	72
4311172	71
4311232	70
4311233	72
4311234	72
4311235	70
4311236	71
4311248	72
4311256	72
4311258	72
4311259	72
4311260	71
4311264	71
4311266	73
4311267	71
4311268	72
4311296	71
4311297	71
4311298	71
4311299	71
4311300	70
4311312	71
4311320	71
4311322	71
4311323	71
4311324	70
4311328	72
4311330	72
4311331	72
4311332	71
4325376	67
4325377	69
4325378	69
4325379	69
4325380	68
4325384	69
4325392	69
4325394	71
4325395	69
4325396	70
4325400	69
4325402	69
4325403	69
4325404	68
4325408	68
4325410	70
4325411	70
4325412	69
4325440	69
4325441	71
4325442	71
4325443	71
4325444	70
4325504	69
4325505	71
4325506	71
4325507	71
4325508	70
4325520	71
4325528	71
4325530	71
4325531	71
4325532	70
4325536	70
4325538	72
4325539	70
4325540	71
4325568	69
4325569	71
4325570	71
4325571	69
4325572	70
4325584	71
4325592	69
4325594	71
4325595	71
4325596	70
4325600	70
4325602	70
4325603	70
4325604	71
4325632	68
4325633	70
4325634	70
4325635	70
4325636	69
4325648	70
4325656	70
4325658	70
4325659	70
4325660	69
4325664	69
4325666	71
4325667	71
4325668	70
4325888	69
4325889	71
4325890	71
4325891	71
4325892	70
4325896	71
4325904	71
4325906	73
4325907	71
4325908	72
4325912	71
4325914	71
4325915	71
4325916	70
4325920	70
4325922	72
4325923	70
4325924	71
4326400	69
4326401	71
4326402	71
4326403	71
4326404	70
4326408	71
4326416	71
4326418	73
4326419	71
4326420	72
4326424	71
4326426	71
4326427	71
4326428	70
4326432	70
4326434	72
4326435	70
4326436	71
4326528	71
4326529	73
4326530	73
4326531	73
4326532	72
4326592	69
4326593	71
4326594	71
4326595	69
4326596	70
4326608	71
4326616	71
4326618	73
4326619	71
4326620	72
4326624	70
4326626	72
4326627	70
4326628	71
4326656	70
4326657	72
4326658	72
4326659	72
4326660	71
4326672	72
4326680	70
4326682	72
4326683	72
4326684	71
4326688	71
4326690	73
4326691	71
4326692	72
4326912	69
4326913	71
4326914	71
4326915	69
4326916	70
4326920	71
4326928	71
4326930	73
4326931	71
4326932	72
4326936	69
4326938	69
4326939	71
4326940	68
4326944	70
4326946	72
4326947	70
4326948	71
4327040	69
4327041	71
4327042	71
4327043	71
4327044	70
4327104	69
4327105	71
4327106	71
4327107	71
4327108	70
4327120	71
4327128	71
4327130	71
4327131	71
4327132	70
4327136	70
4327138	72
4327139	70
4327140	71
4327168	70
4327169	70
4327170	70
4327171	70
4327172	69
4327184	70
4327192	70
4327194	70
4327195	70
4327196	69
4327200	71
4327202	71
4327203	71
4327204	70
4327424	68
4327425	70
4327426	70
4327427	70
4327428	69
4327432	70
4327440	70
4327442	72
4327443	70
4327444	71
4327448	70
4327450	70
4327451	70
4327452	69
4327456	69
4327458	71
4327459	69
4327460	70
4327552	70
4327553	72
4327554	72
4327555	72
4327556	71
4327616	68
4327617	70
4327618	70
4327619	68
4327620	69
4327632	70
4327640	70
4327642	72
4327643	70
4327644	71
4327648	69
4327650	71
4327651	69
4327652	70
4327680	69
4327681	71
4327682	71
4327683	71
4327684	70
4327696	71
4327704	71
4327706	71
4327707	71
4327708	70
4327712	70
4327714	72
4327715	70
4327716	71
4333568	69
4333569	71
4333570	71
4333571	71
4333572	70
4333576	71
4333584	71
4333586	73
4333587	71
4333588	72
4333592	71
4333594	71
4333595	71
4333596	70
4333600	70
4333602	72
4333603	72
4333604	71
4333632	71
4333633	73
4333634	73
4333635	73
4333636	72
4333696	71
4333697	73
4333698	73
4333699	73
4333700	72
4333712	73
4333720	73
4333722	73
4333723	73
4333724	72
4333728	72
4333730	74
4333731	72
4333732	73
4333760	71
4333761	73
4333762	73
4333763	71
4333764	72
4333776	73
4333784	71
4333786	73
4333787	73
4333788	72
4333792	72
4333794	72
4333795	72
4333796	73
4333824	70
4333825	72
4333826	72
4333827	72
4333828	71
4333840	72
4333848	72
4333850	72
4333851	72
4333852	71
4333856	71
4333858	73
4333859	73
4333860	72
4337664	67
4337665	69
4337666	69
4337667	69
4337668	68
4337672	69
4337680	69
4337682	71
4337683	69
4337684	70
4337688	69
4337690	71
4337691	69
4337692	70
4337696	68
4337698	70
4337699	68
4337700	69
4337728	69
4337729	71
4337730	71
4337731	71
4337732	70
4337792	69
4337793	71
4337794	71
4337795	69
4337796	70
4337808	71
4337816	71
4337818	71
4337819	71
4337820	70
4337824	70
4337826	72
4337827	70
4337828	71
4337856	67
4337857	69
4337858	69
4337859	67
4337860	68
4337872	69
4337880	69
4337882	71
4337883	69
4337884	70
4337888	68
4337890	70
4337891	68
4337892	69
4337920	68
4337921	70
4337922	70
4337923	70
4337924	69
4337936	70
4337944	70
4337946	72
4337947	70
4337948	71
4337952	69
4337954	71
4337955	69
4337956	70
4338688	69
4338689	71
4338690	71
4338691	71
4338692	70
4338696	71
4338704	71
4338706	73
4338707	71
4338708	72
4338712	71
4338714	71
4338715	71
4338716	70
4338720	70
4338722	72
4338723	70
4338724	71
4339200	69
4339201	71
4339202	71
4339203	71
4339204	70
4339208	71
4339216	71
4339218	73
4339219	71
4339220	72
4339224	71
4339226	71
4339227	71
4339228	70
4339232	70
4339234	72
4339235	70
4339236	71
4339328	71
4339329	73
4339330	73
4339331	73
4339332	72
4339392	69
4339393	71
4339394	71
4339395	71
4339396	70
4339408	71
4339416	71
4339418	73
4339419	71
4339420	72
4339424	70
4339426	72
4339427	70
4339428	71
4339456	70
4339457	72
4339458	72
4339459	72
4339460	71
4339472	72
4339480	72
4339482	72
4339483	72
4339484	71
4339488	71
4339490	73
4339491	71
4339492	72
4339712	68
4339713	70
4339714	70
4339715	70
4339716	69
4339720	70
4339728	70
4339730	72
4339731	70
4339732	71
4339736	70
4339738	72
4339739	70
4339740	71
4339744	69
4339746	71
4339747	69
4339748	70
4339840	70
4339841	72
4339842	72
4339843	72
4339844	71
4339904	68
4339905	70
4339906	70
4339907	68
4339908	69
4339920	70
4339928	70
4339930	72
4339931	70
4339932	71
4339936	69
4339938	71
4339939	69
4339940	70
4339968	69
4339969	71
4339970	71
4339971	71
4339972	70
4339984	71
4339992	71
4339994	73
4339995	71
4339996	72
4340000	70
4340002	72
4340003	70
4340004	71
4341760	68
4341761	70
4341762	70
4341763	70
4341764	69
4341768	70
4341776	70
4341778	72
4341779	70
4341780	71
4341784	70
4341786	70
4341787	70
4341788	69
4341792	69
4341794	71
4341795	71
4341796	70
4341824	70
4341825	72
4341826	72
4341827	72
4341828	71
4341888	70
4341889	72
4341890	72
4341891	72
4341892	71
4341904	72
4341912	72
4341914	72
4341915	72
4341916	71
4341920	71
4341922	73
4341923	71
4341924	72
4341952	70
4341953	72
4341954	72
4341955	70
4341956	71
4341968	72
4341976	70
4341978	72
4341979	72
4341980	71
4341984	71
4341986	71
4341987	71
4341988	72
4342016	69
4342017	71
4342018	71
4342019	71
4342020	70
4342032	71
4342040	71
4342042	71
4342043	71
4342044	70
4342048	70
4342050	72
4342051	72
4342052	71
4342784	70
4342785	72
4342786	72
4342787	72
4342788	71
4342792	72
4342800	72
4342802	74
4342803	72
4342804	73
4342808	72
4342810	72
4342811	72
4342812	71
4342816	71
4342818	73
4342819	71
4342820	72
4343296	70
4343297	72
4343298	72
4343299	70
4343300	71
4343304	72
4343312	72
4343314	74
4343315	72
4343316	73
4343320	70
4343322	70
4343323	72
4343324	69
4343328	71
4343330	73
4343331	71
4343332	72
4343424	70
4343425	72
4343426	72
4343427	72
4343428	71
4343488	70
4343489	72
4343490	72
4343491	72
4343492	71
4343504	72
4343512	72
4343514	72
4343515	72
4343516	71
4343520	71
4343522	73
4343523	71
4343524	72
4343552	71
4343553	71
4343554	71
4343555	71
4343556	70
4343568	71
4343576	71
4343578	71
4343579	71
4343580	70
4343584	72
4343586	72
4343587	72
4343588	71
4343808	69
4343809	71
4343810	71
4343811	71
4343812	70
4343816	71
4343824	71
4343826	73
4343827	71
4343828	72
4343832	71
4343834	71
4343835	71
4343836	70
4343840	70
4343842	72
4343843	70
4343844	71
4343936	71
4343937	73
4343938	73
4343939	73
4343940	72
4344000	69
4344001	71
4344002	71
4344003	69
4344004	70
4344016	71
4344024	71
4344026	73
4344027	71
4344028	72
4344032	70
4344034	72
4344035	70
4344036	71
4344064	70
4344065	72
4344066	72
4344067	72
4344068	71
4344080	72
4344088	72
4344090	72
4344091	72
4344092	71
4344096	71
4344098	73
4344099	71
4344100	72
4718592	68
4718593	70
4718594	70
4718595	70
4718596	69
4718600	70
4718608	70
4718610	72
4718611	70
4718612	71
4718616	70
4718618	70
4718619	70
4718620	69
4718624	69
4718626	71
4718627	71
4718628	70
4718656	70
4718657	72
4718658	72
4718659	72
4718660	71
4718720	70
4718721	72
4718722	72
4718723	72
4718724	71
4718736	72
4718744	70
4718746	72
4718747	72
4718748	71
4718752	71
4718754	73
4718755	71
4718756	72
4718784	70
4718785	72
4718786	72
4718787	70
4718788	71
4718800	72
4718808	70
4718810	72
4718811	72
4718812	71
4718816	71
4718818	71
4718819	71
4718820	72
4718848	69
4718849	71
4718850	71
4718851	71
4718852	70
4718864	71
4718872	69
4718874	71
4718875	71
4718876	70
4718880	70
4718882	72
4718883	72
4718884	71
4719104	70
4719105	72
4719106	72
4719107	72
4719108	71
4719112	72
4719120	72
4719122	74
4719123	72
4719124	73
4719128	72
4719130	72
4719131	72
4719132	71
4719136	71
4719138	73
4719139	73
4719140	72
4719616	70
4719617	72
4719618	72
4719619	72
4719620	71
4719624	72
4719632	72
4719634	74
4719635	72
4719636	73
4719640	70
4719642	72
4719643	72
4719644	71
4719648	71
4719650	73
4719651	73
4719652	72
4719744	72
4719745	74
4719746	74
4719747	74
4719748	73
4719808	70
4719809	72
4719810	72
4719811	72
4719812	71
4719824	72
4719832	72
4719834	74
4719835	72
4719836	73
4719840	71
4719842	73
4719843	73
4719844	72
4719872	71
4719873	73
4719874	73
4719875	73
4719876	72
4719888	73
4719896	71
4719898	73
4719899	73
4719900	72
4719904	72
4719906	74
4719907	72
4719908	73
4720128	68
4720129	70
4720130	70
4720131	70
4720132	69
4720136	70
4720144	70
4720146	72
4720147	70
4720148	71
4720152	68
4720154	70
4720155	70
4720156	69
4720160	69
4720162	71
4720163	71
4720164	70
4720256	70
4720257	72
4720258	72
4720259	72
4720260	71
4720320	70
4720321	72
4720322	72
4720323	72
4720324	71
4720336	72
4720344	70
4720346	72
4720347	72
4720348	71
4720352	71
4720354	73
4720355	73
4720356	72
4720384	69
4720385	71
4720386	71
4720387	71
4720388	70
4720400	71
4720408	69
4720410	71
4720411	71
4720412	70
4720416	70
4720418	72
4720419	72
4720420	71
4720640	69
4720641	71
4720642	71
4720643	71
4720644	70
4720648	71
4720656	71
4720658	73
4720659	71
4720660	72
4720664	71
4720666	71
4720667	71
4720668	70
4720672	70
4720674	72
4720675	72
4720676	71
4720768	71
4720769	73
4720770	73
4720771	73
4720772	72
4720832	71
4720833	73
4720834	73
4720835	71
4720836	72
4720848	73
4720856	71
4720858	73
4720859	73
4720860	72
4720864	72
4720866	72
4720867	72
4720868	73
4720896	70
4720897	72
4720898	72
4720899	72
4720900	71
4720912	72
4720920	70
4720922	72
4720923	72
4720924	71
4720928	71
4720930	73
4720931	73
4720932	72
4722688	70
4722689	72
4722690	72
4722691	72
4722692	71
4722696	72
4722704	72
4722706	74
4722707	72
4722708	73
4722712	72
4722714	72
4722715	72
4722716	71
4722720	71
4722722	73
4722723	73
4722724	72
4722752	72
4722753	74
4722754	74
4722755	74
4722756	73
4722816	72
4722817	74
4722818	74
4722819	74
4722820	73
4722832	74
4722840	72
4722842	74
4722843	74
4722844	73
4722848	73
4722850	75
4722851	73
4722852	74
4722880	72
4722881	74
4722882	74
4722883	72
4722884	73
4722896	74
4722904	72
4722906	74
4722907	74
4722908	73
4722912	73
4722914	73
4722915	73
4722916	74
4722944	71
4722945	73
4722946	73
4722947	73
4722948	72
4722960	73
4722968	71
4722970	73
4722971	73
4722972	72
4722976	72
4722978	74
4722979	74
4722980	73
4726784	70
4726785	72
4726786	72
4726787	72
4726788	71
4726792	72
4726800	72
4726802	74
4726803	72
4726804	73
4726808	72
4726810	72
4726811	72
4726812	71
4726816	71
4726818	73
4726819	73
4726820	72
4726848	72
4726849	74
4726850	74
4726851	74
4726852	73
4726912	72
4726913	74
4726914	74
4726915	74
4726916	73
4726928	74
4726936	72
4726938	74
4726939	74
4726940	73
4726944	73
4726946	75
4726947	73
4726948	74
4726976	72
4726977	74
4726978	74
4726979	72
4726980	73
4726992	74
4727000	72
4727002	74
4727003	74
4727004	73
4727008	73
4727010	73
4727011	73
4727012	74
4727040	71
4727041	73
4727042	73
4727043	73
4727044	72
4727056	73
4727064	71
4727066	73
4727067	73
4727068	72
4727072	72
4727074	74
4727075	74
4727076	73
4727808	72
4727809	74
4727810	74
4727811	72
4727812	73
4727816	74
4727824	74
4727826	76
4727827	74
4727828	75
4727832	74
4727834	74
4727835	74
4727836	73
4727840	73
4727842	75
4727843	73
4727844	74
4728320	70
4728321	72
4728322	72
4728323	72
4728324	71
4728328	72
4728336	72
4728338	74
4728339	72
4728340	73
4728344	70
4728346	72
4728347	72
4728348	71
4728352	71
4728354	73
4728355	73
4728356	72
4728448	72
4728449	74
4728450	74
4728451	74
4728452	73
4728512	72
4728513	74
4728514	74
4728515	74
4728516	73
4728528	74
4728536	72
4728538	74
4728539	74
4728540	73
4728544	73
4728546	75
4728547	73
4728548	74
4728576	71
4728577	73
4728578	73
4728579	73
4728580	72
4728592	73
4728600	71
4728602	73
4728603	73
4728604	72
4728608	72
4728610	74
4728611	74
4728612	73
4728832	71
4728833	73
4728834	73
4728835	73
4728836	72
4728840	73
4728848	73
4728850	75
4728851	73
4728852	74
4728856	73
4728858	73
4728859	73
4728860	72
4728864	72
4728866	74
4728867	72
4728868	73
4728960	73
4728961	75
4728962	75
4728963	75
4728964	74
4729024	71
4729025	73
4729026	73
4729027	71
4729028	72
4729040	73
4729048	73
4729050	75
4729051	73
4729052	74
4729056	72
4729058	74
4729059	72
4729060	73
4729088	72
4729089	74
4729090	74
4729091	74
4729092	73
4729104	74
4729112	72
4729114	74
4729115	74
4729116	73
4729120	73
4729122	75
4729123	73
4729124	74
4730880	70
4730881	72
4730882	72
4730883	72
4730884	71
4730888	72
4730896	72
4730898	72
4730899	72
4730900	73
4730904	72
4730906	72
4730907	72
4730908	71
4730912	71
4730914	73
4730915	71
4730916	72
4730944	72
4730945	74
4730946	74
4730947	74
4730948	73
4731008	72
4731009	74
4731010	74
4731011	72
4731012	73
4731024	74
4731032	72
4731034	74
4731035	74
4731036	73
4731040	73
4731042	75
4731043	73
4731044	74
4731072	70
4731073	72
4731074	72
4731075	70
4731076	71
4731088	72
4731096	72
4731098	74
4731099	72
4731100	73
4731104	71
4731106	71
4731107	71
4731108	72
4731136	71
4731137	73
4731138	73
4731139	73
4731140	72
4731152	73
4731160	71
4731162	73
4731163	73
4731164	72
4731168	72
4731170	74
4731171	72
4731172	73
4731904	72
4731905	74
4731906	74
4731907	72
4731908	73
4731912	74
4731920	74
4731922	74
4731923	74
4731924	75
4731928	74
4731930	74
4731931	74
4731932	73
4731936	73
4731938	73
4731939	73
4731940	74
4732416	70
4732417	72
4732418	72
4732419	72
4732420	71
4732424	72
4732432	72
4732434	74
4732435	72
4732436	73
4732440	72
4732442	72
4732443	72
4732444	71
4732448	71
4732450	73
4732451	73
4732452	72
4732544	72
4732545	74
4732546	74
4732547	74
4732548	73
4732608	72
4732609	74
4732610	74
4732611	72
4732612	73
4732624	74
4732632	72
4732634	74
4732635	74
4732636	73
4732640	73
4732642	73
4732643	73
4732644	74
4732672	71
4732673	73
4732674	73
4732675	73
4732676	72
4732688	73
4732696	71
4732698	73
4732699	73
4732700	72
4732704	72
4732706	74
4732707	74
4732708	73
4732928	71
4732929	73
4732930	73
4732931	71
4732932	72
4732936	73
4732944	73
4732946	73
4732947	73
4732948	74
4732952	73
4732954	73
4732955	73
4732956	72
4732960	72
4732962	72
4732963	72
4732964	73
4733056	71
4733057	73
4733058	73
4733059	73
4733060	72
4733120	71
4733121	73
4733122	73
4733123	71
4733124	72
4733136	73
4733144	73
4733146	73
4733147	73
4733148	74
4733152	72
4733154	72
4733155	72
4733156	73
4733184	72
4733185	74
4733186	74
4733187	72
4733188	73
4733200	74
4733208	72
4733210	74
4733211	74
4733212	73
4733216	73
4733218	73
4733219	73
4733220	74
4734976	69
4734977	71
4734978	71
4734979	71
4734980	70
4734984	71
4734992	71
4734994	73
4734995	71
4734996	72
4735000	71
4735002	71
4735003	71
4735004	70
4735008	70
4735010	72
4735011	72
4735012	71
4735040	71
4735041	73
4735042	73
4735043	73
4735044	72
4735104	71
4735105	73
4735106	73
4735107	73
4735108	72
4735120	73
4735128	71
4735130	73
4735131	73
4735132	72
4735136	72
4735138	74
4735139	72
4735140	73
4735168	71
4735169	73
4735170	73
4735171	71
4735172	72
4735184	73
4735192	71
4735194	73
4735195	73
4735196	72
4735200	72
4735202	72
4735203	72
4735204	73
4735232	70
4735233	72
4735234	72
4735235	72
4735236	71
4735248	72
4735256	70
4735258	72
4735259	72
4735260	71
4735264	71
4735266	73
4735267	73
4735268	72
4736000	71
4736001	73
4736002	73
4736003	71
4736004	72
4736008	73
4736016	73
4736018	75
4736019	73
4736020	74
4736024	73
4736026	73
4736027	73
4736028	72
4736032	72
4736034	74
4736035	72
4736036	73
4736512	69
4736513	71
4736514	71
4736515	71
4736516	70
4736520	71
4736528	71
4736530	73
4736531	71
4736532	72
4736536	69
4736538	71
4736539	71
4736540	70
4736544	70
4736546	72
4736547	72
4736548	71
4736640	71
4736641	73
4736642	73
4736643	73
4736644	72
4736704	71
4736705	73
4736706	73
4736707	73
4736708	72
4736720	73
4736728	71
4736730	73
4736731	73
4736732	72
4736736	72
4736738	74
4736739	74
4736740	73
4736768	70
4736769	72
4736770	72
4736771	72
4736772	71
4736784	72
4736792	70
4736794	72
4736795	72
4736796	71
4736800	71
4736802	73
4736803	73
4736804	72
4737024	70
4737025	72
4737026	72
4737027	72
4737028	71
4737032	72
4737040	72
4737042	74
4737043	72
4737044	73
4737048	72
4737050	72
4737051	72
4737052	71
4737056	71
4737058	73
4737059	73
4737060	72
4737152	72
4737153	74
4737154	74
4737155	74
4737156	73
4737216	72
4737217	74
4737218	74
4737219	72
4737220	73
4737232	74
4737240	72
4737242	74
4737243	74
4737244	73
4737248	73
4737250	73
4737251	73
4737252	74
4737280	71
4737281	73
4737282	73
4737283	73
4737284	72
4737296	73
4737304	71
4737306	73
4737307	73
4737308	72
4737312	72
4737314	74
4737315	74
4737316	73
4980736	66
4980737	68
4980738	68
4980739	68
4980740	67
4980744	68
4980752	68
4980754	70
4980755	68
4980756	69
4980760	68
4980762	70
4980763	68
4980764	69
4980768	67
4980770	69
4980771	69
4980772	68
4980800	68
4980801	70
4980802	70
4980803	70
4980804	69
4980864	68
4980865	70
4980866	70
4980867	70
4980868	69
4980880	70
4980888	70
4980890	70
4980891	70
4980892	69
4980896	69
4980898	71
4980899	69
4980900	70
4980928	68
4980929	70
4980930	70
4980931	68
4980932	69
4980944	70
4980952	68
4980954	70
4980955	70
4980956	69
4980960	69
4980962	69
4980963	69
4980964	70
4980992	67
4980993	69
4980994	69
4980995	69
4980996	68
4981008	69
4981016	69
4981018	71
4981019	69
4981020	70
4981024	68
4981026	70
4981027	70
4981028	69
4981248	68
4981249	70
4981250	70
4981251	70
4981252	69
4981256	70
4981264	70
4981266	72
4981267	70
4981268	71
4981272	70
4981274	72
4981275	70
4981276	71
4981280	69
4981282	71
4981283	69
4981284	70
4981760	68
4981761	70
4981762	70
4981763	70
4981764	69
4981768	70
4981776	70
4981778	72
4981779	70
4981780	71
4981784	70
4981786	72
4981787	70
4981788	71
4981792	69
4981794	71
4981795	69
4981796	70
4981888	70
4981889	72
4981890	72
4981891	72
4981892	71
4981952	68
4981953	70
4981954	70
4981955	68
4981956	69
4981968	70
4981976	70
4981978	72
4981979	70
4981980	71
4981984	69
4981986	71
4981987	69
4981988	70
4982016	69
4982017	71
4982018	71
4982019	71
4982020	70
4982032	71
4982040	69
4982042	71
4982043	71
4982044	70
4982048	70
4982050	72
4982051	70
4982052	71
4982272	68
4982273	70
4982274	70
4982275	70
4982276	69
4982280	70
4982288	70
4982290	72
4982291	70
4982292	71
4982296	68
4982298	70
4982299	70
4982300	69
4982304	69
4982306	71
4982307	69
4982308	70
4982400	70
4982401	72
4982402	72
4982403	72
4982404	71
4982464	68
4982465	70
4982466	70
4982467	70
4982468	69
4982480	70
4982488	70
4982490	72
4982491	70
4982492	71
4982496	69
4982498	71
4982499	69
4982500	70
4982528	69
4982529	71
4982530	71
4982531	71
4982532	70
4982544	71
4982552	69
4982554	71
4982555	71
4982556	70
4982560	70
4982562	72
4982563	70
4982564	71
4982784	67
4982785	69
4982786	69
4982787	69
4982788	68
4982792	69
4982800	69
4982802	71
4982803	69
4982804	70
4982808	69
4982810	71
4982811	69
4982812	70
4982816	68
4982818	70
4982819	68
4982820	69
4982912	69
4982913	71
4982914	71
4982915	71
4982916	70
4982976	67
4982977	69
4982978	69
4982979	67
4982980	68
4982992	69
4983000	69
4983002	71
4983003	69
4983004	70
4983008	68
4983010	70
4983011	68
4983012	69
4983040	68
4983041	70
4983042	70
4983043	70
4983044	69
4983056	70
4983064	70
4983066	72
4983067	70
4983068	71
4983072	69
4983074	71
4983075	69
4983076	70
4984832	68
4984833	70
4984834	70
4984835	70
4984836	69
4984840	70
4984848	70
4984850	72
4984851	70
4984852	71
4984856	70
4984858	72
4984859	70
4984860	71
4984864	69
4984866	71
4984867	71
4984868	70
4984896	70
4984897	72
4984898	72
4984899	72
4984900	71
4984960	70
4984961	72
4984962	72
4984963	72
4984964	71
4984976	72
4984984	72
4984986	72
4984987	72
4984988	71
4984992	71
4984994	73
4984995	71
4984996	72
4985024	70
4985025	72
4985026	72
4985027	70
4985028	71
4985040	72
4985048	70
4985050	72
4985051	72
4985052	71
4985056	71
4985058	71
4985059	71
4985060	72
4985088	69
4985089	71
4985090	71
4985091	71
4985092	70
4985104	71
4985112	71
4985114	73
4985115	71
4985116	72
4985120	70
4985122	72
4985123	72
4985124	71
4988928	68
4988929	70
4988930	70
4988931	70
4988932	69
4988936	70
4988944	70
4988946	72
4988947	70
4988948	71
4988952	70
4988954	72
4988955	70
4988956	71
4988960	69
4988962	71
4988963	69
4988964	70
4988992	70
4988993	72
4988994	72
4988995	72
4988996	71
4989056	70
4989057	72
4989058	72
4989059	70
4989060	71
4989072	72
4989080	72
4989082	72
4989083	72
4989084	71
4989088	71
4989090	73
4989091	71
4989092	72
4989120	68
4989121	70
4989122	70
4989123	68
4989124	69
4989136	70
4989144	70
4989146	72
4989147	70
4989148	71
4989152	69
4989154	71
4989155	69
4989156	70
4989184	69
4989185	71
4989186	71
4989187	71
4989188	70
4989200	71
4989208	71
4989210	73
4989211	71
4989212	72
4989216	70
4989218	72
4989219	70
4989220	71
4989952	70
4989953	72
4989954	72
4989955	70
4989956	71
4989960	72
4989968	72
4989970	74
4989971	72
4989972	73
4989976	72
4989978	72
4989979	72
4989980	71
4989984	71
4989986	73
4989987	71
4989988	72
4990464	70
4990465	72
4990466	72
4990467	70
4990468	71
4990472	72
4990480	72
4990482	74
4990483	72
4990484	73
4990488	70
4990490	72
4990491	72
4990492	71
4990496	71
4990498	73
4990499	71
4990500	72
4990592	70
4990593	72
4990594	72
4990595	72
4990596	71
4990656	70
4990657	72
4990658	72
4990659	72
4990660	71
4990672	72
4990680	72
4990682	72
4990683	72
4990684	71
4990688	71
4990690	73
4990691	71
4990692	72
4990720	71
4990721	71
4990722	71
4990723	71
4990724	70
4990736	71
4990744	71
4990746	73
4990747	71
4990748	72
4990752	72
4990754	72
4990755	72
4990756	71
4990976	69
4990977	71
4990978	71
4990979	71
4990980	70
4990984	71
4990992	71
4990994	73
4990995	71
4990996	72
4991000	71
4991002	71
4991003	71
4991004	70
4991008	70
4991010	72
4991011	70
4991012	71
4991104	71
4991105	73
4991106	73
4991107	73
4991108	72
4991168	69
4991169	71
4991170	71
4991171	69
4991172	70
4991184	71
4991192	71
4991194	73
4991195	71
4991196	72
4991200	70
4991202	72
4991203	70
4991204	71
4991232	70
4991233	72
4991234	72
4991235	72
4991236	71
4991248	72
4991256	72
4991258	72
4991259	72
4991260	71
4991264	71
4991266	73
4991267	71
4991268	72
4993024	66
4993025	68
4993026	68
4993027	68
4993028	67
4993032	68
4993040	68
4993042	70
4993043	68
4993044	69
4993048	68
4993050	70
4993051	68
4993052	69
4993056	67
4993058	69
4993059	67
4993060	68
4993088	68
4993089	70
4993090	70
4993091	70
4993092	69
4993152	68
4993153	70
4993154	70
4993155	68
4993156	69
4993168	70
4993176	70
4993178	70
4993179	70
4993180	69
4993184	69
4993186	71
4993187	69
4993188	70
4993216	66
4993217	68
4993218	68
4993219	66
4993220	67
4993232	68
4993240	68
4993242	70
4993243	68
4993244	69
4993248	67
4993250	69
4993251	67
4993252	68
4993280	67
4993281	69
4993282	69
4993283	69
4993284	68
4993296	69
4993304	69
4993306	71
4993307	69
4993308	70
4993312	68
4993314	70
4993315	68
4993316	69
4994048	68
4994049	70
4994050	70
4994051	70
4994052	69
4994056	70
4994064	70
4994066	72
4994067	70
4994068	71
4994072	70
4994074	72
4994075	70
4994076	71
4994080	69
4994082	71
4994083	69
4994084	70
4994560	68
4994561	70
4994562	70
4994563	70
4994564	69
4994568	70
4994576	70
4994578	72
4994579	70
4994580	71
4994584	70
4994586	72
4994587	70
4994588	71
4994592	69
4994594	71
4994595	69
4994596	70
4994688	70
4994689	72
4994690	72
4994691	72
4994692	71
4994752	68
4994753	70
4994754	70
4994755	70
4994756	69
4994768	70
4994776	70
4994778	72
4994779	70
4994780	71
4994784	69
4994786	71
4994787	69
4994788	70
4994816	69
4994817	71
4994818	71
4994819	71
4994820	70
4994832	71
4994840	71
4994842	73
4994843	71
4994844	72
4994848	70
4994850	72
4994851	70
4994852	71
4995072	67
4995073	69
4995074	69
4995075	69
4995076	68
4995080	69
4995088	69
4995090	71
4995091	69
4995092	70
4995096	69
4995098	71
4995099	69
4995100	70
4995104	68
4995106	70
4995107	68
4995108	69
4995200	69
4995201	71
4995202	71
4995203	71
4995204	70
4995264	67
4995265	69
4995266	69
4995267	67
4995268	68
4995280	69
4995288	69
4995290	71
4995291	69
4995292	70
4995296	68
4995298	70
4995299	68
4995300	69
4995328	68
4995329	70
4995330	70
4995331	70
4995332	69
4995344	70
4995352	70
4995354	72
4995355	70
4995356	71
4995360	69
4995362	71
4995363	69
4995364	70
4997120	67
4997121	69
4997122	69
4997123	69
4997124	68
4997128	69
4997136	69
4997138	71
4997139	69
4997140	70
4997144	69
4997146	71
4997147	69
4997148	70
4997152	68
4997154	70
4997155	70
4997156	69
4997184	69
4997185	71
4997186	71
4997187	71
4997188	70
4997248	69
4997249	71
4997250	71
4997251	71
4997252	70
4997264	71
4997272	71
4997274	71
4997275	71
4997276	70
4997280	70
4997282	72
4997283	70
4997284	71
4997312	69
4997313	71
4997314	71
4997315	69
4997316	70
4997328	71
4997336	69
4997338	71
4997339	71
4997340	70
4997344	70
4997346	70
4997347	70
4997348	71
4997376	68
4997377	70
4997378	70
4997379	70
4997380	69
4997392	70
4997400	70
4997402	72
4997403	70
4997404	71
4997408	69
4997410	71
4997411	71
4997412	70
4998144	69
4998145	71
4998146	71
4998147	71
4998148	70
4998152	71
4998160	71
4998162	73
4998163	71
4998164	72
4998168	71
4998170	71
4998171	71
4998172	70
4998176	70
4998178	72
4998179	70
4998180	71
4998656	69
4998657	71
4998658	71
4998659	71
4998660	70
4998664	71
4998672	71
4998674	73
4998675	71
4998676	72
4998680	69
4998682	71
4998683	71
4998684	70
4998688	70
4998690	72
4998691	70
4998692	71
4998784	71
4998785	73
4998786	73
4998787	73
4998788	72
4998848	69
4998849	71
4998850	71
4998851	71
4998852	70
4998864	71
4998872	71
4998874	73
4998875	71
4998876	72
4998880	70
4998882	72
4998883	70
4998884	71
4998912	70
4998913	72
4998914	72
4998915	72
4998916	71
4998928	72
4998936	70
4998938	72
4998939	72
4998940	71
4998944	71
4998946	73
4998947	71
4998948	72
4999168	68
4999169	70
4999170	70
4999171	70
4999172	69
4999176	70
4999184	70
4999186	72
4999187	70
4999188	71
4999192	70
4999194	72
4999195	70
4999196	71
4999200	69
4999202	71
4999203	69
4999204	70
4999296	70
4999297	72
4999298	72
4999299	72
4999300	71
4999360	68
4999361	70
4999362	70
4999363	68
4999364	69
4999376	70
4999384	70
4999386	72
4999387	70
4999388	71
4999392	69
4999394	71
4999395	69
4999396	70
4999424	69
4999425	71
4999426	71
4999427	71
4999428	70
4999440	71
4999448	71
4999450	73
4999451	71
4999452	72
4999456	70
4999458	72
4999459	70
4999460	71
5046272	68
5046273	70
5046274	70
5046275	70
5046276	69
5046280	70
5046288	70
5046290	72
5046291	70
5046292	71
5046296	70
5046298	70
5046299	70
5046300	69
5046304	69
5046306	71
5046307	71
5046308	70
5046336	70
5046337	72
5046338	72
5046339	72
5046340	71
5046400	70
5046401	72
5046402	72
5046403	72
5046404	71
5046416	72
5046424	72
5046426	72
5046427	72
5046428	71
5046432	71
5046434	73
5046435	71
5046436	72
5046464	70
5046465	72
5046466	72
5046467	70
5046468	71
5046480	72
5046488	70
5046490	72
5046491	72
5046492	71
5046496	71
5046498	71
5046499	71
5046500	72
5046528	69
5046529	71
5046530	71
5046531	71
5046532	70
5046544	71
5046552	71
5046554	71
5046555	71
5046556	70
5046560	70
5046562	72
5046563	72
5046564	71
5046784	70
5046785	72
5046786	72
5046787	72
5046788	71
5046792	72
5046800	72
5046802	74
5046803	72
5046804	73
5046808	72
5046810	72
5046811	72
5046812	71
5046816	71
5046818	73
5046819	71
5046820	72
5047296	70
5047297	72
5047298	72
5047299	72
5047300	71
5047304	72
5047312	72
5047314	74
5047315	72
5047316	73
5047320	72
5047322	72
5047323	72
5047324	71
5047328	71
5047330	73
5047331	71
5047332	72
5047424	72
5047425	74
5047426	74
5047427	74
5047428	73
5047488	70
5047489	72
5047490	72
5047491	70
5047492	71
5047504	72
5047512	72
5047514	74
5047515	72
5047516	73
5047520	71
5047522	73
5047523	71
5047524	72
5047552	71
5047553	73
5047554	73
5047555	73
5047556	72
5047568	73
5047576	71
5047578	73
5047579	73
5047580	72
5047584	72
5047586	74
5047587	72
5047588	73
5047808	70
5047809	72
5047810	72
5047811	70
5047812	71
5047816	72
5047824	72
5047826	74
5047827	72
5047828	73
5047832	70
5047834	70
5047835	72
5047836	69
5047840	71
5047842	73
5047843	71
5047844	72
5047936	70
5047937	72
5047938	72
5047939	72
5047940	71
5048000	70
5048001	72
5048002	72
5048003	72
5048004	71
5048016	72
5048024	72
5048026	72
5048027	72
5048028	71
5048032	71
5048034	73
5048035	71
5048036	72
5048064	71
5048065	71
5048066	71
5048067	71
5048068	70
5048080	71
5048088	71
5048090	71
5048091	71
5048092	70
5048096	72
5048098	72
5048099	72
5048100	71
5048320	69
5048321	71
5048322	71
5048323	71
5048324	70
5048328	71
5048336	71
5048338	73
5048339	71
5048340	72
5048344	71
5048346	71
5048347	71
5048348	70
5048352	70
5048354	72
5048355	70
5048356	71
5048448	71
5048449	73
5048450	73
5048451	73
5048452	72
5048512	69
5048513	71
5048514	71
5048515	69
5048516	70
5048528	71
5048536	71
5048538	73
5048539	71
5048540	72
5048544	70
5048546	72
5048547	70
5048548	71
5048576	70
5048577	72
5048578	72
5048579	72
5048580	71
5048592	72
5048600	72
5048602	72
5048603	72
5048604	71
5048608	71
5048610	73
5048611	71
5048612	72
5079040	68
5079041	70
5079042	70
5079043	70
5079044	69
5079048	70
5079056	70
5079058	72
5079059	70
5079060	71
5079064	70
5079066	70
5079067	70
5079068	69
5079072	69
5079074	71
5079075	71
5079076	70
5079104	70
5079105	72
5079106	72
5079107	72
5079108	71
5079168	70
5079169	72
5079170	72
5079171	72
5079172	71
5079184	72
5079192	72
5079194	72
5079195	72
5079196	71
5079200	71
5079202	73
5079203	71
5079204	72
5079232	70
5079233	72
5079234	72
5079235	70
5079236	71
5079248	72
5079256	70
5079258	72
5079259	72
5079260	71
5079264	71
5079266	71
5079267	71
5079268	72
5079296	69
5079297	71
5079298	71
5079299	71
5079300	70
5079312	71
5079320	71
5079322	71
5079323	71
5079324	70
5079328	70
5079330	72
5079331	72
5079332	71
5079552	70
5079553	72
5079554	72
5079555	72
5079556	71
5079560	72
5079568	72
5079570	74
5079571	72
5079572	73
5079576	72
5079578	72
5079579	72
5079580	71
5079584	71
5079586	73
5079587	71
5079588	72
5080064	70
5080065	72
5080066	72
5080067	72
5080068	71
5080072	72
5080080	72
5080082	74
5080083	72
5080084	73
5080088	72
5080090	72
5080091	72
5080092	71
5080096	71
5080098	73
5080099	71
5080100	72
5080192	72
5080193	74
5080194	74
5080195	74
5080196	73
5080256	70
5080257	72
5080258	72
5080259	70
5080260	71
5080272	72
5080280	72
5080282	74
5080283	72
5080284	73
5080288	71
5080290	73
5080291	71
5080292	72
5080320	71
5080321	73
5080322	73
5080323	73
5080324	72
5080336	73
5080344	71
5080346	73
5080347	73
5080348	72
5080352	72
5080354	74
5080355	72
5080356	73
5080576	70
5080577	72
5080578	72
5080579	70
5080580	71
5080584	72
5080592	72
5080594	74
5080595	72
5080596	73
5080600	70
5080602	70
5080603	72
5080604	69
5080608	71
5080610	73
5080611	71
5080612	72
5080704	70
5080705	72
5080706	72
5080707	72
5080708	71
5080768	70
5080769	72
5080770	72
5080771	72
5080772	71
5080784	72
5080792	72
5080794	72
5080795	72
5080796	71
5080800	71
5080802	73
5080803	71
5080804	72
5080832	71
5080833	71
5080834	71
5080835	71
5080836	70
5080848	71
5080856	71
5080858	71
5080859	71
5080860	70
5080864	72
5080866	72
5080867	72
5080868	71
5081088	69
5081089	71
5081090	71
5081091	71
5081092	70
5081096	71
5081104	71
5081106	73
5081107	71
5081108	72
5081112	71
5081114	71
5081115	71
5081116	70
5081120	70
5081122	72
5081123	70
5081124	71
5081216	71
5081217	73
5081218	73
5081219	73
5081220	72
5081280	69
5081281	71
5081282	71
5081283	69
5081284	70
5081296	71
5081304	71
5081306	73
5081307	71
5081308	72
5081312	70
5081314	72
5081315	70
5081316	71
5081344	70
5081345	72
5081346	72
5081347	72
5081348	71
5081360	72
5081368	72
5081370	72
5081371	72
5081372	71
5081376	71
5081378	73
5081379	71
5081380	72
5087232	70
5087233	72
5087234	72
5087235	72
5087236	71
5087240	72
5087248	72
5087250	74
5087251	72
5087252	73
5087256	72
5087258	72
5087259	72
5087260	71
5087264	71
5087266	73
5087267	73
5087268	72
5087296	72
5087297	74
5087298	74
5087299	74
5087300	73
5087360	72
5087361	74
5087362	74
5087363	74
5087364	73
5087376	74
5087384	72
5087386	74
5087387	74
5087388	73
5087392	73
5087394	75
5087395	73
5087396	74
5087424	72
5087425	74
5087426	74
5087427	72
5087428	73
5087440	74
5087448	72
5087450	74
5087451	74
5087452	73
5087456	73
5087458	73
5087459	73
5087460	74
5087488	71
5087489	73
5087490	73
5087491	73
5087492	72
5087504	73
5087512	71
5087514	73
5087515	73
5087516	72
5087520	72
5087522	74
5087523	74
5087524	73
5091328	68
5091329	70
5091330	70
5091331	70
5091332	69
5091336	70
5091344	70
5091346	72
5091347	70
5091348	71
5091352	70
5091354	72
5091355	70
5091356	71
5091360	69
5091362	71
5091363	71
5091364	70
5091392	70
5091393	72
5091394	72
5091395	72
5091396	71
5091456	70
5091457	72
5091458	72
5091459	72
5091460	71
5091472	72
5091480	72
5091482	72
5091483	72
5091484	71
5091488	71
5091490	73
5091491	71
5091492	72
5091520	70
5091521	72
5091522	72
5091523	70
5091524	71
5091536	72
5091544	70
5091546	72
5091547	72
5091548	71
5091552	71
5091554	71
5091555	71
5091556	72
5091584	69
5091585	71
5091586	71
5091587	71
5091588	70
5091600	71
5091608	71
5091610	73
5091611	71
5091612	72
5091616	70
5091618	72
5091619	72
5091620	71
5092352	70
5092353	72
5092354	72
5092355	72
5092356	71
5092360	72
5092368	72
5092370	74
5092371	72
5092372	73
5092376	72
5092378	72
5092379	72
5092380	71
5092384	71
5092386	73
5092387	71
5092388	72
5092864	70
5092865	72
5092866	72
5092867	72
5092868	71
5092872	72
5092880	72
5092882	74
5092883	72
5092884	73
5092888	72
5092890	72
5092891	72
5092892	71
5092896	71
5092898	73
5092899	71
5092900	72
5092992	72
5092993	74
5092994	74
5092995	74
5092996	73
5093056	70
5093057	72
5093058	72
5093059	72
5093060	71
5093072	72
5093080	72
5093082	74
5093083	72
5093084	73
5093088	71
5093090	73
5093091	71
5093092	72
5093120	71
5093121	73
5093122	73
5093123	73
5093124	72
5093136	73
5093144	71
5093146	73
5093147	73
5093148	72
5093152	72
5093154	74
5093155	72
5093156	73
5093376	69
5093377	71
5093378	71
5093379	71
5093380	70
5093384	71
5093392	71
5093394	73
5093395	71
5093396	72
5093400	71
5093402	73
5093403	71
5093404	72
5093408	70
5093410	72
5093411	70
5093412	71
5093504	71
5093505	73
5093506	73
5093507	73
5093508	72
5093568	69
5093569	71
5093570	71
5093571	69
5093572	70
5093584	71
5093592	71
5093594	73
5093595	71
5093596	72
5093600	70
5093602	72
5093603	70
5093604	71
5093632	70
5093633	72
5093634	72
5093635	72
5093636	71
5093648	72
5093656	72
5093658	74
5093659	72
5093660	73
5093664	71
5093666	73
5093667	71
5093668	72
5095424	69
5095425	71
5095426	71
5095427	71
5095428	70
5095432	71
5095440	71
5095442	73
5095443	71
5095444	72
5095448	71
5095450	71
5095451	71
5095452	70
5095456	70
5095458	72
5095459	72
5095460	71
5095488	71
5095489	73
5095490	73
5095491	73
5095492	72
5095552	71
5095553	73
5095554	73
5095555	73
5095556	72
5095568	73
5095576	71
5095578	73
5095579	73
5095580	72
5095584	72
5095586	74
5095587	72
5095588	73
5095616	71
5095617	73
5095618	73
5095619	71
5095620	72
5095632	73
5095640	71
5095642	73
5095643	73
5095644	72
5095648	72
5095650	72
5095651	72
5095652	73
5095680	70
5095681	72
5095682	72
5095683	72
5095684	71
5095696	72
5095704	70
5095706	72
5095707	72
5095708	71
5095712	71
5095714	73
5095715	73
5095716	72
5096448	71
5096449	73
5096450	73
5096451	73
5096452	72
5096456	73
5096464	73
5096466	75
5096467	73
5096468	74
5096472	73
5096474	73
5096475	73
5096476	72
5096480	72
5096482	74
5096483	72
5096484	73
5096960	69
5096961	71
5096962	71
5096963	71
5096964	70
5096968	71
5096976	71
5096978	73
5096979	71
5096980	72
5096984	69
5096986	71
5096987	71
5096988	70
5096992	70
5096994	72
5096995	72
5096996	71
5097088	71
5097089	73
5097090	73
5097091	73
5097092	72
5097152	71
5097153	73
5097154	73
5097155	73
5097156	72
5097168	73
5097176	71
5097178	73
5097179	73
5097180	72
5097184	72
5097186	74
5097187	72
5097188	73
5097216	70
5097217	72
5097218	72
5097219	72
5097220	71
5097232	72
5097240	70
5097242	72
5097243	72
5097244	71
5097248	71
5097250	73
5097251	73
5097252	72
5097472	70
5097473	72
5097474	72
5097475	72
5097476	71
5097480	72
5097488	72
5097490	74
5097491	72
5097492	73
5097496	72
5097498	72
5097499	72
5097500	71
5097504	71
5097506	73
5097507	71
5097508	72
5097600	72
5097601	74
5097602	74
5097603	74
5097604	73
5097664	70
5097665	72
5097666	72
5097667	70
5097668	71
5097680	72
5097688	72
5097690	74
5097691	72
5097692	73
5097696	71
5097698	73
5097699	71
5097700	72
5097728	71
5097729	73
5097730	73
5097731	73
5097732	72
5097744	73
5097752	71
5097754	73
5097755	73
5097756	72
5097760	72
5097762	74
5097763	72
5097764	73
5111808	67
5111809	69
5111810	69
5111811	69
5111812	68
5111816	69
5111824	69
5111826	71
5111827	69
5111828	70
5111832	69
5111834	71
5111835	69
5111836	70
5111840	68
5111842	70
5111843	70
5111844	69
5111872	69
5111873	71
5111874	71
5111875	71
5111876	70
5111936	69
5111937	71
5111938	71
5111939	71
5111940	70
5111952	71
5111960	71
5111962	71
5111963	71
5111964	70
5111968	70
5111970	72
5111971	70
5111972	71
5112000	69
5112001	71
5112002	71
5112003	69
5112004	70
5112016	71
5112024	69
5112026	71
5112027	71
5112028	70
5112032	70
5112034	70
5112035	70
5112036	71
5112064	68
5112065	70
5112066	70
5112067	70
5112068	69
5112080	70
5112088	70
5112090	72
5112091	70
5112092	71
5112096	69
5112098	71
5112099	71
5112100	70
5112320	69
5112321	71
5112322	71
5112323	71
5112324	70
5112328	71
5112336	71
5112338	73
5112339	71
5112340	72
5112344	71
5112346	73
5112347	71
5112348	72
5112352	70
5112354	72
5112355	70
5112356	71
5112832	69
5112833	71
5112834	71
5112835	71
5112836	70
5112840	71
5112848	71
5112850	73
5112851	71
5112852	72
5112856	71
5112858	73
5112859	71
5112860	72
5112864	70
5112866	72
5112867	70
5112868	71
5112960	71
5112961	73
5112962	73
5112963	73
5112964	72
5113024	69
5113025	71
5113026	71
5113027	69
5113028	70
5113040	71
5113048	71
5113050	73
5113051	71
5113052	72
5113056	70
5113058	72
5113059	70
5113060	71
5113088	70
5113089	72
5113090	72
5113091	72
5113092	71
5113104	72
5113112	70
5113114	72
5113115	72
5113116	71
5113120	71
5113122	73
5113123	71
5113124	72
5113344	69
5113345	71
5113346	71
5113347	71
5113348	70
5113352	71
5113360	71
5113362	73
5113363	71
5113364	72
5113368	69
5113370	71
5113371	71
5113372	70
5113376	70
5113378	72
5113379	70
5113380	71
5113472	71
5113473	73
5113474	73
5113475	73
5113476	72
5113536	69
5113537	71
5113538	71
5113539	71
5113540	70
5113552	71
5113560	71
5113562	73
5113563	71
5113564	72
5113568	70
5113570	72
5113571	70
5113572	71
5113600	70
5113601	72
5113602	72
5113603	72
5113604	71
5113616	72
5113624	70
5113626	72
5113627	72
5113628	71
5113632	71
5113634	73
5113635	71
5113636	72
5113856	68
5113857	70
5113858	70
5113859	70
5113860	69
5113864	70
5113872	70
5113874	72
5113875	70
5113876	71
5113880	70
5113882	72
5113883	70
5113884	71
5113888	69
5113890	71
5113891	69
5113892	70
5113984	70
5113985	72
5113986	72
5113987	72
5113988	71
5114048	68
5114049	70
5114050	70
5114051	68
5114052	69
5114064	70
5114072	70
5114074	72
5114075	70
5114076	71
5114080	69
5114082	71
5114083	69
5114084	70
5114112	69
5114113	71
5114114	71
5114115	71
5114116	70
5114128	71
5114136	71
5114138	73
5114139	71
5114140	72
5114144	70
5114146	72
5114147	70
5114148	71
5120000	69
5120001	71
5120002	71
5120003	71
5120004	70
5120008	71
5120016	71
5120018	73
5120019	71
5120020	72
5120024	71
5120026	71
5120027	71
5120028	70
5120032	70
5120034	72
5120035	72
5120036	71
5120064	71
5120065	73
5120066	73
5120067	73
5120068	72
5120128	71
5120129	73
5120130	73
5120131	73
5120132	72
5120144	73
5120152	73
5120154	73
5120155	73
5120156	72
5120160	72
5120162	74
5120163	72
5120164	73
5120192	71
5120193	73
5120194	73
5120195	71
5120196	72
5120208	73
5120216	71
5120218	73
5120219	73
5120220	72
5120224	72
5120226	72
5120227	72
5120228	73
5120256	70
5120257	72
5120258	72
5120259	72
5120260	71
5120272	72
5120280	72
5120282	72
5120283	72
5120284	71
5120288	71
5120290	73
5120291	73
5120292	72
5124096	67
5124097	69
5124098	69
5124099	69
5124100	68
5124104	69
5124112	69
5124114	71
5124115	69
5124116	70
5124120	69
5124122	71
5124123	69
5124124	70
5124128	68
5124130	70
5124131	68
5124132	69
5124160	69
5124161	71
5124162	71
5124163	71
5124164	70
5124224	69
5124225	71
5124226	71
5124227	69
5124228	70
5124240	71
5124248	71
5124250	71
5124251	71
5124252	70
5124256	70
5124258	72
5124259	70
5124260	71
5124288	67
5124289	69
5124290	69
5124291	67
5124292	68
5124304	69
5124312	69
5124314	71
5124315	69
5124316	70
5124320	68
5124322	70
5124323	68
5124324	69
5124352	68
5124353	70
5124354	70
5124355	70
5124356	69
5124368	70
5124376	70
5124378	72
5124379	70
5124380	71
5124384	69
5124386	71
5124387	69
5124388	70
5125120	69
5125121	71
5125122	71
5125123	71
5125124	70
5125128	71
5125136	71
5125138	73
5125139	71
5125140	72
5125144	71
5125146	73
5125147	71
5125148	72
5125152	70
5125154	72
5125155	70
5125156	71
5125632	69
5125633	71
5125634	71
5125635	71
5125636	70
5125640	71
5125648	71
5125650	73
5125651	71
5125652	72
5125656	71
5125658	73
5125659	71
5125660	72
5125664	70
5125666	72
5125667	70
5125668	71
5125760	71
5125761	73
5125762	73
5125763	73
5125764	72
5125824	69
5125825	71
5125826	71
5125827	71
5125828	70
5125840	71
5125848	71
5125850	73
5125851	71
5125852	72
5125856	70
5125858	72
5125859	70
5125860	71
5125888	70
5125889	72
5125890	72
5125891	72
5125892	71
5125904	72
5125912	72
5125914	74
5125915	72
5125916	73
5125920	71
5125922	73
5125923	71
5125924	72
5126144	68
5126145	70
5126146	70
5126147	70
5126148	69
5126152	70
5126160	70
5126162	72
5126163	70
5126164	71
5126168	70
5126170	72
5126171	70
5126172	71
5126176	69
5126178	71
5126179	69
5126180	70
5126272	70
5126273	72
5126274	72
5126275	72
5126276	71
5126336	68
5126337	70
5126338	70
5126339	68
5126340	69
5126352	70
5126360	70
5126362	72
5126363	70
5126364	71
5126368	69
5126370	71
5126371	69
5126372	70
5126400	69
5126401	71
5126402	71
5126403	71
5126404	70
5126416	71
5126424	71
5126426	73
5126427	71
5126428	72
5126432	70
5126434	72
5126435	70
5126436	71
5128192	68
5128193	70
5128194	70
5128195	70
5128196	69
5128200	70
5128208	70
5128210	72
5128211	70
5128212	71
5128216	70
5128218	72
5128219	70
5128220	71
5128224	69
5128226	71
5128227	71
5128228	70
5128256	70
5128257	72
5128258	72
5128259	72
5128260	71
5128320	70
5128321	72
5128322	72
5128323	72
5128324	71
5128336	72
5128344	72
5128346	72
5128347	72
5128348	71
5128352	71
5128354	73
5128355	71
5128356	72
5128384	70
5128385	72
5128386	72
5128387	70
5128388	71
5128400	72
5128408	70
5128410	72
5128411	72
5128412	71
5128416	71
5128418	71
5128419	71
5128420	72
5128448	69
5128449	71
5128450	71
5128451	71
5128452	70
5128464	71
5128472	71
5128474	73
5128475	71
5128476	72
5128480	70
5128482	72
5128483	72
5128484	71
5129216	70
5129217	72
5129218	72
5129219	72
5129220	71
5129224	72
5129232	72
5129234	74
5129235	72
5129236	73
5129240	72
5129242	72
5129243	72
5129244	71
5129248	71
5129250	73
5129251	71
5129252	72
5129728	70
5129729	72
5129730	72
5129731	72
5129732	71
5129736	72
5129744	72
5129746	74
5129747	72
5129748	73
5129752	70
5129754	72
5129755	72
5129756	71
5129760	71
5129762	73
5129763	71
5129764	72
5129856	72
5129857	74
5129858	74
5129859	74
5129860	73
5129920	70
5129921	72
5129922	72
5129923	72
5129924	71
5129936	72
5129944	72
5129946	74
5129947	72
5129948	73
5129952	71
5129954	73
5129955	71
5129956	72
5129984	71
5129985	73
5129986	73
5129987	73
5129988	72
5130000	73
5130008	71
5130010	73
5130011	73
5130012	72
5130016	72
5130018	74
5130019	72
5130020	73
5130240	69
5130241	71
5130242	71
5130243	71
5130244	70
5130248	71
5130256	71
5130258	73
5130259	71
5130260	72
5130264	71
5130266	73
5130267	71
5130268	72
5130272	70
5130274	72
5130275	70
5130276	71
5130368	71
5130369	73
5130370	73
5130371	73
5130372	72
5130432	69
5130433	71
5130434	71
5130435	69
5130436	70
5130448	71
5130456	71
5130458	73
5130459	71
5130460	72
5130464	70
5130466	72
5130467	70
5130468	71
5130496	70
5130497	72
5130498	72
5130499	72
5130500	71
5130512	72
5130520	72
5130522	74
5130523	72
5130524	73
5130528	71
5130530	73
5130531	71
5130532	72
5242880	67
5242881	69
5242882	69
5242883	69
5242884	68
5242888	69
5242896	69
5242898	71
5242899	69
5242900	70
5242904	69
5242906	69
5242907	69
5242908	68
5242912	68
5242914	70
5242915	70
5242916	69
5242944	69
5242945	71
5242946	71
5242947	71
5242948	70
5243008	69
5243009	71
5243010	71
5243011	71
5243012	70
5243024	71
5243032	71
5243034	71
5243035	71
5243036	70
5243040	70
5243042	72
5243043	70
5243044	71
5243072	69
5243073	71
5243074	71
5243075	69
5243076	70
5243088	71
5243096	69
5243098	71
5243099	71
5243100	70
5243104	70
5243106	70
5243107	70
5243108	71
5243136	68
5243137	70
5243138	70
5243139	70
5243140	69
5243152	70
5243160	70
5243162	70
5243163	70
5243164	69
5243168	69
5243170	71
5243171	71
5243172	70
5243392	69
5243393	71
5243394	71
5243395	71
5243396	70
5243400	71
5243408	71
5243410	73
5243411	71
5243412	72
5243416	71
5243418	71
5243419	71
5243420	70
5243424	70
5243426	72
5243427	72
5243428	71
5243904	69
5243905	71
5243906	71
5243907	71
5243908	70
5243912	71
5243920	71
5243922	73
5243923	71
5243924	72
5243928	71
5243930	71
5243931	71
5243932	70
5243936	70
5243938	72
5243939	72
5243940	71
5244032	71
5244033	73
5244034	73
5244035	73
5244036	72
5244096	69
5244097	71
5244098	71
5244099	71
5244100	70
5244112	71
5244120	71
5244122	73
5244123	71
5244124	72
5244128	70
5244130	72
5244131	72
5244132	71
5244160	70
5244161	72
5244162	72
5244163	72
5244164	71
5244176	72
5244184	70
5244186	72
5244187	72
5244188	71
5244192	71
5244194	73
5244195	71
5244196	72
5244416	69
5244417	71
5244418	71
5244419	69
5244420	70
5244424	71
5244432	71
5244434	73
5244435	71
5244436	72
5244440	69
5244442	69
5244443	71
5244444	68
5244448	70
5244450	72
5244451	70
5244452	71
5244544	69
5244545	71
5244546	71
5244547	71
5244548	70
5244608	69
5244609	71
5244610	71
5244611	71
5244612	70
5244624	71
5244632	71
5244634	71
5244635	71
5244636	70
5244640	70
5244642	72
5244643	72
5244644	71
5244672	70
5244673	70
5244674	70
5244675	70
5244676	69
5244688	70
5244696	70
5244698	70
5244699	70
5244700	69
5244704	71
5244706	71
5244707	71
5244708	70
5244928	68
5244929	70
5244930	70
5244931	70
5244932	69
5244936	70
5244944	70
5244946	72
5244947	70
5244948	71
5244952	70
5244954	70
5244955	70
5244956	69
5244960	69
5244962	71
5244963	71
5244964	70
5245056	70
5245057	72
5245058	72
5245059	72
5245060	71
5245120	70
5245121	72
5245122	72
5245123	70
5245124	71
5245136	72
5245144	70
5245146	72
5245147	72
5245148	71
5245152	71
5245154	71
5245155	71
5245156	72
5245184	69
5245185	71
5245186	71
5245187	71
5245188	70
5245200	71
5245208	71
5245210	71
5245211	71
5245212	70
5245216	70
5245218	72
5245219	72
5245220	71
5246976	69
5246977	71
5246978	71
5246979	71
5246980	70
5246984	71
5246992	71
5246994	73
5246995	71
5246996	72
5247000	71
5247002	71
5247003	71
5247004	70
5247008	70
5247010	72
5247011	72
5247012	71
5247040	71
5247041	73
5247042	73
5247043	73
5247044	72
5247104	71
5247105	73
5247106	73
5247107	73
5247108	72
5247120	73
5247128	71
5247130	73
5247131	73
5247132	72
5247136	72
5247138	74
5247139	72
5247140	73
5247168	71
5247169	73
5247170	73
5247171	71
5247172	72
5247184	73
5247192	71
5247194	73
5247195	73
5247196	72
5247200	72
5247202	72
5247203	72
5247204	73
5247232	70
5247233	72
5247234	72
5247235	72
5247236	71
5247248	72
5247256	70
5247258	72
5247259	72
5247260	71
5247264	71
5247266	73
5247267	73
5247268	72
5251072	69
5251073	71
5251074	71
5251075	71
5251076	70
5251080	71
5251088	71
5251090	73
5251091	71
5251092	72
5251096	71
5251098	71
5251099	71
5251100	70
5251104	70
5251106	72
5251107	72
5251108	71
5251136	71
5251137	73
5251138	73
5251139	73
5251140	72
5251200	71
5251201	73
5251202	73
5251203	73
5251204	72
5251216	73
5251224	71
5251226	73
5251227	73
5251228	72
5251232	72
5251234	74
5251235	72
5251236	73
5251264	71
5251265	73
5251266	73
5251267	71
5251268	72
5251280	73
5251288	71
5251290	73
5251291	73
5251292	72
5251296	72
5251298	72
5251299	72
5251300	73
5251328	70
5251329	72
5251330	72
5251331	72
5251332	71
5251344	72
5251352	70
5251354	72
5251355	72
5251356	71
5251360	71
5251362	73
5251363	73
5251364	72
5252096	71
5252097	73
5252098	73
5252099	71
5252100	72
5252104	73
5252112	73
5252114	75
5252115	73
5252116	74
5252120	73
5252122	73
5252123	73
5252124	72
5252128	72
5252130	74
5252131	72
5252132	73
5252608	69
5252609	71
5252610	71
5252611	71
5252612	70
5252616	71
5252624	71
5252626	73
5252627	71
5252628	72
5252632	69
5252634	71
5252635	71
5252636	70
5252640	70
5252642	72
5252643	72
5252644	71
5252736	71
5252737	73
5252738	73
5252739	73
5252740	72
5252800	71
5252801	73
5252802	73
5252803	73
5252804	72
5252816	73
5252824	71
5252826	73
5252827	73
5252828	72
5252832	72
5252834	74
5252835	72
5252836	73
5252864	70
5252865	72
5252866	72
5252867	72
5252868	71
5252880	72
5252888	70
5252890	72
5252891	72
5252892	71
5252896	71
5252898	73
5252899	73
5252900	72
5253120	70
5253121	72
5253122	72
5253123	72
5253124	71
5253128	72
5253136	72
5253138	74
5253139	72
5253140	73
5253144	72
5253146	72
5253147	72
5253148	71
5253152	71
5253154	73
5253155	71
5253156	72
5253248	72
5253249	74
5253250	74
5253251	74
5253252	73
5253312	70
5253313	72
5253314	72
5253315	70
5253316	71
5253328	72
5253336	72
5253338	74
5253339	72
5253340	73
5253344	71
5253346	73
5253347	71
5253348	72
5253376	71
5253377	73
5253378	73
5253379	73
5253380	72
5253392	73
5253400	71
5253402	73
5253403	73
5253404	72
5253408	72
5253410	74
5253411	72
5253412	73
5255168	69
5255169	71
5255170	71
5255171	71
5255172	70
5255176	71
5255184	71
5255186	71
5255187	71
5255188	72
5255192	71
5255194	71
5255195	71
5255196	70
5255200	70
5255202	72
5255203	70
5255204	71
5255232	71
5255233	73
5255234	73
5255235	73
5255236	72
5255296	71
5255297	73
5255298	73
5255299	71
5255300	72
5255312	73
5255320	71
5255322	73
5255323	73
5255324	72
5255328	72
5255330	74
5255331	72
5255332	73
5255360	69
5255361	71
5255362	71
5255363	69
5255364	70
5255376	71
5255384	71
5255386	73
5255387	71
5255388	72
5255392	70
5255394	70
5255395	70
5255396	71
5255424	70
5255425	72
5255426	72
5255427	72
5255428	71
5255440	72
5255448	70
5255450	72
5255451	72
5255452	71
5255456	71
5255458	73
5255459	71
5255460	72
5256192	71
5256193	73
5256194	73
5256195	71
5256196	72
5256200	73
5256208	73
5256210	73
5256211	73
5256212	74
5256216	73
5256218	73
5256219	73
5256220	72
5256224	72
5256226	72
5256227	72
5256228	73
5256704	69
5256705	71
5256706	71
5256707	71
5256708	70
5256712	71
5256720	71
5256722	73
5256723	71
5256724	72
5256728	71
5256730	71
5256731	71
5256732	70
5256736	70
5256738	72
5256739	72
5256740	71
5256832	71
5256833	73
5256834	73
5256835	73
5256836	72
5256896	71
5256897	73
5256898	73
5256899	71
5256900	72
5256912	73
5256920	71
5256922	73
5256923	73
5256924	72
5256928	72
5256930	72
5256931	72
5256932	73
5256960	70
5256961	72
5256962	72
5256963	72
5256964	71
5256976	72
5256984	70
5256986	72
5256987	72
5256988	71
5256992	71
5256994	73
5256995	73
5256996	72
5257216	70
5257217	72
5257218	72
5257219	70
5257220	71
5257224	72
5257232	72
5257234	72
5257235	72
5257236	73
5257240	72
5257242	72
5257243	72
5257244	71
5257248	71
5257250	71
5257251	71
5257252	72
5257344	70
5257345	72
5257346	72
5257347	72
5257348	71
5257408	70
5257409	72
5257410	72
5257411	70
5257412	71
5257424	72
5257432	72
5257434	72
5257435	72
5257436	73
5257440	71
5257442	71
5257443	71
5257444	72
5257472	71
5257473	73
5257474	73
5257475	71
5257476	72
5257488	73
5257496	71
5257498	73
5257499	73
5257500	72
5257504	72
5257506	72
5257507	72
5257508	73
5259264	68
5259265	70
5259266	70
5259267	70
5259268	69
5259272	70
5259280	70
5259282	72
5259283	70
5259284	71
5259288	70
5259290	70
5259291	70
5259292	69
5259296	69
5259298	71
5259299	71
5259300	70
5259328	70
5259329	72
5259330	72
5259331	72
5259332	71
5259392	70
5259393	72
5259394	72
5259395	72
5259396	71
5259408	72
5259416	70
5259418	72
5259419	72
5259420	71
5259424	71
5259426	73
5259427	71
5259428	72
5259456	70
5259457	72
5259458	72
5259459	70
5259460	71
5259472	72
5259480	70
5259482	72
5259483	72
5259484	71
5259488	71
5259490	71
5259491	71
5259492	72
5259520	69
5259521	71
5259522	71
5259523	71
5259524	70
5259536	71
5259544	69
5259546	71
5259547	71
5259548	70
5259552	70
5259554	72
5259555	72
5259556	71
5260288	70
5260289	72
5260290	72
5260291	72
5260292	71
5260296	72
5260304	72
5260306	74
5260307	72
5260308	73
5260312	72
5260314	72
5260315	72
5260316	71
5260320	71
5260322	73
5260323	71
5260324	72
5260800	68
5260801	70
5260802	70
5260803	70
5260804	69
5260808	70
5260816	70
5260818	72
5260819	70
5260820	71
5260824	68
5260826	70
5260827	70
5260828	69
5260832	69
5260834	71
5260835	71
5260836	70
5260928	70
5260929	72
5260930	72
5260931	72
5260932	71
5260992	70
5260993	72
5260994	72
5260995	72
5260996	71
5261008	72
5261016	70
5261018	72
5261019	72
5261020	71
5261024	71
5261026	73
5261027	73
5261028	72
5261056	69
5261057	71
5261058	71
5261059	71
5261060	70
5261072	71
5261080	69
5261082	71
5261083	71
5261084	70
5261088	70
5261090	72
5261091	72
5261092	71
5261312	69
5261313	71
5261314	71
5261315	71
5261316	70
5261320	71
5261328	71
5261330	73
5261331	71
5261332	72
5261336	71
5261338	71
5261339	71
5261340	70
5261344	70
5261346	72
5261347	72
5261348	71
5261440	71
5261441	73
5261442	73
5261443	73
5261444	72
5261504	71
5261505	73
5261506	73
5261507	71
5261508	72
5261520	73
5261528	71
5261530	73
5261531	73
5261532	72
5261536	72
5261538	72
5261539	72
5261540	73
5261568	70
5261569	72
5261570	72
5261571	72
5261572	71
5261584	72
5261592	70
5261594	72
5261595	72
5261596	71
5261600	71
5261602	73
5261603	73
5261604	72
5308416	69
5308417	71
5308418	71
5308419	71
5308420	70
5308424	71
5308432	71
5308434	73
5308435	71
5308436	72
5308440	71
5308442	71
5308443	71
5308444	70
5308448	70
5308450	72
5308451	72
5308452	71
5308480	71
5308481	73
5308482	73
5308483	73
5308484	72
5308544	71
5308545	73
5308546	73
5308547	73
5308548	72
5308560	73
5308568	73
5308570	73
5308571	73
5308572	72
5308576	72
5308578	74
5308579	72
5308580	73
5308608	71
5308609	73
5308610	73
5308611	71
5308612	72
5308624	73
5308632	71
5308634	73
5308635	73
5308636	72
5308640	72
5308642	72
5308643	72
5308644	73
5308672	70
5308673	72
5308674	72
5308675	72
5308676	71
5308688	72
5308696	72
5308698	72
5308699	72
5308700	71
5308704	71
5308706	73
5308707	73
5308708	72
5308928	71
5308929	73
5308930	73
5308931	73
5308932	72
5308936	73
5308944	73
5308946	75
5308947	73
5308948	74
5308952	73
5308954	73
5308955	73
5308956	72
5308960	72
5308962	74
5308963	72
5308964	73
5309440	71
5309441	73
5309442	73
5309443	73
5309444	72
5309448	73
5309456	73
5309458	75
5309459	73
5309460	74
5309464	73
5309466	73
5309467	73
5309468	72
5309472	72
5309474	74
5309475	72
5309476	73
5309568	73
5309569	75
5309570	75
5309571	75
5309572	74
5309632	71
5309633	73
5309634	73
5309635	71
5309636	72
5309648	73
5309656	73
5309658	75
5309659	73
5309660	74
5309664	72
5309666	74
5309667	72
5309668	73
5309696	72
5309697	74
5309698	74
5309699	74
5309700	73
5309712	74
5309720	72
5309722	74
5309723	74
5309724	73
5309728	73
5309730	75
5309731	73
5309732	74
5309952	71
5309953	73
5309954	73
5309955	71
5309956	72
5309960	73
5309968	73
5309970	75
5309971	73
5309972	74
5309976	71
5309978	71
5309979	73
5309980	70
5309984	72
5309986	74
5309987	72
5309988	73
5310080	71
5310081	73
5310082	73
5310083	73
5310084	72
5310144	71
5310145	73
5310146	73
5310147	73
5310148	72
5310160	73
5310168	73
5310170	73
5310171	73
5310172	72
5310176	72
5310178	74
5310179	72
5310180	73
5310208	72
5310209	72
5310210	72
5310211	72
5310212	71
5310224	72
5310232	72
5310234	72
5310235	72
5310236	71
5310240	73
5310242	73
5310243	73
5310244	72
5310464	70
5310465	72
5310466	72
5310467	72
5310468	71
5310472	72
5310480	72
5310482	74
5310483	72
5310484	73
5310488	72
5310490	72
5310491	72
5310492	71
5310496	71
5310498	73
5310499	71
5310500	72
5310592	72
5310593	74
5310594	74
5310595	74
5310596	73
5310656	70
5310657	72
5310658	72
5310659	70
5310660	71
5310672	72
5310680	72
5310682	74
5310683	72
5310684	73
5310688	71
5310690	73
5310691	71
5310692	72
5310720	71
5310721	73
5310722	73
5310723	73
5310724	72
5310736	73
5310744	73
5310746	73
5310747	73
5310748	72
5310752	72
5310754	74
5310755	72
5310756	73
5341184	67
5341185	69
5341186	69
5341187	69
5341188	68
5341192	69
5341200	69
5341202	71
5341203	69
5341204	70
5341208	69
5341210	69
5341211	69
5341212	68
5341216	68
5341218	70
5341219	70
5341220	69
5341248	69
5341249	71
5341250	71
5341251	71
5341252	70
5341312	69
5341313	71
5341314	71
5341315	71
5341316	70
5341328	71
5341336	69
5341338	71
5341339	71
5341340	70
5341344	70
5341346	72
5341347	70
5341348	71
5341376	69
5341377	71
5341378	71
5341379	69
5341380	70
5341392	71
5341400	69
5341402	71
5341403	71
5341404	70
5341408	70
5341410	72
5341411	70
5341412	71
5341440	68
5341441	70
5341442	70
5341443	70
5341444	69
5341456	70
5341464	68
5341466	70
5341467	70
5341468	69
5341472	69
5341474	71
5341475	71
5341476	70
5341696	69
5341697	71
5341698	71
5341699	71
5341700	70
5341704	71
5341712	71
5341714	73
5341715	71
5341716	72
5341720	71
5341722	71
5341723	71
5341724	70
5341728	70
5341730	72
5341731	72
5341732	71
5342208	69
5342209	71
5342210	71
5342211	71
5342212	70
5342216	71
5342224	71
5342226	73
5342227	71
5342228	72
5342232	69
5342234	71
5342235	71
5342236	70
5342240	70
5342242	72
5342243	72
5342244	71
5342336	71
5342337	73
5342338	73
5342339	73
5342340	72
5342400	69
5342401	71
5342402	71
5342403	71
5342404	70
5342416	71
5342424	71
5342426	73
5342427	71
5342428	72
5342432	70
5342434	72
5342435	72
5342436	71
5342464	70
5342465	72
5342466	72
5342467	72
5342468	71
5342480	72
5342488	70
5342490	72
5342491	72
5342492	71
5342496	71
5342498	73
5342499	71
5342500	72
5342720	67
5342721	69
5342722	69
5342723	69
5342724	68
5342728	69
5342736	69
5342738	71
5342739	69
5342740	70
5342744	67
5342746	69
5342747	69
5342748	68
5342752	68
5342754	70
5342755	70
5342756	69
5342848	69
5342849	71
5342850	71
5342851	71
5342852	70
5342912	69
5342913	71
5342914	71
5342915	71
5342916	70
5342928	71
5342936	69
5342938	71
5342939	71
5342940	70
5342944	70
5342946	72
5342947	72
5342948	71
5342976	68
5342977	70
5342978	70
5342979	70
5342980	69
5342992	70
5343000	68
5343002	70
5343003	70
5343004	69
5343008	69
5343010	71
5343011	71
5343012	70
5343232	68
5343233	70
5343234	70
5343235	70
5343236	69
5343240	70
5343248	70
5343250	72
5343251	70
5343252	71
5343256	70
5343258	70
5343259	70
5343260	69
5343264	69
5343266	71
5343267	71
5343268	70
5343360	70
5343361	72
5343362	72
5343363	72
5343364	71
5343424	70
5343425	72
5343426	72
5343427	70
5343428	71
5343440	72
5343448	70
5343450	72
5343451	72
5343452	71
5343456	71
5343458	73
5343459	71
5343460	72
5343488	69
5343489	71
5343490	71
5343491	71
5343492	70
5343504	71
5343512	69
5343514	71
5343515	71
5343516	70
5343520	70
5343522	72
5343523	72
5343524	71
5349376	69
5349377	71
5349378	71
5349379	71
5349380	70
5349384	71
5349392	71
5349394	73
5349395	71
5349396	72
5349400	71
5349402	71
5349403	71
5349404	70
5349408	70
5349410	72
5349411	72
5349412	71
5349440	71
5349441	73
5349442	73
5349443	73
5349444	72
5349504	71
5349505	73
5349506	73
5349507	73
5349508	72
5349520	73
5349528	71
5349530	73
5349531	73
5349532	72
5349536	72
5349538	74
5349539	72
5349540	73
5349568	71
5349569	73
5349570	73
5349571	71
5349572	72
5349584	73
5349592	71
5349594	73
5349595	73
5349596	72
5349600	72
5349602	72
5349603	72
5349604	73
5349632	70
5349633	72
5349634	72
5349635	72
5349636	71
5349648	72
5349656	70
5349658	72
5349659	72
5349660	71
5349664	71
5349666	73
5349667	73
5349668	72
5353472	69
5353473	71
5353474	71
5353475	71
5353476	70
5353480	71
5353488	71
5353490	73
5353491	71
5353492	72
5353496	71
5353498	71
5353499	71
5353500	70
5353504	70
5353506	72
5353507	72
5353508	71
5353536	71
5353537	73
5353538	73
5353539	73
5353540	72
5353600	71
5353601	73
5353602	73
5353603	73
5353604	72
5353616	73
5353624	71
5353626	73
5353627	73
5353628	72
5353632	72
5353634	74
5353635	72
5353636	73
5353664	71
5353665	73
5353666	73
5353667	71
5353668	72
5353680	73
5353688	71
5353690	73
5353691	73
5353692	72
5353696	72
5353698	72
5353699	72
5353700	73
5353728	70
5353729	72
5353730	72
5353731	72
5353732	71
5353744	72
5353752	70
5353754	72
5353755	72
5353756	71
5353760	71
5353762	73
5353763	73
5353764	72
5354496	71
5354497	73
5354498	73
5354499	73
5354500	72
5354504	73
5354512	73
5354514	75
5354515	73
5354516	74
5354520	73
5354522	73
5354523	73
5354524	72
5354528	72
5354530	74
5354531	72
5354532	73
5355008	69
5355009	71
5355010	71
5355011	71
5355012	70
5355016	71
5355024	71
5355026	73
5355027	71
5355028	72
5355032	71
5355034	71
5355035	71
5355036	70
5355040	70
5355042	72
5355043	72
5355044	71
5355136	71
5355137	73
5355138	73
5355139	73
5355140	72
5355200	71
5355201	73
5355202	73
5355203	73
5355204	72
5355216	73
5355224	71
5355226	73
5355227	73
5355228	72
5355232	72
5355234	74
5355235	72
5355236	73
5355264	70
5355265	72
5355266	72
5355267	72
5355268	71
5355280	72
5355288	70
5355290	72
5355291	72
5355292	71
5355296	71
5355298	73
5355299	73
5355300	72
5355520	70
5355521	72
5355522	72
5355523	72
5355524	71
5355528	72
5355536	72
5355538	74
5355539	72
5355540	73
5355544	72
5355546	72
5355547	72
5355548	71
5355552	71
5355554	73
5355555	71
5355556	72
5355648	72
5355649	74
5355650	74
5355651	74
5355652	73
5355712	70
5355713	72
5355714	72
5355715	70
5355716	71
5355728	72
5355736	72
5355738	74
5355739	72
5355740	73
5355744	71
5355746	73
5355747	71
5355748	72
5355776	71
5355777	73
5355778	73
5355779	73
5355780	72
5355792	73
5355800	71
5355802	73
5355803	73
5355804	72
5355808	72
5355810	74
5355811	72
5355812	73
5357568	68
5357569	70
5357570	70
5357571	70
5357572	69
5357576	70
5357584	70
5357586	72
5357587	70
5357588	71
5357592	70
5357594	70
5357595	70
5357596	69
5357600	69
5357602	71
5357603	71
5357604	70
5357632	70
5357633	72
5357634	72
5357635	72
5357636	71
5357696	70
5357697	72
5357698	72
5357699	72
5357700	71
5357712	72
5357720	70
5357722	72
5357723	72
5357724	71
5357728	71
5357730	73
5357731	71
5357732	72
5357760	70
5357761	72
5357762	72
5357763	70
5357764	71
5357776	72
5357784	70
5357786	72
5357787	72
5357788	71
5357792	71
5357794	73
5357795	71
5357796	72
5357824	69
5357825	71
5357826	71
5357827	71
5357828	70
5357840	71
5357848	69
5357850	71
5357851	71
5357852	70
5357856	70
5357858	72
5357859	72
5357860	71
5358592	70
5358593	72
5358594	72
5358595	70
5358596	71
5358600	72
5358608	72
5358610	74
5358611	72
5358612	73
5358616	72
5358618	72
5358619	72
5358620	71
5358624	71
5358626	73
5358627	71
5358628	72
5359104	68
5359105	70
5359106	70
5359107	70
5359108	69
5359112	70
5359120	70
5359122	72
5359123	70
5359124	71
5359128	68
5359130	70
5359131	70
5359132	69
5359136	69
5359138	71
5359139	71
5359140	70
5359232	70
5359233	72
5359234	72
5359235	72
5359236	71
5359296	70
5359297	72
5359298	72
5359299	72
5359300	71
5359312	72
5359320	70
5359322	72
5359323	72
5359324	71
5359328	71
5359330	73
5359331	73
5359332	72
5359360	69
5359361	71
5359362	71
5359363	71
5359364	70
5359376	71
5359384	69
5359386	71
5359387	71
5359388	70
5359392	70
5359394	72
5359395	72
5359396	71
5359616	69
5359617	71
5359618	71
5359619	71
5359620	70
5359624	71
5359632	71
5359634	73
5359635	71
5359636	72
5359640	71
5359642	71
5359643	71
5359644	70
5359648	70
5359650	72
5359651	72
5359652	71
5359744	71
5359745	73
5359746	73
5359747	73
5359748	72
5359808	71
5359809	73
5359810	73
5359811	71
5359812	72
5359824	73
5359832	71
5359834	73
5359835	73
5359836	72
5359840	72
5359842	74
5359843	72
5359844	73
5359872	70
5359873	72
5359874	72
5359875	72
5359876	71
5359888	72
5359896	70
5359898	72
5359899	72
5359900	71
5359904	71
5359906	73
5359907	73
5359908	72
5373952	68
5373953	70
5373954	70
5373955	70
5373956	69
5373960	70
5373968	70
5373970	72
5373971	70
5373972	71
5373976	70
5373978	70
5373979	70
5373980	69
5373984	69
5373986	71
5373987	71
5373988	70
5374016	70
5374017	72
5374018	72
5374019	72
5374020	71
5374080	70
5374081	72
5374082	72
5374083	72
5374084	71
5374096	72
5374104	72
5374106	72
5374107	72
5374108	71
5374112	71
5374114	73
5374115	71
5374116	72
5374144	70
5374145	72
5374146	72
5374147	70
5374148	71
5374160	72
5374168	70
5374170	72
5374171	72
5374172	71
5374176	71
5374178	71
5374179	71
5374180	72
5374208	69
5374209	71
5374210	71
5374211	71
5374212	70
5374224	71
5374232	71
5374234	71
5374235	71
5374236	70
5374240	70
5374242	72
5374243	72
5374244	71
5374464	70
5374465	72
5374466	72
5374467	72
5374468	71
5374472	72
5374480	72
5374482	74
5374483	72
5374484	73
5374488	72
5374490	72
5374491	72
5374492	71
5374496	71
5374498	73
5374499	71
5374500	72
5374976	70
5374977	72
5374978	72
5374979	72
5374980	71
5374984	72
5374992	72
5374994	74
5374995	72
5374996	73
5375000	72
5375002	72
5375003	72
5375004	71
5375008	71
5375010	73
5375011	71
5375012	72
5375104	72
5375105	74
5375106	74
5375107	74
5375108	73
5375168	70
5375169	72
5375170	72
5375171	70
5375172	71
5375184	72
5375192	72
5375194	74
5375195	72
5375196	73
5375200	71
5375202	73
5375203	71
5375204	72
5375232	71
5375233	73
5375234	73
5375235	73
5375236	72
5375248	73
5375256	71
5375258	73
5375259	73
5375260	72
5375264	72
5375266	74
5375267	72
5375268	73
5375488	70
5375489	72
5375490	72
5375491	70
5375492	71
5375496	72
5375504	72
5375506	74
5375507	72
5375508	73
5375512	70
5375514	70
5375515	72
5375516	69
5375520	71
5375522	73
5375523	71
5375524	72
5375616	70
5375617	72
5375618	72
5375619	72
5375620	71
5375680	70
5375681	72
5375682	72
5375683	72
5375684	71
5375696	72
5375704	72
5375706	72
5375707	72
5375708	71
5375712	71
5375714	73
5375715	71
5375716	72
5375744	71
5375745	71
5375746	71
5375747	71
5375748	70
5375760	71
5375768	71
5375770	71
5375771	71
5375772	70
5375776	72
5375778	72
5375779	72
5375780	71
5376000	69
5376001	71
5376002	71
5376003	71
5376004	70
5376008	71
5376016	71
5376018	73
5376019	71
5376020	72
5376024	71
5376026	71
5376027	71
5376028	70
5376032	70
5376034	72
5376035	70
5376036	71
5376128	71
5376129	73
5376130	73
5376131	73
5376132	72
5376192	69
5376193	71
5376194	71
5376195	69
5376196	70
5376208	71
5376216	71
5376218	73
5376219	71
5376220	72
5376224	70
5376226	72
5376227	70
5376228	71
5376256	70
5376257	72
5376258	72
5376259	72
5376260	71
5376272	72
5376280	72
5376282	72
5376283	72
5376284	71
5376288	71
5376290	73
5376291	71
5376292	72
5382144	70
5382145	72
5382146	72
5382147	72
5382148	71
5382152	72
5382160	72
5382162	74
5382163	72
5382164	73
5382168	72
5382170	72
5382171	72
5382172	71
5382176	71
5382178	73
5382179	73
5382180	72
5382208	72
5382209	74
5382210	74
5382211	74
5382212	73
5382272	72
5382273	74
5382274	74
5382275	74
5382276	73
5382288	74
5382296	72
5382298	74
5382299	74
5382300	73
5382304	73
5382306	75
5382307	73
5382308	74
5382336	72
5382337	74
5382338	74
5382339	72
5382340	73
5382352	74
5382360	72
5382362	74
5382363	74
5382364	73
5382368	73
5382370	73
5382371	73
5382372	74
5382400	71
5382401	73
5382402	73
5382403	73
5382404	72
5382416	73
5382424	71
5382426	73
5382427	73
5382428	72
5382432	72
5382434	74
5382435	74
5382436	73
5386240	68
5386241	70
5386242	70
5386243	70
5386244	69
5386248	70
5386256	70
5386258	72
5386259	70
5386260	71
5386264	70
5386266	72
5386267	70
5386268	71
5386272	69
5386274	71
5386275	69
5386276	70
5386304	70
5386305	72
5386306	72
5386307	72
5386308	71
5386368	70
5386369	72
5386370	72
5386371	70
5386372	71
5386384	72
5386392	72
5386394	72
5386395	72
5386396	71
5386400	71
5386402	73
5386403	71
5386404	72
5386432	68
5386433	70
5386434	70
5386435	68
5386436	69
5386448	70
5386456	70
5386458	72
5386459	70
5386460	71
5386464	69
5386466	71
5386467	69
5386468	70
5386496	69
5386497	71
5386498	71
5386499	71
5386500	70
5386512	71
5386520	71
5386522	73
5386523	71
5386524	72
5386528	70
5386530	72
5386531	70
5386532	71
5387264	70
5387265	72
5387266	72
5387267	72
5387268	71
5387272	72
5387280	72
5387282	74
5387283	72
5387284	73
5387288	72
5387290	72
5387291	72
5387292	71
5387296	71
5387298	73
5387299	71
5387300	72
5387776	70
5387777	72
5387778	72
5387779	72
5387780	71
5387784	72
5387792	72
5387794	74
5387795	72
5387796	73
5387800	72
5387802	72
5387803	72
5387804	71
5387808	71
5387810	73
5387811	71
5387812	72
5387904	72
5387905	74
5387906	74
5387907	74
5387908	73
5387968	70
5387969	72
5387970	72
5387971	72
5387972	71
5387984	72
5387992	72
5387994	74
5387995	72
5387996	73
5388000	71
5388002	73
5388003	71
5388004	72
5388032	71
5388033	73
5388034	73
5388035	73
5388036	72
5388048	73
5388056	71
5388058	73
5388059	73
5388060	72
5388064	72
5388066	74
5388067	72
5388068	73
5388288	69
5388289	71
5388290	71
5388291	71
5388292	70
5388296	71
5388304	71
5388306	73
5388307	71
5388308	72
5388312	71
5388314	73
5388315	71
5388316	72
5388320	70
5388322	72
5388323	70
5388324	71
5388416	71
5388417	73
5388418	73
5388419	73
5388420	72
5388480	69
5388481	71
5388482	71
5388483	69
5388484	70
5388496	71
5388504	71
5388506	73
5388507	71
5388508	72
5388512	70
5388514	72
5388515	70
5388516	71
5388544	70
5388545	72
5388546	72
5388547	72
5388548	71
5388560	72
5388568	72
5388570	74
5388571	72
5388572	73
5388576	71
5388578	73
5388579	71
5388580	72
5390336	69
5390337	71
5390338	71
5390339	71
5390340	70
5390344	71
5390352	71
5390354	73
5390355	71
5390356	72
5390360	71
5390362	71
5390363	71
5390364	70
5390368	70
5390370	72
5390371	72
5390372	71
5390400	71
5390401	73
5390402	73
5390403	73
5390404	72
5390464	71
5390465	73
5390466	73
5390467	73
5390468	72
5390480	73
5390488	71
5390490	73
5390491	73
5390492	72
5390496	72
5390498	74
5390499	72
5390500	73
5390528	71
5390529	73
5390530	73
5390531	71
5390532	72
5390544	73
5390552	71
5390554	73
5390555	73
5390556	72
5390560	72
5390562	72
5390563	72
5390564	73
5390592	70
5390593	72
5390594	72
5390595	72
5390596	71
5390608	72
5390616	70
5390618	72
5390619	72
5390620	71
5390624	71
5390626	73
5390627	73
5390628	72
5391360	71
5391361	73
5391362	73
5391363	73
5391364	72
5391368	73
5391376	73
5391378	75
5391379	73
5391380	74
5391384	73
5391386	73
5391387	73
5391388	72
5391392	72
5391394	74
5391395	72
5391396	73
5391872	69
5391873	71
5391874	71
5391875	71
5391876	70
5391880	71
5391888	71
5391890	73
5391891	71
5391892	72
5391896	69
5391898	71
5391899	71
5391900	70
5391904	70
5391906	72
5391907	72
5391908	71
5392000	71
5392001	73
5392002	73
5392003	73
5392004	72
5392064	71
5392065	73
5392066	73
5392067	73
5392068	72
5392080	73
5392088	71
5392090	73
5392091	73
5392092	72
5392096	72
5392098	74
5392099	72
5392100	73
5392128	70
5392129	72
5392130	72
5392131	72
5392132	71
5392144	72
5392152	70
5392154	72
5392155	72
5392156	71
5392160	71
5392162	73
5392163	73
5392164	72
5392384	70
5392385	72
5392386	72
5392387	72
5392388	71
5392392	72
5392400	72
5392402	74
5392403	72
5392404	73
5392408	72
5392410	72
5392411	72
5392412	71
5392416	71
5392418	73
5392419	71
5392420	72
5392512	72
5392513	74
5392514	74
5392515	74
5392516	73
5392576	70
5392577	72
5392578	72
5392579	70
5392580	71
5392592	72
5392600	72
5392602	74
5392603	72
5392604	73
5392608	71
5392610	73
5392611	71
5392612	72
5392640	71
5392641	73
5392642	73
5392643	73
5392644	72
5392656	73
5392664	71
5392666	73
5392667	73
5392668	72
5392672	72
5392674	74
5392675	72
5392676	73
6291456	66
6291457	68
6291458	68
6291459	68
6291460	67
6291464	68
6291472	68
6291474	70
6291475	68
6291476	69
6291480	68
6291482	68
6291483	68
6291484	67
6291488	67
6291490	69
6291491	69
6291492	68
6291520	68
6291521	70
6291522	70
6291523	70
6291524	69
6291584	68
6291585	70
6291586	70
6291587	70
6291588	69
6291600	70
6291608	70
6291610	70
6291611	70
6291612	69
6291616	69
6291618	71
6291619	69
6291620	70
6291648	68
6291649	70
6291650	70
6291651	68
6291652	69
6291664	70
6291672	68
6291674	70
6291675	70
6291676	69
6291680	69
6291682	69
6291683	69
6291684	70
6291712	67
6291713	69
6291714	69
6291715	69
6291716	68
6291728	69
6291736	69
6291738	69
6291739	69
6291740	68
6291744	68
6291746	70
6291747	70
6291748	69
6291968	68
6291969	70
6291970	70
6291971	70
6291972	69
6291976	70
6291984	70
6291986	72
6291987	70
6291988	71
6291992	70
6291994	70
6291995	70
6291996	69
6292000	69
6292002	71
6292003	69
6292004	70
6292480	68
6292481	70
6292482	70
6292483	70
6292484	69
6292488	70
6292496	70
6292498	72
6292499	70
6292500	71
6292504	70
6292506	70
6292507	70
6292508	69
6292512	69
6292514	71
6292515	69
6292516	70
6292608	70
6292609	72
6292610	72
6292611	72
6292612	71
6292672	68
6292673	70
6292674	70
6292675	68
6292676	69
6292688	70
6292696	70
6292698	72
6292699	70
6292700	71
6292704	69
6292706	71
6292707	69
6292708	70
6292736	69
6292737	71
6292738	71
6292739	71
6292740	70
6292752	71
6292760	69
6292762	71
6292763	71
6292764	70
6292768	70
6292770	72
6292771	70
6292772	71
6292992	68
6292993	70
6292994	70
6292995	68
6292996	69
6293000	70
6293008	70
6293010	72
6293011	70
6293012	71
6293016	68
6293018	68
6293019	70
6293020	67
6293024	69
6293026	71
6293027	69
6293028	70
6293120	68
6293121	70
6293122	70
6293123	70
6293124	69
6293184	68
6293185	70
6293186	70
6293187	70
6293188	69
6293200	70
6293208	70
6293210	70
6293211	70
6293212	69
6293216	69
6293218	71
6293219	69
6293220	70
6293248	69
6293249	69
6293250	69
6293251	69
6293252	68
6293264	69
6293272	69
6293274	69
6293275	69
6293276	68
6293280	70
6293282	70
6293283	70
6293284	69
6293504	67
6293505	69
6293506	69
6293507	69
6293508	68
6293512	69
6293520	69
6293522	71
6293523	69
6293524	70
6293528	69
6293530	69
6293531	69
6293532	68
6293536	68
6293538	70
6293539	68
6293540	69
6293632	69
6293633	71
6293634	71
6293635	71
6293636	70
6293696	67
6293697	69
6293698	69
6293699	67
6293700	68
6293712	69
6293720	69
6293722	71
6293723	69
6293724	70
6293728	68
6293730	70
6293731	68
6293732	69
6293760	68
6293761	70
6293762	70
6293763	70
6293764	69
6293776	70
6293784	70
6293786	70
6293787	70
6293788	69
6293792	69
6293794	71
6293795	69
6293796	70
6295552	68
6295553	70
6295554	70
6295555	70
6295556	69
6295560	70
6295568	70
6295570	72
6295571	70
6295572	71
6295576	68
6295578	70
6295579	70
6295580	69
6295584	69
6295586	71
6295587	71
6295588	70
6295616	70
6295617	72
6295618	72
6295619	72
6295620	71
6295680	70
6295681	72
6295682	72
6295683	72
6295684	71
6295696	72
6295704	70
6295706	72
6295707	72
6295708	71
6295712	71
6295714	73
6295715	71
6295716	72
6295744	70
6295745	72
6295746	72
6295747	70
6295748	71
6295760	72
6295768	70
6295770	72
6295771	72
6295772	71
6295776	71
6295778	71
6295779	71
6295780	72
6295808	69
6295809	71
6295810	71
6295811	71
6295812	70
6295824	71
6295832	69
6295834	71
6295835	71
6295836	70
6295840	70
6295842	72
6295843	72
6295844	71
6299648	68
6299649	70
6299650	70
6299651	70
6299652	69
6299656	70
6299664	70
6299666	72
6299667	70
6299668	71
6299672	70
6299674	70
6299675	70
6299676	69
6299680	69
6299682	71
6299683	69
6299684	70
6299712	70
6299713	72
6299714	72
6299715	72
6299716	71
6299776	70
6299777	72
6299778	72
6299779	70
6299780	71
6299792	72
6299800	70
6299802	72
6299803	72
6299804	71
6299808	71
6299810	73
6299811	71
6299812	72
6299840	68
6299841	70
6299842	70
6299843	68
6299844	69
6299856	70
6299864	70
6299866	72
6299867	70
6299868	71
6299872	69
6299874	71
6299875	69
6299876	70
6299904	69
6299905	71
6299906	71
6299907	71
6299908	70
6299920	71
6299928	69
6299930	71
6299931	71
6299932	70
6299936	70
6299938	72
6299939	70
6299940	71
6300672	70
6300673	70
6300674	72
6300675	70
6300676	71
6300680	72
6300688	70
6300690	72
6300691	72
6300692	73
6300696	70
6300698	70
6300699	72
6300700	69
6300704	71
6300706	71
6300707	71
6300708	72
6301184	68
6301185	70
6301186	70
6301187	70
6301188	69
6301192	70
6301200	70
6301202	72
6301203	70
6301204	71
6301208	68
6301210	70
6301211	70
6301212	69
6301216	69
6301218	71
6301219	71
6301220	70
6301312	70
6301313	72
6301314	72
6301315	72
6301316	71
6301376	70
6301377	72
6301378	72
6301379	72
6301380	71
6301392	72
6301400	70
6301402	72
6301403	72
6301404	71
6301408	71
6301410	73
6301411	71
6301412	72
6301440	69
6301441	71
6301442	71
6301443	71
6301444	70
6301456	71
6301464	69
6301466	71
6301467	71
6301468	70
6301472	70
6301474	72
6301475	72
6301476	71
6301696	69
6301697	71
6301698	71
6301699	71
6301700	70
6301704	71
6301712	71
6301714	71
6301715	71
6301716	72
6301720	69
6301722	71
6301723	71
6301724	70
6301728	70
6301730	72
6301731	70
6301732	71
6301824	71
6301825	73
6301826	73
6301827	73
6301828	72
6301888	69
6301889	71
6301890	71
6301891	69
6301892	70
6301904	71
6301912	71
6301914	73
6301915	71
6301916	72
6301920	70
6301922	70
6301923	70
6301924	71
6301952	70
6301953	72
6301954	72
6301955	72
6301956	71
6301968	72
6301976	70
6301978	72
6301979	72
6301980	71
6301984	71
6301986	73
6301987	71
6301988	72
6303744	66
6303745	68
6303746	68
6303747	68
6303748	67
6303752	68
6303760	68
6303762	70
6303763	68
6303764	69
6303768	68
6303770	70
6303771	68
6303772	69
6303776	67
6303778	69
6303779	67
6303780	68
6303808	68
6303809	70
6303810	70
6303811	70
6303812	69
6303872	68
6303873	70
6303874	70
6303875	68
6303876	69
6303888	70
6303896	70
6303898	70
6303899	70
6303900	69
6303904	69
6303906	71
6303907	69
6303908	70
6303936	66
6303937	68
6303938	68
6303939	66
6303940	67
6303952	68
6303960	68
6303962	70
6303963	68
6303964	69
6303968	67
6303970	69
6303971	67
6303972	68
6304000	67
6304001	69
6304002	69
6304003	69
6304004	68
6304016	69
6304024	69
6304026	71
6304027	69
6304028	70
6304032	68
6304034	70
6304035	68
6304036	69
6304768	68
6304769	70
6304770	70
6304771	70
6304772	69
6304776	70
6304784	70
6304786	72
6304787	70
6304788	71
6304792	70
6304794	70
6304795	70
6304796	69
6304800	69
6304802	71
6304803	69
6304804	70
6305280	68
6305281	70
6305282	70
6305283	70
6305284	69
6305288	70
6305296	70
6305298	72
6305299	70
6305300	71
6305304	70
6305306	70
6305307	70
6305308	69
6305312	69
6305314	71
6305315	69
6305316	70
6305408	70
6305409	72
6305410	72
6305411	72
6305412	71
6305472	68
6305473	70
6305474	70
6305475	70
6305476	69
6305488	70
6305496	70
6305498	72
6305499	70
6305500	71
6305504	69
6305506	71
6305507	69
6305508	70
6305536	69
6305537	71
6305538	71
6305539	71
6305540	70
6305552	71
6305560	69
6305562	71
6305563	71
6305564	70
6305568	70
6305570	72
6305571	70
6305572	71
6305792	67
6305793	69
6305794	69
6305795	69
6305796	68
6305800	69
6305808	69
6305810	71
6305811	69
6305812	70
6305816	69
6305818	71
6305819	69
6305820	70
6305824	68
6305826	70
6305827	68
6305828	69
6305920	69
6305921	71
6305922	71
6305923	71
6305924	70
6305984	67
6305985	69
6305986	69
6305987	67
6305988	68
6306000	69
6306008	69
6306010	71
6306011	69
6306012	70
6306016	68
6306018	70
6306019	68
6306020	69
6306048	68
6306049	70
6306050	70
6306051	70
6306052	69
6306064	70
6306072	70
6306074	72
6306075	70
6306076	71
6306080	69
6306082	71
6306083	69
6306084	70
6307840	67
6307841	69
6307842	69
6307843	69
6307844	68
6307848	69
6307856	69
6307858	71
6307859	69
6307860	70
6307864	69
6307866	69
6307867	69
6307868	68
6307872	68
6307874	70
6307875	70
6307876	69
6307904	69
6307905	71
6307906	71
6307907	71
6307908	70
6307968	69
6307969	71
6307970	71
6307971	71
6307972	70
6307984	71
6307992	69
6307994	71
6307995	71
6307996	70
6308000	70
6308002	72
6308003	70
6308004	71
6308032	69
6308033	71
6308034	71
6308035	69
6308036	70
6308048	71
6308056	69
6308058	71
6308059	71
6308060	70
6308064	70
6308066	70
6308067	70
6308068	71
6308096	68
6308097	70
6308098	70
6308099	70
6308100	69
6308112	70
6308120	68
6308122	70
6308123	70
6308124	69
6308128	69
6308130	71
6308131	71
6308132	70
6308864	69
6308865	71
6308866	71
6308867	71
6308868	70
6308872	71
6308880	71
6308882	73
6308883	71
6308884	72
6308888	71
6308890	71
6308891	71
6308892	70
6308896	70
6308898	72
6308899	70
6308900	71
6309376	67
6309377	69
6309378	69
6309379	69
6309380	68
6309384	69
6309392	69
6309394	71
6309395	69
6309396	70
6309400	67
6309402	69
6309403	69
6309404	68
6309408	68
6309410	70
6309411	70
6309412	69
6309504	69
6309505	71
6309506	71
6309507	71
6309508	70
6309568	69
6309569	71
6309570	71
6309571	71
6309572	70
6309584	71
6309592	69
6309594	71
6309595	71
6309596	70
6309600	70
6309602	72
6309603	70
6309604	71
6309632	68
6309633	70
6309634	70
6309635	70
6309636	69
6309648	70
6309656	68
6309658	70
6309659	70
6309660	69
6309664	69
6309666	71
6309667	71
6309668	70
6309888	68
6309889	70
6309890	70
6309891	70
6309892	69
6309896	70
6309904	70
6309906	72
6309907	70
6309908	71
6309912	70
6309914	70
6309915	70
6309916	69
6309920	69
6309922	71
6309923	69
6309924	70
6310016	70
6310017	72
6310018	72
6310019	72
6310020	71
6310080	68
6310081	70
6310082	70
6310083	68
6310084	69
6310096	70
6310104	70
6310106	72
6310107	70
6310108	71
6310112	69
6310114	71
6310115	69
6310116	70
6310144	69
6310145	71
6310146	71
6310147	71
6310148	70
6310160	71
6310168	69
6310170	71
6310171	71
6310172	70
6310176	70
6310178	72
6310179	70
6310180	71
6324224	68
6324225	70
6324226	70
6324227	70
6324228	69
6324232	70
6324240	70
6324242	72
6324243	70
6324244	71
6324248	70
6324250	70
6324251	70
6324252	69
6324256	69
6324258	71
6324259	71
6324260	70
6324288	70
6324289	72
6324290	72
6324291	72
6324292	71
6324352	70
6324353	72
6324354	72
6324355	72
6324356	71
6324368	72
6324376	72
6324378	72
6324379	72
6324380	71
6324384	71
6324386	73
6324387	71
6324388	72
6324416	70
6324417	72
6324418	72
6324419	70
6324420	71
6324432	72
6324440	70
6324442	72
6324443	72
6324444	71
6324448	71
6324450	71
6324451	71
6324452	72
6324480	69
6324481	71
6324482	71
6324483	71
6324484	70
6324496	71
6324504	71
6324506	71
6324507	71
6324508	70
6324512	70
6324514	72
6324515	72
6324516	71
6324736	70
6324737	72
6324738	72
6324739	72
6324740	71
6324744	72
6324752	72
6324754	74
6324755	72
6324756	73
6324760	72
6324762	72
6324763	72
6324764	71
6324768	71
6324770	73
6324771	71
6324772	72
6325248	70
6325249	72
6325250	72
6325251	72
6325252	71
6325256	72
6325264	72
6325266	74
6325267	72
6325268	73
6325272	72
6325274	72
6325275	72
6325276	71
6325280	71
6325282	73
6325283	71
6325284	72
6325376	72
6325377	74
6325378	74
6325379	74
6325380	73
6325440	70
6325441	72
6325442	72
6325443	70
6325444	71
6325456	72
6325464	72
6325466	74
6325467	72
6325468	73
6325472	71
6325474	73
6325475	71
6325476	72
6325504	71
6325505	73
6325506	73
6325507	73
6325508	72
6325520	73
6325528	71
6325530	73
6325531	73
6325532	72
6325536	72
6325538	74
6325539	72
6325540	73
6325760	70
6325761	72
6325762	72
6325763	70
6325764	71
6325768	72
6325776	72
6325778	74
6325779	72
6325780	73
6325784	70
6325786	70
6325787	72
6325788	69
6325792	71
6325794	73
6325795	71
6325796	72
6325888	70
6325889	72
6325890	72
6325891	72
6325892	71
6325952	70
6325953	72
6325954	72
6325955	72
6325956	71
6325968	72
6325976	72
6325978	72
6325979	72
6325980	71
6325984	71
6325986	73
6325987	71
6325988	72
6326016	71
6326017	71
6326018	71
6326019	71
6326020	70
6326032	71
6326040	71
6326042	71
6326043	71
6326044	70
6326048	72
6326050	72
6326051	72
6326052	71
6326272	69
6326273	71
6326274	71
6326275	71
6326276	70
6326280	71
6326288	71
6326290	73
6326291	71
6326292	72
6326296	71
6326298	71
6326299	71
6326300	70
6326304	70
6326306	72
6326307	70
6326308	71
6326400	71
6326401	73
6326402	73
6326403	73
6326404	72
6326464	69
6326465	71
6326466	71
6326467	69
6326468	70
6326480	71
6326488	71
6326490	73
6326491	71
6326492	72
6326496	70
6326498	72
6326499	70
6326500	71
6326528	70
6326529	72
6326530	72
6326531	72
6326532	71
6326544	72
6326552	72
6326554	72
6326555	72
6326556	71
6326560	71
6326562	73
6326563	71
6326564	72
6356992	68
6356993	70
6356994	70
6356995	70
6356996	69
6357000	70
6357008	70
6357010	72
6357011	70
6357012	71
6357016	70
6357018	70
6357019	70
6357020	69
6357024	69
6357026	71
6357027	69
6357028	70
6357056	70
6357057	72
6357058	72
6357059	72
6357060	71
6357120	70
6357121	72
6357122	72
6357123	70
6357124	71
6357136	72
6357144	70
6357146	72
6357147	72
6357148	71
6357152	71
6357154	73
6357155	71
6357156	72
6357184	68
6357185	70
6357186	70
6357187	68
6357188	69
6357200	70
6357208	70
6357210	72
6357211	70
6357212	71
6357216	69
6357218	71
6357219	69
6357220	70
6357248	69
6357249	71
6357250	71
6357251	71
6357252	70
6357264	71
6357272	69
6357274	71
6357275	71
6357276	70
6357280	70
6357282	72
6357283	70
6357284	71
6357504	70
6357505	72
6357506	72
6357507	72
6357508	71
6357512	72
6357520	72
6357522	74
6357523	72
6357524	73
6357528	72
6357530	72
6357531	72
6357532	71
6357536	71
6357538	73
6357539	71
6357540	72
6358016	70
6358017	72
6358018	72
6358019	70
6358020	71
6358024	72
6358032	72
6358034	74
6358035	72
6358036	73
6358040	70
6358042	70
6358043	72
6358044	69
6358048	71
6358050	73
6358051	71
6358052	72
6358144	72
6358145	74
6358146	74
6358147	74
6358148	73
6358208	70
6358209	72
6358210	72
6358211	70
6358212	71
6358224	72
6358232	72
6358234	74
6358235	72
6358236	73
6358240	71
6358242	73
6358243	71
6358244	72
6358272	71
6358273	73
6358274	73
6358275	73
6358276	72
6358288	73
6358296	71
6358298	73
6358299	73
6358300	72
6358304	72
6358306	74
6358307	72
6358308	73
6358528	68
6358529	70
6358530	70
6358531	68
6358532	69
6358536	70
6358544	70
6358546	72
6358547	70
6358548	71
6358552	68
6358554	68
6358555	70
6358556	67
6358560	69
6358562	71
6358563	69
6358564	70
6358656	70
6358657	70
6358658	70
6358659	70
6358660	69
6358720	70
6358721	72
6358722	72
6358723	72
6358724	71
6358736	72
6358744	70
6358746	72
6358747	72
6358748	71
6358752	71
6358754	73
6358755	71
6358756	72
6358784	69
6358785	69
6358786	69
6358787	69
6358788	68
6358800	69
6358808	69
6358810	69
6358811	69
6358812	68
6358816	70
6358818	70
6358819	70
6358820	69
6359040	69
6359041	71
6359042	71
6359043	71
6359044	70
6359048	71
6359056	71
6359058	73
6359059	71
6359060	72
6359064	71
6359066	71
6359067	71
6359068	70
6359072	70
6359074	72
6359075	70
6359076	71
6359168	71
6359169	73
6359170	73
6359171	73
6359172	72
6359232	69
6359233	71
6359234	71
6359235	69
6359236	70
6359248	71
6359256	71
6359258	73
6359259	71
6359260	72
6359264	70
6359266	72
6359267	70
6359268	71
6359296	70
6359297	72
6359298	72
6359299	72
6359300	71
6359312	72
6359320	70
6359322	72
6359323	72
6359324	71
6359328	71
6359330	73
6359331	71
6359332	72
6365184	70
6365185	72
6365186	72
6365187	72
6365188	71
6365192	72
6365200	72
6365202	74
6365203	72
6365204	73
6365208	70
6365210	72
6365211	72
6365212	71
6365216	71
6365218	73
6365219	73
6365220	72
6365248	72
6365249	74
6365250	74
6365251	74
6365252	73
6365312	72
6365313	74
6365314	74
6365315	74
6365316	73
6365328	74
6365336	72
6365338	74
6365339	74
6365340	73
6365344	73
6365346	75
6365347	73
6365348	74
6365376	72
6365377	74
6365378	74
6365379	72
6365380	73
6365392	74
6365400	72
6365402	74
6365403	74
6365404	73
6365408	73
6365410	73
6365411	73
6365412	74
6365440	71
6365441	73
6365442	73
6365443	73
6365444	72
6365456	73
6365464	71
6365466	73
6365467	73
6365468	72
6365472	72
6365474	74
6365475	74
6365476	73
6369280	68
6369281	70
6369282	70
6369283	70
6369284	69
6369288	70
6369296	70
6369298	72
6369299	70
6369300	71
6369304	70
6369306	72
6369307	70
6369308	71
6369312	69
6369314	71
6369315	69
6369316	70
6369344	70
6369345	72
6369346	72
6369347	72
6369348	71
6369408	70
6369409	72
6369410	72
6369411	70
6369412	71
6369424	72
6369432	72
6369434	72
6369435	72
6369436	71
6369440	71
6369442	73
6369443	71
6369444	72
6369472	68
6369473	70
6369474	70
6369475	68
6369476	69
6369488	70
6369496	70
6369498	72
6369499	70
6369500	71
6369504	69
6369506	71
6369507	69
6369508	70
6369536	69
6369537	71
6369538	71
6369539	71
6369540	70
6369552	71
6369560	71
6369562	73
6369563	71
6369564	72
6369568	70
6369570	72
6369571	70
6369572	71
6370304	70
6370305	72
6370306	72
6370307	72
6370308	71
6370312	72
6370320	72
6370322	74
6370323	72
6370324	73
6370328	72
6370330	72
6370331	72
6370332	71
6370336	71
6370338	73
6370339	71
6370340	72
6370816	70
6370817	72
6370818	72
6370819	72
6370820	71
6370824	72
6370832	72
6370834	74
6370835	72
6370836	73
6370840	72
6370842	72
6370843	72
6370844	71
6370848	71
6370850	73
6370851	71
6370852	72
6370944	72
6370945	74
6370946	74
6370947	74
6370948	73
6371008	70
6371009	72
6371010	72
6371011	72
6371012	71
6371024	72
6371032	72
6371034	74
6371035	72
6371036	73
6371040	71
6371042	73
6371043	71
6371044	72
6371072	71
6371073	73
6371074	73
6371075	73
6371076	72
6371088	73
6371096	71
6371098	73
6371099	73
6371100	72
6371104	72
6371106	74
6371107	72
6371108	73
6371328	69
6371329	71
6371330	71
6371331	71
6371332	70
6371336	71
6371344	71
6371346	73
6371347	71
6371348	72
6371352	71
6371354	73
6371355	71
6371356	72
6371360	70
6371362	72
6371363	70
6371364	71
6371456	71
6371457	73
6371458	73
6371459	73
6371460	72
6371520	69
6371521	71
6371522	71
6371523	69
6371524	70
6371536	71
6371544	71
6371546	73
6371547	71
6371548	72
6371552	70
6371554	72
6371555	70
6371556	71
6371584	70
6371585	72
6371586	72
6371587	72
6371588	71
6371600	72
6371608	72
6371610	74
6371611	72
6371612	73
6371616	71
6371618	73
6371619	71
6371620	72
6373376	69
6373377	71
6373378	71
6373379	71
6373380	70
6373384	71
6373392	71
6373394	73
6373395	71
6373396	72
6373400	71
6373402	71
6373403	71
6373404	70
6373408	70
6373410	72
6373411	72
6373412	71
6373440	71
6373441	73
6373442	73
6373443	73
6373444	72
6373504	71
6373505	73
6373506	73
6373507	73
6373508	72
6373520	73
6373528	71
6373530	73
6373531	73
6373532	72
6373536	72
6373538	74
6373539	72
6373540	73
6373568	71
6373569	73
6373570	73
6373571	71
6373572	72
6373584	73
6373592	71
6373594	73
6373595	73
6373596	72
6373600	72
6373602	72
6373603	72
6373604	73
6373632	70
6373633	72
6373634	72
6373635	72
6373636	71
6373648	72
6373656	70
6373658	72
6373659	72
6373660	71
6373664	71
6373666	73
6373667	73
6373668	72
6374400	71
6374401	73
6374402	73
6374403	73
6374404	72
6374408	73
6374416	73
6374418	75
6374419	73
6374420	74
6374424	73
6374426	73
6374427	73
6374428	72
6374432	72
6374434	74
6374435	72
6374436	73
6374912	69
6374913	71
6374914	71
6374915	71
6374916	70
6374920	71
6374928	71
6374930	73
6374931	71
6374932	72
6374936	69
6374938	71
6374939	71
6374940	70
6374944	70
6374946	72
6374947	72
6374948	71
6375040	71
6375041	73
6375042	73
6375043	73
6375044	72
6375104	71
6375105	73
6375106	73
6375107	73
6375108	72
6375120	73
6375128	71
6375130	73
6375131	73
6375132	72
6375136	72
6375138	74
6375139	72
6375140	73
6375168	70
6375169	72
6375170	72
6375171	72
6375172	71
6375184	72
6375192	70
6375194	72
6375195	72
6375196	71
6375200	71
6375202	73
6375203	73
6375204	72
6375424	70
6375425	72
6375426	72
6375427	72
6375428	71
6375432	72
6375440	72
6375442	74
6375443	72
6375444	73
6375448	72
6375450	72
6375451	72
6375452	71
6375456	71
6375458	73
6375459	71
6375460	72
6375552	72
6375553	74
6375554	74
6375555	74
6375556	73
6375616	70
6375617	72
6375618	72
6375619	70
6375620	71
6375632	72
6375640	72
6375642	74
6375643	72
6375644	73
6375648	71
6375650	73
6375651	71
6375652	72
6375680	71
6375681	73
6375682	73
6375683	73
6375684	72
6375696	73
6375704	71
6375706	73
6375707	73
6375708	72
6375712	72
6375714	74
6375715	72
6375716	73
6389760	66
6389761	68
6389762	68
6389763	68
6389764	67
6389768	68
6389776	68
6389778	70
6389779	68
6389780	69
6389784	68
6389786	68
6389787	68
6389788	67
6389792	67
6389794	69
6389795	67
6389796	68
6389824	68
6389825	70
6389826	70
6389827	70
6389828	69
6389888	68
6389889	70
6389890	70
6389891	68
6389892	69
6389904	70
6389912	68
6389914	70
6389915	70
6389916	69
6389920	69
6389922	71
6389923	69
6389924	70
6389952	68
6389953	68
6389954	68
6389955	68
6389956	67
6389968	68
6389976	68
6389978	70
6389979	68
6389980	69
6389984	69
6389986	69
6389987	69
6389988	68
6390016	67
6390017	69
6390018	69
6390019	69
6390020	68
6390032	69
6390040	67
6390042	69
6390043	69
6390044	68
6390048	68
6390050	70
6390051	68
6390052	69
6390272	68
6390273	70
6390274	70
6390275	70
6390276	69
6390280	70
6390288	70
6390290	72
6390291	70
6390292	71
6390296	70
6390298	70
6390299	70
6390300	69
6390304	69
6390306	71
6390307	69
6390308	70
6390784	68
6390785	70
6390786	70
6390787	68
6390788	69
6390792	70
6390800	70
6390802	72
6390803	70
6390804	71
6390808	68
6390810	68
6390811	70
6390812	67
6390816	69
6390818	71
6390819	69
6390820	70
6390912	70
6390913	72
6390914	72
6390915	72
6390916	71
6390976	68
6390977	70
6390978	70
6390979	68
6390980	69
6390992	70
6391000	70
6391002	72
6391003	70
6391004	71
6391008	69
6391010	71
6391011	69
6391012	70
6391040	69
6391041	71
6391042	71
6391043	71
6391044	70
6391056	71
6391064	69
6391066	71
6391067	71
6391068	70
6391072	70
6391074	72
6391075	70
6391076	71
6391296	66
6391297	68
6391298	68
6391299	66
6391300	67
6391304	68
6391312	68
6391314	70
6391315	68
6391316	69
6391320	66
6391322	66
6391323	68
6391324	65
6391328	67
6391330	69
6391331	67
6391332	68
6391424	68
6391425	68
6391426	68
6391427	68
6391428	67
6391488	68
6391489	70
6391490	70
6391491	70
6391492	69
6391504	70
6391512	68
6391514	70
6391515	70
6391516	69
6391520	69
6391522	71
6391523	69
6391524	70
6391552	67
6391553	67
6391554	67
6391555	67
6391556	66
6391568	67
6391576	67
6391578	67
6391579	67
6391580	66
6391584	68
6391586	68
6391587	68
6391588	67
6391808	67
6391809	69
6391810	69
6391811	69
6391812	68
6391816	69
6391824	69
6391826	71
6391827	69
6391828	70
6391832	69
6391834	69
6391835	69
6391836	68
6391840	68
6391842	70
6391843	68
6391844	69
6391936	69
6391937	71
6391938	71
6391939	71
6391940	70
6392000	69
6392001	69
6392002	69
6392003	69
6392004	68
6392016	69
6392024	69
6392026	71
6392027	69
6392028	70
6392032	70
6392034	70
6392035	70
6392036	69
6392064	68
6392065	70
6392066	70
6392067	70
6392068	69
6392080	70
6392088	68
6392090	70
6392091	70
6392092	69
6392096	69
6392098	71
6392099	69
6392100	70
6397952	68
6397953	70
6397954	70
6397955	68
6397956	69
6397960	70
6397968	70
6397970	72
6397971	70
6397972	71
6397976	68
6397978	68
6397979	70
6397980	67
6397984	69
6397986	71
6397987	69
6397988	70
6398016	70
6398017	70
6398018	70
6398019	70
6398020	69
6398080	70
6398081	70
6398082	70
6398083	70
6398084	69
6398096	70
6398104	70
6398106	70
6398107	70
6398108	69
6398112	71
6398114	71
6398115	71
6398116	70
6398144	68
6398145	70
6398146	70
6398147	68
6398148	69
6398160	70
6398168	70
6398170	70
6398171	70
6398172	69
6398176	69
6398178	71
6398179	69
6398180	70
6398208	69
6398209	69
6398210	69
6398211	69
6398212	68
6398224	69
6398232	69
6398234	69
6398235	69
6398236	68
6398240	70
6398242	70
6398243	70
6398244	69
6402048	68
6402049	70
6402050	70
6402051	70
6402052	69
6402056	70
6402064	70
6402066	72
6402067	70
6402068	71
6402072	70
6402074	70
6402075	70
6402076	69
6402080	69
6402082	71
6402083	71
6402084	70
6402112	70
6402113	72
6402114	72
6402115	72
6402116	71
6402176	70
6402177	72
6402178	72
6402179	72
6402180	71
6402192	72
6402200	70
6402202	72
6402203	72
6402204	71
6402208	71
6402210	73
6402211	71
6402212	72
6402240	70
6402241	72
6402242	72
6402243	70
6402244	71
6402256	72
6402264	70
6402266	72
6402267	72
6402268	71
6402272	71
6402274	71
6402275	71
6402276	72
6402304	69
6402305	71
6402306	71
6402307	71
6402308	70
6402320	71
6402328	69
6402330	71
6402331	71
6402332	70
6402336	70
6402338	72
6402339	72
6402340	71
6403072	70
6403073	72
6403074	72
6403075	72
6403076	71
6403080	72
6403088	72
6403090	74
6403091	72
6403092	73
6403096	72
6403098	72
6403099	72
6403100	71
6403104	71
6403106	73
6403107	71
6403108	72
6403584	68
6403585	70
6403586	70
6403587	70
6403588	69
6403592	70
6403600	70
6403602	72
6403603	70
6403604	71
6403608	68
6403610	70
6403611	70
6403612	69
6403616	69
6403618	71
6403619	71
6403620	70
6403712	70
6403713	72
6403714	72
6403715	72
6403716	71
6403776	70
6403777	72
6403778	72
6403779	72
6403780	71
6403792	72
6403800	70
6403802	72
6403803	72
6403804	71
6403808	71
6403810	73
6403811	71
6403812	72
6403840	69
6403841	71
6403842	71
6403843	71
6403844	70
6403856	71
6403864	69
6403866	71
6403867	71
6403868	70
6403872	70
6403874	72
6403875	72
6403876	71
6404096	69
6404097	71
6404098	71
6404099	71
6404100	70
6404104	71
6404112	71
6404114	73
6404115	71
6404116	72
6404120	71
6404122	71
6404123	71
6404124	70
6404128	70
6404130	72
6404131	70
6404132	71
6404224	71
6404225	73
6404226	73
6404227	73
6404228	72
6404288	69
6404289	71
6404290	71
6404291	69
6404292	70
6404304	71
6404312	71
6404314	73
6404315	71
6404316	72
6404320	70
6404322	72
6404323	70
6404324	71
6404352	70
6404353	72
6404354	72
6404355	72
6404356	71
6404368	72
6404376	70
6404378	72
6404379	72
6404380	71
6404384	71
6404386	73
6404387	71
6404388	72
6406144	67
6406145	69
6406146	69
6406147	67
6406148	68
6406152	69
6406160	69
6406162	71
6406163	69
6406164	70
6406168	67
6406170	67
6406171	69
6406172	66
6406176	68
6406178	70
6406179	68
6406180	69
6406208	69
6406209	69
6406210	69
6406211	69
6406212	68
6406272	69
6406273	69
6406274	69
6406275	69
6406276	68
6406288	69
6406296	69
6406298	69
6406299	69
6406300	68
6406304	70
6406306	70
6406307	70
6406308	69
6406336	69
6406337	69
6406338	69
6406339	69
6406340	68
6406352	69
6406360	69
6406362	69
6406363	69
6406364	68
6406368	70
6406370	70
6406371	70
6406372	69
6406400	68
6406401	68
6406402	68
6406403	68
6406404	67
6406416	68
6406424	68
6406426	68
6406427	68
6406428	67
6406432	69
6406434	69
6406435	69
6406436	68
6407168	67
6407169	69
6407170	69
6407171	69
6407172	68
6407176	69
6407184	69
6407186	71
6407187	69
6407188	70
6407192	69
6407194	69
6407195	69
6407196	68
6407200	68
6407202	70
6407203	68
6407204	69
6407680	67
6407681	69
6407682	69
6407683	67
6407684	68
6407688	69
6407696	69
6407698	71
6407699	69
6407700	70
6407704	67
6407706	67
6407707	69
6407708	66
6407712	68
6407714	70
6407715	68
6407716	69
6407808	69
6407809	69
6407810	69
6407811	69
6407812	68
6407872	69
6407873	69
6407874	69
6407875	69
6407876	68
6407888	69
6407896	69
6407898	69
6407899	69
6407900	68
6407904	70
6407906	70
6407907	70
6407908	69
6407936	68
6407937	68
6407938	68
6407939	68
6407940	67
6407952	68
6407960	68
6407962	68
6407963	68
6407964	67
6407968	69
6407970	69
6407971	69
6407972	68
6408192	68
6408193	70
6408194	70
6408195	68
6408196	69
6408200	70
6408208	70
6408210	72
6408211	70
6408212	71
6408216	68
6408218	68
6408219	70
6408220	67
6408224	69
6408226	71
6408227	69
6408228	70
6408320	70
6408321	70
6408322	70
6408323	70
6408324	69
6408384	70
6408385	70
6408386	70
6408387	70
6408388	69
6408400	70
6408408	70
6408410	70
6408411	70
6408412	69
6408416	71
6408418	71
6408419	71
6408420	70
6408448	69
6408449	69
6408450	69
6408451	69
6408452	68
6408464	69
6408472	69
6408474	69
6408475	69
6408476	68
6408480	70
6408482	70
6408483	70
6408484	69
6422528	67
6422529	69
6422530	69
6422531	69
6422532	68
6422536	69
6422544	69
6422546	71
6422547	69
6422548	70
6422552	69
6422554	69
6422555	69
6422556	68
6422560	68
6422562	70
6422563	70
6422564	69
6422592	69
6422593	71
6422594	71
6422595	71
6422596	70
6422656	69
6422657	71
6422658	71
6422659	71
6422660	70
6422672	71
6422680	71
6422682	71
6422683	71
6422684	70
6422688	70
6422690	72
6422691	70
6422692	71
6422720	69
6422721	71
6422722	71
6422723	69
6422724	70
6422736	71
6422744	69
6422746	71
6422747	71
6422748	70
6422752	70
6422754	70
6422755	70
6422756	71
6422784	68
6422785	70
6422786	70
6422787	70
6422788	69
6422800	70
6422808	70
6422810	70
6422811	70
6422812	69
6422816	69
6422818	71
6422819	71
6422820	70
6423040	69
6423041	71
6423042	71
6423043	71
6423044	70
6423048	71
6423056	71
6423058	73
6423059	71
6423060	72
6423064	71
6423066	71
6423067	71
6423068	70
6423072	70
6423074	72
6423075	70
6423076	71
6423552	69
6423553	71
6423554	71
6423555	71
6423556	70
6423560	71
6423568	71
6423570	73
6423571	71
6423572	72
6423576	71
6423578	71
6423579	71
6423580	70
6423584	70
6423586	72
6423587	70
6423588	71
6423680	71
6423681	73
6423682	73
6423683	73
6423684	72
6423744	69
6423745	71
6423746	71
6423747	69
6423748	70
6423760	71
6423768	71
6423770	73
6423771	71
6423772	72
6423776	70
6423778	72
6423779	70
6423780	71
6423808	70
6423809	72
6423810	72
6423811	72
6423812	71
6423824	72
6423832	70
6423834	72
6423835	72
6423836	71
6423840	71
6423842	73
6423843	71
6423844	72
6424064	69
6424065	71
6424066	71
6424067	69
6424068	70
6424072	71
6424080	71
6424082	73
6424083	71
6424084	72
6424088	69
6424090	69
6424091	71
6424092	68
6424096	70
6424098	72
6424099	70
6424100	71
6424192	69
6424193	71
6424194	71
6424195	71
6424196	70
6424256	69
6424257	71
6424258	71
6424259	71
6424260	70
6424272	71
6424280	71
6424282	71
6424283	71
6424284	70
6424288	70
6424290	72
6424291	70
6424292	71
6424320	70
6424321	70
6424322	70
6424323	70
6424324	69
6424336	70
6424344	70
6424346	70
6424347	70
6424348	69
6424352	71
6424354	71
6424355	71
6424356	70
6424576	68
6424577	70
6424578	70
6424579	70
6424580	69
6424584	70
6424592	70
6424594	72
6424595	70
6424596	71
6424600	70
6424602	70
6424603	70
6424604	69
6424608	69
6424610	71
6424611	69
6424612	70
6424704	70
6424705	72
6424706	72
6424707	72
6424708	71
6424768	68
6424769	70
6424770	70
6424771	68
6424772	69
6424784	70
6424792	70
6424794	72
6424795	70
6424796	71
6424800	69
6424802	71
6424803	69
6424804	70
6424832	69
6424833	71
6424834	71
6424835	71
6424836	70
6424848	71
6424856	71
6424858	71
6424859	71
6424860	70
6424864	70
6424866	72
6424867	70
6424868	71
6430720	69
6430721	71
6430722	71
6430723	71
6430724	70
6430728	71
6430736	71
6430738	73
6430739	71
6430740	72
6430744	69
6430746	71
6430747	71
6430748	70
6430752	70
6430754	72
6430755	72
6430756	71
6430784	71
6430785	73
6430786	73
6430787	73
6430788	72
6430848	71
6430849	73
6430850	73
6430851	73
6430852	72
6430864	73
6430872	71
6430874	73
6430875	73
6430876	72
6430880	72
6430882	74
6430883	72
6430884	73
6430912	71
6430913	73
6430914	73
6430915	71
6430916	72
6430928	73
6430936	71
6430938	73
6430939	73
6430940	72
6430944	72
6430946	72
6430947	72
6430948	73
6430976	70
6430977	72
6430978	72
6430979	72
6430980	71
6430992	72
6431000	70
6431002	72
6431003	72
6431004	71
6431008	71
6431010	73
6431011	73
6431012	72
6434816	67
6434817	69
6434818	69
6434819	69
6434820	68
6434824	69
6434832	69
6434834	71
6434835	69
6434836	70
6434840	69
6434842	71
6434843	69
6434844	70
6434848	68
6434850	70
6434851	68
6434852	69
6434880	69
6434881	71
6434882	71
6434883	71
6434884	70
6434944	69
6434945	71
6434946	71
6434947	69
6434948	70
6434960	71
6434968	71
6434970	71
6434971	71
6434972	70
6434976	70
6434978	72
6434979	70
6434980	71
6435008	67
6435009	69
6435010	69
6435011	67
6435012	68
6435024	69
6435032	69
6435034	71
6435035	69
6435036	70
6435040	68
6435042	70
6435043	68
6435044	69
6435072	68
6435073	70
6435074	70
6435075	70
6435076	69
6435088	70
6435096	70
6435098	72
6435099	70
6435100	71
6435104	69
6435106	71
6435107	69
6435108	70
6435840	69
6435841	71
6435842	71
6435843	71
6435844	70
6435848	71
6435856	71
6435858	73
6435859	71
6435860	72
6435864	71
6435866	71
6435867	71
6435868	70
6435872	70
6435874	72
6435875	70
6435876	71
6436352	69
6436353	71
6436354	71
6436355	71
6436356	70
6436360	71
6436368	71
6436370	73
6436371	71
6436372	72
6436376	71
6436378	71
6436379	71
6436380	70
6436384	70
6436386	72
6436387	70
6436388	71
6436480	71
6436481	73
6436482	73
6436483	73
6436484	72
6436544	69
6436545	71
6436546	71
6436547	71
6436548	70
6436560	71
6436568	71
6436570	73
6436571	71
6436572	72
6436576	70
6436578	72
6436579	70
6436580	71
6436608	70
6436609	72
6436610	72
6436611	72
6436612	71
6436624	72
6436632	70
6436634	72
6436635	72
6436636	71
6436640	71
6436642	73
6436643	71
6436644	72
6436864	68
6436865	70
6436866	70
6436867	70
6436868	69
6436872	70
6436880	70
6436882	72
6436883	70
6436884	71
6436888	70
6436890	72
6436891	70
6436892	71
6436896	69
6436898	71
6436899	69
6436900	70
6436992	70
6436993	72
6436994	72
6436995	72
6436996	71
6437056	68
6437057	70
6437058	70
6437059	68
6437060	69
6437072	70
6437080	70
6437082	72
6437083	70
6437084	71
6437088	69
6437090	71
6437091	69
6437092	70
6437120	69
6437121	71
6437122	71
6437123	71
6437124	70
6437136	71
6437144	71
6437146	73
6437147	71
6437148	72
6437152	70
6437154	72
6437155	70
6437156	71
6438912	68
6438913	70
6438914	70
6438915	70
6438916	69
6438920	70
6438928	70
6438930	72
6438931	70
6438932	71
6438936	70
6438938	70
6438939	70
6438940	69
6438944	69
6438946	71
6438947	71
6438948	70
6438976	70
6438977	72
6438978	72
6438979	72
6438980	71
6439040	70
6439041	72
6439042	72
6439043	72
6439044	71
6439056	72
6439064	70
6439066	72
6439067	72
6439068	71
6439072	71
6439074	73
6439075	71
6439076	72
6439104	70
6439105	72
6439106	72
6439107	70
6439108	71
6439120	72
6439128	70
6439130	72
6439131	72
6439132	71
6439136	71
6439138	71
6439139	71
6439140	72
6439168	69
6439169	71
6439170	71
6439171	71
6439172	70
6439184	71
6439192	69
6439194	71
6439195	71
6439196	70
6439200	70
6439202	72
6439203	72
6439204	71
6439936	70
6439937	72
6439938	72
6439939	72
6439940	71
6439944	72
6439952	72
6439954	74
6439955	72
6439956	73
6439960	72
6439962	72
6439963	72
6439964	71
6439968	71
6439970	73
6439971	71
6439972	72
6440448	68
6440449	70
6440450	70
6440451	70
6440452	69
6440456	70
6440464	70
6440466	72
6440467	70
6440468	71
6440472	68
6440474	70
6440475	70
6440476	69
6440480	69
6440482	71
6440483	71
6440484	70
6440576	70
6440577	72
6440578	72
6440579	72
6440580	71
6440640	70
6440641	72
6440642	72
6440643	72
6440644	71
6440656	72
6440664	70
6440666	72
6440667	72
6440668	71
6440672	71
6440674	73
6440675	71
6440676	72
6440704	69
6440705	71
6440706	71
6440707	71
6440708	70
6440720	71
6440728	69
6440730	71
6440731	71
6440732	70
6440736	70
6440738	72
6440739	72
6440740	71
6440960	69
6440961	71
6440962	71
6440963	71
6440964	70
6440968	71
6440976	71
6440978	73
6440979	71
6440980	72
6440984	71
6440986	71
6440987	71
6440988	70
6440992	70
6440994	72
6440995	70
6440996	71
6441088	71
6441089	73
6441090	73
6441091	73
6441092	72
6441152	69
6441153	71
6441154	71
6441155	69
6441156	70
6441168	71
6441176	71
6441178	73
6441179	71
6441180	72
6441184	70
6441186	72
6441187	70
6441188	71
6441216	70
6441217	72
6441218	72
6441219	72
6441220	71
6441232	72
6441240	70
6441242	72
6441243	72
6441244	71
6441248	71
6441250	73
6441251	71
6441252	72
6815744	66
6815745	68
6815746	68
6815747	68
6815748	67
6815752	68
6815760	68
6815762	70
6815763	68
6815764	69
6815768	68
6815770	68
6815771	68
6815772	67
6815776	67
6815778	69
6815779	69
6815780	68
6815808	68
6815809	70
6815810	70
6815811	70
6815812	69
6815872	68
6815873	70
6815874	70
6815875	70
6815876	69
6815888	70
6815896	70
6815898	70
6815899	70
6815900	69
6815904	69
6815906	71
6815907	69
6815908	70
6815936	68
6815937	70
6815938	70
6815939	68
6815940	69
6815952	70
6815960	68
6815962	70
6815963	70
6815964	69
6815968	69
6815970	69
6815971	69
6815972	70
6816000	67
6816001	69
6816002	69
6816003	69
6816004	68
6816016	69
6816024	69
6816026	69
6816027	69
6816028	68
6816032	68
6816034	70
6816035	70
6816036	69
6816256	68
6816257	70
6816258	70
6816259	70
6816260	69
6816264	70
6816272	70
6816274	72
6816275	70
6816276	71
6816280	70
6816282	70
6816283	70
6816284	69
6816288	69
6816290	71
6816291	71
6816292	70
6816768	68
6816769	70
6816770	70
6816771	70
6816772	69
6816776	70
6816784	70
6816786	72
6816787	70
6816788	71
6816792	70
6816794	70
6816795	70
6816796	69
6816800	69
6816802	71
6816803	71
6816804	70
6816896	70
6816897	72
6816898	72
6816899	72
6816900	71
6816960	68
6816961	70
6816962	70
6816963	70
6816964	69
6816976	70
6816984	70
6816986	72
6816987	70
6816988	71
6816992	69
6816994	71
6816995	71
6816996	70
6817024	69
6817025	71
6817026	71
6817027	71
6817028	70
6817040	71
6817048	69
6817050	71
6817051	71
6817052	70
6817056	70
6817058	72
6817059	70
6817060	71
6817280	68
6817281	70
6817282	70
6817283	68
6817284	69
6817288	70
6817296	70
6817298	72
6817299	70
6817300	71
6817304	68
6817306	68
6817307	70
6817308	67
6817312	69
6817314	71
6817315	69
6817316	70
6817408	68
6817409	70
6817410	70
6817411	70
6817412	69
6817472	68
6817473	70
6817474	70
6817475	70
6817476	69
6817488	70
6817496	70
6817498	70
6817499	70
6817500	69
6817504	69
6817506	71
6817507	71
6817508	70
6817536	69
6817537	69
6817538	69
6817539	69
6817540	68
6817552	69
6817560	69
6817562	69
6817563	69
6817564	68
6817568	70
6817570	70
6817571	70
6817572	69
6817792	67
6817793	69
6817794	69
6817795	69
6817796	68
6817800	69
6817808	69
6817810	71
6817811	69
6817812	70
6817816	69
6817818	69
6817819	69
6817820	68
6817824	68
6817826	70
6817827	70
6817828	69
6817920	69
6817921	71
6817922	71
6817923	71
6817924	70
6817984	69
6817985	71
6817986	71
6817987	69
6817988	70
6818000	71
6818008	69
6818010	71
6818011	71
6818012	70
6818016	70
6818018	70
6818019	70
6818020	71
6818048	68
6818049	70
6818050	70
6818051	70
6818052	69
6818064	70
6818072	70
6818074	70
6818075	70
6818076	69
6818080	69
6818082	71
6818083	71
6818084	70
6819840	68
6819841	70
6819842	70
6819843	70
6819844	69
6819848	70
6819856	70
6819858	72
6819859	70
6819860	71
6819864	70
6819866	70
6819867	70
6819868	69
6819872	69
6819874	71
6819875	71
6819876	70
6819904	70
6819905	72
6819906	72
6819907	72
6819908	71
6819968	70
6819969	72
6819970	72
6819971	72
6819972	71
6819984	72
6819992	72
6819994	72
6819995	72
6819996	71
6820000	71
6820002	73
6820003	71
6820004	72
6820032	70
6820033	72
6820034	72
6820035	70
6820036	71
6820048	72
6820056	70
6820058	72
6820059	72
6820060	71
6820064	71
6820066	71
6820067	71
6820068	72
6820096	69
6820097	71
6820098	71
6820099	71
6820100	70
6820112	71
6820120	71
6820122	71
6820123	71
6820124	70
6820128	70
6820130	72
6820131	72
6820132	71
6823936	68
6823937	70
6823938	70
6823939	70
6823940	69
6823944	70
6823952	70
6823954	72
6823955	70
6823956	71
6823960	70
6823962	70
6823963	70
6823964	69
6823968	69
6823970	71
6823971	71
6823972	70
6824000	70
6824001	72
6824002	72
6824003	72
6824004	71
6824064	70
6824065	72
6824066	72
6824067	72
6824068	71
6824080	72
6824088	72
6824090	72
6824091	72
6824092	71
6824096	71
6824098	73
6824099	71
6824100	72
6824128	70
6824129	72
6824130	72
6824131	70
6824132	71
6824144	72
6824152	70
6824154	72
6824155	72
6824156	71
6824160	71
6824162	71
6824163	71
6824164	72
6824192	69
6824193	71
6824194	71
6824195	71
6824196	70
6824208	71
6824216	71
6824218	71
6824219	71
6824220	70
6824224	70
6824226	72
6824227	72
6824228	71
6824960	70
6824961	72
6824962	72
6824963	72
6824964	71
6824968	72
6824976	72
6824978	74
6824979	72
6824980	73
6824984	72
6824986	72
6824987	72
6824988	71
6824992	71
6824994	73
6824995	71
6824996	72
6825472	70
6825473	72
6825474	72
6825475	70
6825476	71
6825480	72
6825488	72
6825490	74
6825491	72
6825492	73
6825496	70
6825498	70
6825499	72
6825500	69
6825504	71
6825506	73
6825507	71
6825508	72
6825600	70
6825601	72
6825602	72
6825603	72
6825604	71
6825664	70
6825665	72
6825666	72
6825667	72
6825668	71
6825680	72
6825688	72
6825690	72
6825691	72
6825692	71
6825696	71
6825698	73
6825699	71
6825700	72
6825728	71
6825729	71
6825730	71
6825731	71
6825732	70
6825744	71
6825752	71
6825754	71
6825755	71
6825756	70
6825760	72
6825762	72
6825763	72
6825764	71
6825984	69
6825985	71
6825986	71
6825987	71
6825988	70
6825992	71
6826000	71
6826002	73
6826003	71
6826004	72
6826008	71
6826010	71
6826011	71
6826012	70
6826016	70
6826018	72
6826019	70
6826020	71
6826112	71
6826113	73
6826114	73
6826115	73
6826116	72
6826176	69
6826177	71
6826178	71
6826179	69
6826180	70
6826192	71
6826200	71
6826202	73
6826203	71
6826204	72
6826208	70
6826210	72
6826211	70
6826212	71
6826240	70
6826241	72
6826242	72
6826243	72
6826244	71
6826256	72
6826264	72
6826266	72
6826267	72
6826268	71
6826272	71
6826274	73
6826275	71
6826276	72
6828032	68
6828033	70
6828034	70
6828035	70
6828036	69
6828040	70
6828048	70
6828050	70
6828051	70
6828052	71
6828056	70
6828058	70
6828059	70
6828060	69
6828064	69
6828066	71
6828067	69
6828068	70
6828096	70
6828097	72
6828098	72
6828099	72
6828100	71
6828160	70
6828161	72
6828162	72
6828163	70
6828164	71
6828176	72
6828184	72
6828186	72
6828187	72
6828188	71
6828192	71
6828194	73
6828195	71
6828196	72
6828224	68
6828225	70
6828226	70
6828227	68
6828228	69
6828240	70
6828248	70
6828250	72
6828251	70
6828252	71
6828256	69
6828258	69
6828259	69
6828260	70
6828288	69
6828289	71
6828290	71
6828291	71
6828292	70
6828304	71
6828312	71
6828314	71
6828315	71
6828316	70
6828320	70
6828322	72
6828323	70
6828324	71
6829056	70
6829057	72
6829058	72
6829059	70
6829060	71
6829064	72
6829072	72
6829074	72
6829075	72
6829076	73
6829080	72
6829082	72
6829083	72
6829084	71
6829088	71
6829090	71
6829091	71
6829092	72
6829568	68
6829569	70
6829570	70
6829571	70
6829572	69
6829576	70
6829584	70
6829586	72
6829587	70
6829588	71
6829592	70
6829594	70
6829595	70
6829596	69
6829600	69
6829602	71
6829603	71
6829604	70
6829696	70
6829697	72
6829698	72
6829699	72
6829700	71
6829760	70
6829761	72
6829762	72
6829763	70
6829764	71
6829776	72
6829784	70
6829786	72
6829787	72
6829788	71
6829792	71
6829794	71
6829795	71
6829796	72
6829824	69
6829825	71
6829826	71
6829827	71
6829828	70
6829840	71
6829848	71
6829850	71
6829851	71
6829852	70
6829856	70
6829858	72
6829859	72
6829860	71
6830080	69
6830081	71
6830082	71
6830083	69
6830084	70
6830088	71
6830096	71
6830098	71
6830099	71
6830100	72
6830104	71
6830106	71
6830107	71
6830108	70
6830112	70
6830114	70
6830115	70
6830116	71
6830208	69
6830209	71
6830210	71
6830211	71
6830212	70
6830272	69
6830273	71
6830274	71
6830275	69
6830276	70
6830288	71
6830296	71
6830298	71
6830299	71
6830300	72
6830304	70
6830306	70
6830307	70
6830308	71
6830336	70
6830337	72
6830338	72
6830339	70
6830340	71
6830352	72
6830360	70
6830362	72
6830363	72
6830364	71
6830368	71
6830370	71
6830371	71
6830372	72
6832128	67
6832129	69
6832130	69
6832131	69
6832132	68
6832136	69
6832144	69
6832146	71
6832147	69
6832148	70
6832152	69
6832154	69
6832155	69
6832156	68
6832160	68
6832162	70
6832163	70
6832164	69
6832192	69
6832193	71
6832194	71
6832195	71
6832196	70
6832256	69
6832257	71
6832258	71
6832259	71
6832260	70
6832272	71
6832280	71
6832282	71
6832283	71
6832284	70
6832288	70
6832290	72
6832291	70
6832292	71
6832320	69
6832321	71
6832322	71
6832323	69
6832324	70
6832336	71
6832344	69
6832346	71
6832347	71
6832348	70
6832352	70
6832354	70
6832355	70
6832356	71
6832384	68
6832385	70
6832386	70
6832387	70
6832388	69
6832400	70
6832408	70
6832410	70
6832411	70
6832412	69
6832416	69
6832418	71
6832419	71
6832420	70
6833152	69
6833153	71
6833154	71
6833155	71
6833156	70
6833160	71
6833168	71
6833170	73
6833171	71
6833172	72
6833176	71
6833178	71
6833179	71
6833180	70
6833184	70
6833186	72
6833187	70
6833188	71
6833664	69
6833665	71
6833666	71
6833667	69
6833668	70
6833672	71
6833680	71
6833682	73
6833683	71
6833684	72
6833688	69
6833690	69
6833691	71
6833692	68
6833696	70
6833698	72
6833699	70
6833700	71
6833792	69
6833793	71
6833794	71
6833795	71
6833796	70
6833856	69
6833857	71
6833858	71
6833859	71
6833860	70
6833872	71
6833880	71
6833882	71
6833883	71
6833884	70
6833888	70
6833890	72
6833891	72
6833892	71
6833920	70
6833921	70
6833922	70
6833923	70
6833924	69
6833936	70
6833944	70
6833946	70
6833947	70
6833948	69
6833952	71
6833954	71
6833955	71
6833956	70
6834176	68
6834177	70
6834178	70
6834179	70
6834180	69
6834184	70
6834192	70
6834194	72
6834195	70
6834196	71
6834200	70
6834202	70
6834203	70
6834204	69
6834208	69
6834210	71
6834211	71
6834212	70
6834304	70
6834305	72
6834306	72
6834307	72
6834308	71
6834368	70
6834369	72
6834370	72
6834371	70
6834372	71
6834384	72
6834392	70
6834394	72
6834395	72
6834396	71
6834400	71
6834402	71
6834403	71
6834404	72
6834432	69
6834433	71
6834434	71
6834435	71
6834436	70
6834448	71
6834456	71
6834458	71
6834459	71
6834460	70
6834464	70
6834466	72
6834467	72
6834468	71
7077888	66
7077889	68
7077890	68
7077891	68
7077892	67
7077896	68
7077904	68
7077906	70
7077907	68
7077908	69
7077912	68
7077914	68
7077915	68
7077916	67
7077920	67
7077922	69
7077923	69
7077924	68
7077952	68
7077953	70
7077954	70
7077955	70
7077956	69
7078016	68
7078017	70
7078018	70
7078019	70
7078020	69
7078032	70
7078040	70
7078042	70
7078043	70
7078044	69
7078048	69
7078050	71
7078051	69
7078052	70
7078080	68
7078081	70
7078082	70
7078083	68
7078084	69
7078096	70
7078104	68
7078106	70
7078107	70
7078108	69
7078112	69
7078114	69
7078115	69
7078116	70
7078144	67
7078145	69
7078146	69
7078147	69
7078148	68
7078160	69
7078168	69
7078170	69
7078171	69
7078172	68
7078176	68
7078178	70
7078179	70
7078180	69
7078400	68
7078401	70
7078402	70
7078403	70
7078404	69
7078408	70
7078416	70
7078418	72
7078419	70
7078420	71
7078424	70
7078426	70
7078427	70
7078428	69
7078432	69
7078434	71
7078435	71
7078436	70
7078912	68
7078913	70
7078914	70
7078915	70
7078916	69
7078920	70
7078928	70
7078930	72
7078931	70
7078932	71
7078936	70
7078938	70
7078939	70
7078940	69
7078944	69
7078946	71
7078947	71
7078948	70
7079040	70
7079041	72
7079042	72
7079043	72
7079044	71
7079104	68
7079105	70
7079106	70
7079107	70
7079108	69
7079120	70
7079128	70
7079130	72
7079131	70
7079132	71
7079136	69
7079138	71
7079139	71
7079140	70
7079168	69
7079169	71
7079170	71
7079171	71
7079172	70
7079184	71
7079192	69
7079194	71
7079195	71
7079196	70
7079200	70
7079202	72
7079203	70
7079204	71
7079424	68
7079425	70
7079426	70
7079427	68
7079428	69
7079432	70
7079440	70
7079442	72
7079443	70
7079444	71
7079448	68
7079450	68
7079451	70
7079452	67
7079456	69
7079458	71
7079459	69
7079460	70
7079552	68
7079553	70
7079554	70
7079555	70
7079556	69
7079616	68
7079617	70
7079618	70
7079619	70
7079620	69
7079632	70
7079640	70
7079642	70
7079643	70
7079644	69
7079648	69
7079650	71
7079651	71
7079652	70
7079680	69
7079681	69
7079682	69
7079683	69
7079684	68
7079696	69
7079704	69
7079706	69
7079707	69
7079708	68
7079712	70
7079714	70
7079715	70
7079716	69
7079936	67
7079937	69
7079938	69
7079939	69
7079940	68
7079944	69
7079952	69
7079954	71
7079955	69
7079956	70
7079960	69
7079962	69
7079963	69
7079964	68
7079968	68
7079970	70
7079971	70
7079972	69
7080064	69
7080065	71
7080066	71
7080067	71
7080068	70
7080128	69
7080129	71
7080130	71
7080131	69
7080132	70
7080144	71
7080152	69
7080154	71
7080155	71
7080156	70
7080160	70
7080162	70
7080163	70
7080164	71
7080192	68
7080193	70
7080194	70
7080195	70
7080196	69
7080208	70
7080216	70
7080218	70
7080219	70
7080220	69
7080224	69
7080226	71
7080227	71
7080228	70
7081984	68
7081985	70
7081986	70
7081987	70
7081988	69
7081992	70
7082000	70
7082002	72
7082003	70
7082004	71
7082008	70
7082010	70
7082011	70
7082012	69
7082016	69
7082018	71
7082019	71
7082020	70
7082048	70
7082049	72
7082050	72
7082051	72
7082052	71
7082112	70
7082113	72
7082114	72
7082115	72
7082116	71
7082128	72
7082136	72
7082138	72
7082139	72
7082140	71
7082144	71
7082146	73
7082147	71
7082148	72
7082176	70
7082177	72
7082178	72
7082179	70
7082180	71
7082192	72
7082200	70
7082202	72
7082203	72
7082204	71
7082208	71
7082210	71
7082211	71
7082212	72
7082240	69
7082241	71
7082242	71
7082243	71
7082244	70
7082256	71
7082264	71
7082266	71
7082267	71
7082268	70
7082272	70
7082274	72
7082275	72
7082276	71
7086080	68
7086081	70
7086082	70
7086083	70
7086084	69
7086088	70
7086096	70
7086098	72
7086099	70
7086100	71
7086104	70
7086106	70
7086107	70
7086108	69
7086112	69
7086114	71
7086115	71
7086116	70
7086144	70
7086145	72
7086146	72
7086147	72
7086148	71
7086208	70
7086209	72
7086210	72
7086211	72
7086212	71
7086224	72
7086232	72
7086234	72
7086235	72
7086236	71
7086240	71
7086242	73
7086243	71
7086244	72
7086272	70
7086273	72
7086274	72
7086275	70
7086276	71
7086288	72
7086296	70
7086298	72
7086299	72
7086300	71
7086304	71
7086306	71
7086307	71
7086308	72
7086336	69
7086337	71
7086338	71
7086339	71
7086340	70
7086352	71
7086360	71
7086362	71
7086363	71
7086364	70
7086368	70
7086370	72
7086371	72
7086372	71
7087104	70
7087105	72
7087106	72
7087107	72
7087108	71
7087112	72
7087120	72
7087122	74
7087123	72
7087124	73
7087128	72
7087130	72
7087131	72
7087132	71
7087136	71
7087138	73
7087139	71
7087140	72
7087616	70
7087617	72
7087618	72
7087619	70
7087620	71
7087624	72
7087632	72
7087634	74
7087635	72
7087636	73
7087640	70
7087642	70
7087643	72
7087644	69
7087648	71
7087650	73
7087651	71
7087652	72
7087744	70
7087745	72
7087746	72
7087747	72
7087748	71
7087808	70
7087809	72
7087810	72
7087811	72
7087812	71
7087824	72
7087832	72
7087834	72
7087835	72
7087836	71
7087840	71
7087842	73
7087843	71
7087844	72
7087872	71
7087873	71
7087874	71
7087875	71
7087876	70
7087888	71
7087896	71
7087898	71
7087899	71
7087900	70
7087904	72
7087906	72
7087907	72
7087908	71
7088128	69
7088129	71
7088130	71
7088131	71
7088132	70
7088136	71
7088144	71
7088146	73
7088147	71
7088148	72
7088152	71
7088154	71
7088155	71
7088156	70
7088160	70
7088162	72
7088163	70
7088164	71
7088256	71
7088257	73
7088258	73
7088259	73
7088260	72
7088320	69
7088321	71
7088322	71
7088323	69
7088324	70
7088336	71
7088344	71
7088346	73
7088347	71
7088348	72
7088352	70
7088354	72
7088355	70
7088356	71
7088384	70
7088385	72
7088386	72
7088387	72
7088388	71
7088400	72
7088408	72
7088410	72
7088411	72
7088412	71
7088416	71
7088418	73
7088419	71
7088420	72
7090176	68
7090177	70
7090178	70
7090179	70
7090180	69
7090184	70
7090192	70
7090194	70
7090195	70
7090196	71
7090200	70
7090202	70
7090203	70
7090204	69
7090208	69
7090210	71
7090211	69
7090212	70
7090240	70
7090241	72
7090242	72
7090243	72
7090244	71
7090304	70
7090305	72
7090306	72
7090307	70
7090308	71
7090320	72
7090328	72
7090330	72
7090331	72
7090332	71
7090336	71
7090338	73
7090339	71
7090340	72
7090368	68
7090369	70
7090370	70
7090371	68
7090372	69
7090384	70
7090392	70
7090394	72
7090395	70
7090396	71
7090400	69
7090402	69
7090403	69
7090404	70
7090432	69
7090433	71
7090434	71
7090435	71
7090436	70
7090448	71
7090456	71
7090458	71
7090459	71
7090460	70
7090464	70
7090466	72
7090467	70
7090468	71
7091200	70
7091201	72
7091202	72
7091203	70
7091204	71
7091208	72
7091216	72
7091218	72
7091219	72
7091220	73
7091224	72
7091226	72
7091227	72
7091228	71
7091232	71
7091234	71
7091235	71
7091236	72
7091712	68
7091713	70
7091714	70
7091715	70
7091716	69
7091720	70
7091728	70
7091730	72
7091731	70
7091732	71
7091736	70
7091738	70
7091739	70
7091740	69
7091744	69
7091746	71
7091747	71
7091748	70
7091840	70
7091841	72
7091842	72
7091843	72
7091844	71
7091904	70
7091905	72
7091906	72
7091907	70
7091908	71
7091920	72
7091928	70
7091930	72
7091931	72
7091932	71
7091936	71
7091938	71
7091939	71
7091940	72
7091968	69
7091969	71
7091970	71
7091971	71
7091972	70
7091984	71
7091992	71
7091994	71
7091995	71
7091996	70
7092000	70
7092002	72
7092003	72
7092004	71
7092224	69
7092225	71
7092226	71
7092227	69
7092228	70
7092232	71
7092240	71
7092242	71
7092243	71
7092244	72
7092248	71
7092250	71
7092251	71
7092252	70
7092256	70
7092258	70
7092259	70
7092260	71
7092352	69
7092353	71
7092354	71
7092355	71
7092356	70
7092416	69
7092417	71
7092418	71
7092419	69
7092420	70
7092432	71
7092440	71
7092442	71
7092443	71
7092444	72
7092448	70
7092450	70
7092451	70
7092452	71
7092480	70
7092481	72
7092482	72
7092483	70
7092484	71
7092496	72
7092504	70
7092506	72
7092507	72
7092508	71
7092512	71
7092514	71
7092515	71
7092516	72
7094272	67
7094273	69
7094274	69
7094275	69
7094276	68
7094280	69
7094288	69
7094290	71
7094291	69
7094292	70
7094296	69
7094298	69
7094299	69
7094300	68
7094304	68
7094306	70
7094307	70
7094308	69
7094336	69
7094337	71
7094338	71
7094339	71
7094340	70
7094400	69
7094401	71
7094402	71
7094403	71
7094404	70
7094416	71
7094424	71
7094426	71
7094427	71
7094428	70
7094432	70
7094434	72
7094435	70
7094436	71
7094464	69
7094465	71
7094466	71
7094467	69
7094468	70
7094480	71
7094488	69
7094490	71
7094491	71
7094492	70
7094496	70
7094498	70
7094499	70
7094500	71
7094528	68
7094529	70
7094530	70
7094531	70
7094532	69
7094544	70
7094552	70
7094554	70
7094555	70
7094556	69
7094560	69
7094562	71
7094563	71
7094564	70
7095296	69
7095297	71
7095298	71
7095299	71
7095300	70
7095304	71
7095312	71
7095314	73
7095315	71
7095316	72
7095320	71
7095322	71
7095323	71
7095324	70
7095328	70
7095330	72
7095331	70
7095332	71
7095808	69
7095809	71
7095810	71
7095811	69
7095812	70
7095816	71
7095824	71
7095826	73
7095827	71
7095828	72
7095832	69
7095834	69
7095835	71
7095836	68
7095840	70
7095842	72
7095843	70
7095844	71
7095936	69
7095937	71
7095938	71
7095939	71
7095940	70
7096000	69
7096001	71
7096002	71
7096003	71
7096004	70
7096016	71
7096024	71
7096026	71
7096027	71
7096028	70
7096032	70
7096034	72
7096035	72
7096036	71
7096064	70
7096065	70
7096066	70
7096067	70
7096068	69
7096080	70
7096088	70
7096090	70
7096091	70
7096092	69
7096096	71
7096098	71
7096099	71
7096100	70
7096320	68
7096321	70
7096322	70
7096323	70
7096324	69
7096328	70
7096336	70
7096338	72
7096339	70
7096340	71
7096344	70
7096346	70
7096347	70
7096348	69
7096352	69
7096354	71
7096355	71
7096356	70
7096448	70
7096449	72
7096450	72
7096451	72
7096452	71
7096512	70
7096513	72
7096514	72
7096515	70
7096516	71
7096528	72
7096536	70
7096538	72
7096539	72
7096540	71
7096544	71
7096546	71
7096547	71
7096548	72
7096576	69
7096577	71
7096578	71
7096579	71
7096580	70
7096592	71
7096600	71
7096602	71
7096603	71
7096604	70
7096608	70
7096610	72
7096611	72
7096612	71
7143424	68
7143425	70
7143426	70
7143427	70
7143428	69
7143432	70
7143440	70
7143442	72
7143443	70
7143444	71
7143448	70
7143450	70
7143451	70
7143452	69
7143456	69
7143458	71
7143459	71
7143460	70
7143488	70
7143489	72
7143490	72
7143491	72
7143492	71
7143552	70
7143553	72
7143554	72
7143555	72
7143556	71
7143568	72
7143576	72
7143578	72
7143579	72
7143580	71
7143584	71
7143586	73
7143587	71
7143588	72
7143616	70
7143617	72
7143618	72
7143619	70
7143620	71
7143632	72
7143640	70
7143642	72
7143643	72
7143644	71
7143648	71
7143650	71
7143651	71
7143652	72
7143680	69
7143681	71
7143682	71
7143683	71
7143684	70
7143696	71
7143704	71
7143706	71
7143707	71
7143708	70
7143712	70
7143714	72
7143715	72
7143716	71
7143936	70
7143937	72
7143938	72
7143939	72
7143940	71
7143944	72
7143952	72
7143954	74
7143955	72
7143956	73
7143960	72
7143962	72
7143963	72
7143964	71
7143968	71
7143970	73
7143971	71
7143972	72
7144448	70
7144449	72
7144450	72
7144451	72
7144452	71
7144456	72
7144464	72
7144466	74
7144467	72
7144468	73
7144472	72
7144474	72
7144475	72
7144476	71
7144480	71
7144482	73
7144483	71
7144484	72
7144576	72
7144577	74
7144578	74
7144579	74
7144580	73
7144640	70
7144641	72
7144642	72
7144643	70
7144644	71
7144656	72
7144664	72
7144666	74
7144667	72
7144668	73
7144672	71
7144674	73
7144675	71
7144676	72
7144704	71
7144705	73
7144706	73
7144707	73
7144708	72
7144720	73
7144728	71
7144730	73
7144731	73
7144732	72
7144736	72
7144738	74
7144739	72
7144740	73
7144960	70
7144961	72
7144962	72
7144963	70
7144964	71
7144968	72
7144976	72
7144978	74
7144979	72
7144980	73
7144984	70
7144986	70
7144987	72
7144988	69
7144992	71
7144994	73
7144995	71
7144996	72
7145088	70
7145089	72
7145090	72
7145091	72
7145092	71
7145152	70
7145153	72
7145154	72
7145155	72
7145156	71
7145168	72
7145176	72
7145178	72
7145179	72
7145180	71
7145184	71
7145186	73
7145187	71
7145188	72
7145216	71
7145217	71
7145218	71
7145219	71
7145220	70
7145232	71
7145240	71
7145242	71
7145243	71
7145244	70
7145248	72
7145250	72
7145251	72
7145252	71
7145472	69
7145473	71
7145474	71
7145475	71
7145476	70
7145480	71
7145488	71
7145490	73
7145491	71
7145492	72
7145496	71
7145498	71
7145499	71
7145500	70
7145504	70
7145506	72
7145507	70
7145508	71
7145600	71
7145601	73
7145602	73
7145603	73
7145604	72
7145664	69
7145665	71
7145666	71
7145667	69
7145668	70
7145680	71
7145688	71
7145690	73
7145691	71
7145692	72
7145696	70
7145698	72
7145699	70
7145700	71
7145728	70
7145729	72
7145730	72
7145731	72
7145732	71
7145744	72
7145752	72
7145754	72
7145755	72
7145756	71
7145760	71
7145762	73
7145763	71
7145764	72
7176192	68
7176193	70
7176194	70
7176195	70
7176196	69
7176200	70
7176208	70
7176210	72
7176211	70
7176212	71
7176216	70
7176218	70
7176219	70
7176220	69
7176224	69
7176226	71
7176227	69
7176228	70
7176256	70
7176257	72
7176258	72
7176259	72
7176260	71
7176320	70
7176321	72
7176322	72
7176323	70
7176324	71
7176336	72
7176344	70
7176346	72
7176347	72
7176348	71
7176352	71
7176354	73
7176355	71
7176356	72
7176384	68
7176385	70
7176386	70
7176387	68
7176388	69
7176400	70
7176408	70
7176410	72
7176411	70
7176412	71
7176416	69
7176418	71
7176419	69
7176420	70
7176448	69
7176449	71
7176450	71
7176451	71
7176452	70
7176464	71
7176472	69
7176474	71
7176475	71
7176476	70
7176480	70
7176482	72
7176483	70
7176484	71
7176704	70
7176705	72
7176706	72
7176707	72
7176708	71
7176712	72
7176720	72
7176722	74
7176723	72
7176724	73
7176728	72
7176730	72
7176731	72
7176732	71
7176736	71
7176738	73
7176739	71
7176740	72
7177216	70
7177217	72
7177218	72
7177219	70
7177220	71
7177224	72
7177232	72
7177234	74
7177235	72
7177236	73
7177240	70
7177242	70
7177243	72
7177244	69
7177248	71
7177250	73
7177251	71
7177252	72
7177344	72
7177345	74
7177346	74
7177347	74
7177348	73
7177408	70
7177409	72
7177410	72
7177411	70
7177412	71
7177424	72
7177432	72
7177434	74
7177435	72
7177436	73
7177440	71
7177442	73
7177443	71
7177444	72
7177472	71
7177473	73
7177474	73
7177475	73
7177476	72
7177488	73
7177496	71
7177498	73
7177499	73
7177500	72
7177504	72
7177506	74
7177507	72
7177508	73
7177728	68
7177729	70
7177730	70
7177731	68
7177732	69
7177736	70
7177744	70
7177746	72
7177747	70
7177748	71
7177752	68
7177754	68
7177755	70
7177756	67
7177760	69
7177762	71
7177763	69
7177764	70
7177856	70
7177857	70
7177858	70
7177859	70
7177860	69
7177920	70
7177921	72
7177922	72
7177923	72
7177924	71
7177936	72
7177944	70
7177946	72
7177947	72
7177948	71
7177952	71
7177954	73
7177955	71
7177956	72
7177984	69
7177985	69
7177986	69
7177987	69
7177988	68
7178000	69
7178008	69
7178010	69
7178011	69
7178012	68
7178016	70
7178018	70
7178019	70
7178020	69
7178240	69
7178241	71
7178242	71
7178243	71
7178244	70
7178248	71
7178256	71
7178258	73
7178259	71
7178260	72
7178264	71
7178266	71
7178267	71
7178268	70
7178272	70
7178274	72
7178275	70
7178276	71
7178368	71
7178369	73
7178370	73
7178371	73
7178372	72
7178432	69
7178433	71
7178434	71
7178435	69
7178436	70
7178448	71
7178456	71
7178458	73
7178459	71
7178460	72
7178464	70
7178466	72
7178467	70
7178468	71
7178496	70
7178497	72
7178498	72
7178499	72
7178500	71
7178512	72
7178520	70
7178522	72
7178523	72
7178524	71
7178528	71
7178530	73
7178531	71
7178532	72
7184384	68
7184385	70
7184386	70
7184387	70
7184388	69
7184392	70
7184400	70
7184402	72
7184403	70
7184404	71
7184408	70
7184410	70
7184411	70
7184412	69
7184416	69
7184418	71
7184419	71
7184420	70
7184448	70
7184449	72
7184450	72
7184451	72
7184452	71
7184512	70
7184513	72
7184514	72
7184515	72
7184516	71
7184528	72
7184536	72
7184538	72
7184539	72
7184540	71
7184544	71
7184546	73
7184547	71
7184548	72
7184576	70
7184577	72
7184578	72
7184579	70
7184580	71
7184592	72
7184600	70
7184602	72
7184603	72
7184604	71
7184608	71
7184610	71
7184611	71
7184612	72
7184640	69
7184641	71
7184642	71
7184643	71
7184644	70
7184656	71
7184664	71
7184666	71
7184667	71
7184668	70
7184672	70
7184674	72
7184675	72
7184676	71
7188480	68
7188481	70
7188482	70
7188483	70
7188484	69
7188488	70
7188496	70
7188498	72
7188499	70
7188500	71
7188504	70
7188506	70
7188507	70
7188508	69
7188512	69
7188514	71
7188515	71
7188516	70
7188544	70
7188545	72
7188546	72
7188547	72
7188548	71
7188608	70
7188609	72
7188610	72
7188611	72
7188612	71
7188624	72
7188632	72
7188634	72
7188635	72
7188636	71
7188640	71
7188642	73
7188643	71
7188644	72
7188672	70
7188673	72
7188674	72
7188675	70
7188676	71
7188688	72
7188696	70
7188698	72
7188699	72
7188700	71
7188704	71
7188706	71
7188707	71
7188708	72
7188736	69
7188737	71
7188738	71
7188739	71
7188740	70
7188752	71
7188760	71
7188762	71
7188763	71
7188764	70
7188768	70
7188770	72
7188771	72
7188772	71
7189504	70
7189505	72
7189506	72
7189507	72
7189508	71
7189512	72
7189520	72
7189522	74
7189523	72
7189524	73
7189528	72
7189530	72
7189531	72
7189532	71
7189536	71
7189538	73
7189539	71
7189540	72
7190016	70
7190017	72
7190018	72
7190019	70
7190020	71
7190024	72
7190032	72
7190034	74
7190035	72
7190036	73
7190040	70
7190042	70
7190043	72
7190044	69
7190048	71
7190050	73
7190051	71
7190052	72
7190144	70
7190145	72
7190146	72
7190147	72
7190148	71
7190208	70
7190209	72
7190210	72
7190211	72
7190212	71
7190224	72
7190232	72
7190234	72
7190235	72
7190236	71
7190240	71
7190242	73
7190243	71
7190244	72
7190272	71
7190273	71
7190274	71
7190275	71
7190276	70
7190288	71
7190296	71
7190298	71
7190299	71
7190300	70
7190304	72
7190306	72
7190307	72
7190308	71
7190528	69
7190529	71
7190530	71
7190531	71
7190532	70
7190536	71
7190544	71
7190546	73
7190547	71
7190548	72
7190552	71
7190554	71
7190555	71
7190556	70
7190560	70
7190562	72
7190563	70
7190564	71
7190656	71
7190657	73
7190658	73
7190659	73
7190660	72
7190720	69
7190721	71
7190722	71
7190723	69
7190724	70
7190736	71
7190744	71
7190746	73
7190747	71
7190748	72
7190752	70
7190754	72
7190755	70
7190756	71
7190784	70
7190785	72
7190786	72
7190787	72
7190788	71
7190800	72
7190808	72
7190810	72
7190811	72
7190812	71
7190816	71
7190818	73
7190819	71
7190820	72
7192576	69
7192577	71
7192578	71
7192579	69
7192580	70
7192584	71
7192592	71
7192594	73
7192595	71
7192596	72
7192600	69
7192602	69
7192603	71
7192604	68
7192608	70
7192610	72
7192611	70
7192612	71
7192640	71
7192641	71
7192642	71
7192643	71
7192644	70
7192704	71
7192705	71
7192706	71
7192707	71
7192708	70
7192720	71
7192728	71
7192730	71
7192731	71
7192732	70
7192736	70
7192738	72
7192739	70
7192740	71
7192768	69
7192769	71
7192770	71
7192771	69
7192772	70
7192784	71
7192792	71
7192794	71
7192795	71
7192796	70
7192800	70
7192802	72
7192803	70
7192804	71
7192832	70
7192833	70
7192834	70
7192835	70
7192836	69
7192848	70
7192856	70
7192858	70
7192859	70
7192860	69
7192864	71
7192866	71
7192867	71
7192868	70
7193600	69
7193601	71
7193602	71
7193603	71
7193604	70
7193608	71
7193616	71
7193618	73
7193619	71
7193620	72
7193624	71
7193626	71
7193627	71
7193628	70
7193632	70
7193634	72
7193635	70
7193636	71
7194112	69
7194113	71
7194114	71
7194115	69
7194116	70
7194120	71
7194128	71
7194130	73
7194131	71
7194132	72
7194136	69
7194138	69
7194139	71
7194140	68
7194144	70
7194146	72
7194147	70
7194148	71
7194240	71
7194241	71
7194242	71
7194243	71
7194244	70
7194304	71
7194305	71
7194306	71
7194307	71
7194308	70
7194320	71
7194328	71
7194330	71
7194331	71
7194332	70
7194336	72
7194338	72
7194339	72
7194340	71
7194368	70
7194369	70
7194370	70
7194371	70
7194372	69
7194384	70
7194392	70
7194394	70
7194395	70
7194396	69
7194400	71
7194402	71
7194403	71
7194404	70
7194624	70
7194625	72
7194626	72
7194627	70
7194628	71
7194632	72
7194640	72
7194642	74
7194643	72
7194644	73
7194648	70
7194650	70
7194651	72
7194652	69
7194656	71
7194658	73
7194659	71
7194660	72
7194752	70
7194753	72
7194754	72
7194755	72
7194756	71
7194816	70
7194817	72
7194818	72
7194819	70
7194820	71
7194832	72
7194840	72
7194842	72
7194843	72
7194844	71
7194848	71
7194850	73
7194851	71
7194852	72
7194880	71
7194881	71
7194882	71
7194883	71
7194884	70
7194896	71
7194904	71
7194906	71
7194907	71
7194908	70
7194912	72
7194914	72
7194915	72
7194916	71
7208960	67
7208961	69
7208962	69
7208963	69
7208964	68
7208968	69
7208976	69
7208978	71
7208979	69
7208980	70
7208984	69
7208986	69
7208987	69
7208988	68
7208992	68
7208994	70
7208995	70
7208996	69
7209024	69
7209025	71
7209026	71
7209027	71
7209028	70
7209088	69
7209089	71
7209090	71
7209091	71
7209092	70
7209104	71
7209112	71
7209114	71
7209115	71
7209116	70
7209120	70
7209122	72
7209123	70
7209124	71
7209152	69
7209153	71
7209154	71
7209155	69
7209156	70
7209168	71
7209176	69
7209178	71
7209179	71
7209180	70
7209184	70
7209186	70
7209187	70
7209188	71
7209216	68
7209217	70
7209218	70
7209219	70
7209220	69
7209232	70
7209240	70
7209242	70
7209243	70
7209244	69
7209248	69
7209250	71
7209251	71
7209252	70
7209472	69
7209473	71
7209474	71
7209475	71
7209476	70
7209480	71
7209488	71
7209490	73
7209491	71
7209492	72
7209496	71
7209498	71
7209499	71
7209500	70
7209504	70
7209506	72
7209507	70
7209508	71
7209984	69
7209985	71
7209986	71
7209987	71
7209988	70
7209992	71
7210000	71
7210002	73
7210003	71
7210004	72
7210008	71
7210010	71
7210011	71
7210012	70
7210016	70
7210018	72
7210019	70
7210020	71
7210112	71
7210113	73
7210114	73
7210115	73
7210116	72
7210176	69
7210177	71
7210178	71
7210179	69
7210180	70
7210192	71
7210200	71
7210202	73
7210203	71
7210204	72
7210208	70
7210210	72
7210211	70
7210212	71
7210240	70
7210241	72
7210242	72
7210243	72
7210244	71
7210256	72
7210264	70
7210266	72
7210267	72
7210268	71
7210272	71
7210274	73
7210275	71
7210276	72
7210496	69
7210497	71
7210498	71
7210499	69
7210500	70
7210504	71
7210512	71
7210514	73
7210515	71
7210516	72
7210520	69
7210522	69
7210523	71
7210524	68
7210528	70
7210530	72
7210531	70
7210532	71
7210624	69
7210625	71
7210626	71
7210627	71
7210628	70
7210688	69
7210689	71
7210690	71
7210691	71
7210692	70
7210704	71
7210712	71
7210714	71
7210715	71
7210716	70
7210720	70
7210722	72
7210723	70
7210724	71
7210752	70
7210753	70
7210754	70
7210755	70
7210756	69
7210768	70
7210776	70
7210778	70
7210779	70
7210780	69
7210784	71
7210786	71
7210787	71
7210788	70
7211008	68
7211009	70
7211010	70
7211011	70
7211012	69
7211016	70
7211024	70
7211026	72
7211027	70
7211028	71
7211032	70
7211034	70
7211035	70
7211036	69
7211040	69
7211042	71
7211043	69
7211044	70
7211136	70
7211137	72
7211138	72
7211139	72
7211140	71
7211200	68
7211201	70
7211202	70
7211203	68
7211204	69
7211216	70
7211224	70
7211226	72
7211227	70
7211228	71
7211232	69
7211234	71
7211235	69
7211236	70
7211264	69
7211265	71
7211266	71
7211267	71
7211268	70
7211280	71
7211288	71
7211290	71
7211291	71
7211292	70
7211296	70
7211298	72
7211299	70
7211300	71
7217152	69
7217153	71
7217154	71
7217155	71
7217156	70
7217160	71
7217168	71
7217170	73
7217171	71
7217172	72
7217176	71
7217178	71
7217179	71
7217180	70
7217184	70
7217186	72
7217187	72
7217188	71
7217216	71
7217217	73
7217218	73
7217219	73
7217220	72
7217280	71
7217281	73
7217282	73
7217283	73
7217284	72
7217296	73
7217304	73
7217306	73
7217307	73
7217308	72
7217312	72
7217314	74
7217315	72
7217316	73
7217344	71
7217345	73
7217346	73
7217347	71
7217348	72
7217360	73
7217368	71
7217370	73
7217371	73
7217372	72
7217376	72
7217378	72
7217379	72
7217380	73
7217408	70
7217409	72
7217410	72
7217411	72
7217412	71
7217424	72
7217432	72
7217434	72
7217435	72
7217436	71
7217440	71
7217442	73
7217443	73
7217444	72
7221248	67
7221249	69
7221250	69
7221251	69
7221252	68
7221256	69
7221264	69
7221266	71
7221267	69
7221268	70
7221272	69
7221274	71
7221275	69
7221276	70
7221280	68
7221282	70
7221283	68
7221284	69
7221312	69
7221313	71
7221314	71
7221315	71
7221316	70
7221376	69
7221377	71
7221378	71
7221379	69
7221380	70
7221392	71
7221400	71
7221402	71
7221403	71
7221404	70
7221408	70
7221410	72
7221411	70
7221412	71
7221440	67
7221441	69
7221442	69
7221443	67
7221444	68
7221456	69
7221464	69
7221466	71
7221467	69
7221468	70
7221472	68
7221474	70
7221475	68
7221476	69
7221504	68
7221505	70
7221506	70
7221507	70
7221508	69
7221520	70
7221528	70
7221530	72
7221531	70
7221532	71
7221536	69
7221538	71
7221539	69
7221540	70
7222272	69
7222273	71
7222274	71
7222275	71
7222276	70
7222280	71
7222288	71
7222290	73
7222291	71
7222292	72
7222296	71
7222298	71
7222299	71
7222300	70
7222304	70
7222306	72
7222307	70
7222308	71
7222784	69
7222785	71
7222786	71
7222787	71
7222788	70
7222792	71
7222800	71
7222802	73
7222803	71
7222804	72
7222808	71
7222810	71
7222811	71
7222812	70
7222816	70
7222818	72
7222819	70
7222820	71
7222912	71
7222913	73
7222914	73
7222915	73
7222916	72
7222976	69
7222977	71
7222978	71
7222979	71
7222980	70
7222992	71
7223000	71
7223002	73
7223003	71
7223004	72
7223008	70
7223010	72
7223011	70
7223012	71
7223040	70
7223041	72
7223042	72
7223043	72
7223044	71
7223056	72
7223064	72
7223066	72
7223067	72
7223068	71
7223072	71
7223074	73
7223075	71
7223076	72
7223296	68
7223297	70
7223298	70
7223299	70
7223300	69
7223304	70
7223312	70
7223314	72
7223315	70
7223316	71
7223320	70
7223322	72
7223323	70
7223324	71
7223328	69
7223330	71
7223331	69
7223332	70
7223424	70
7223425	72
7223426	72
7223427	72
7223428	71
7223488	68
7223489	70
7223490	70
7223491	68
7223492	69
7223504	70
7223512	70
7223514	72
7223515	70
7223516	71
7223520	69
7223522	71
7223523	69
7223524	70
7223552	69
7223553	71
7223554	71
7223555	71
7223556	70
7223568	71
7223576	71
7223578	73
7223579	71
7223580	72
7223584	70
7223586	72
7223587	70
7223588	71
7225344	68
7225345	70
7225346	70
7225347	70
7225348	69
7225352	70
7225360	70
7225362	72
7225363	70
7225364	71
7225368	70
7225370	70
7225371	70
7225372	69
7225376	69
7225378	71
7225379	71
7225380	70
7225408	70
7225409	72
7225410	72
7225411	72
7225412	71
7225472	70
7225473	72
7225474	72
7225475	72
7225476	71
7225488	72
7225496	72
7225498	72
7225499	72
7225500	71
7225504	71
7225506	73
7225507	71
7225508	72
7225536	70
7225537	72
7225538	72
7225539	70
7225540	71
7225552	72
7225560	70
7225562	72
7225563	72
7225564	71
7225568	71
7225570	71
7225571	71
7225572	72
7225600	69
7225601	71
7225602	71
7225603	71
7225604	70
7225616	71
7225624	71
7225626	71
7225627	71
7225628	70
7225632	70
7225634	72
7225635	72
7225636	71
7226368	70
7226369	72
7226370	72
7226371	72
7226372	71
7226376	72
7226384	72
7226386	74
7226387	72
7226388	73
7226392	72
7226394	72
7226395	72
7226396	71
7226400	71
7226402	73
7226403	71
7226404	72
7226880	70
7226881	72
7226882	72
7226883	70
7226884	71
7226888	72
7226896	72
7226898	74
7226899	72
7226900	73
7226904	70
7226906	70
7226907	72
7226908	69
7226912	71
7226914	73
7226915	71
7226916	72
7227008	70
7227009	72
7227010	72
7227011	72
7227012	71
7227072	70
7227073	72
7227074	72
7227075	72
7227076	71
7227088	72
7227096	72
7227098	72
7227099	72
7227100	71
7227104	71
7227106	73
7227107	71
7227108	72
7227136	71
7227137	71
7227138	71
7227139	71
7227140	70
7227152	71
7227160	71
7227162	71
7227163	71
7227164	70
7227168	72
7227170	72
7227171	72
7227172	71
7227392	69
7227393	71
7227394	71
7227395	71
7227396	70
7227400	71
7227408	71
7227410	73
7227411	71
7227412	72
7227416	71
7227418	71
7227419	71
7227420	70
7227424	70
7227426	72
7227427	70
7227428	71
7227520	71
7227521	73
7227522	73
7227523	73
7227524	72
7227584	69
7227585	71
7227586	71
7227587	69
7227588	70
7227600	71
7227608	71
7227610	73
7227611	71
7227612	72
7227616	70
7227618	72
7227619	70
7227620	71
7227648	70
7227649	72
7227650	72
7227651	72
7227652	71
7227664	72
7227672	72
7227674	72
7227675	72
7227676	71
7227680	71
7227682	73
7227683	71
7227684	72
7340032	67
7340033	69
7340034	69
7340035	69
7340036	68
7340040	69
7340048	69
7340050	71
7340051	69
7340052	70
7340056	69
7340058	69
7340059	69
7340060	68
7340064	68
7340066	70
7340067	68
7340068	69
7340096	69
7340097	71
7340098	71
7340099	71
7340100	70
7340160	69
7340161	71
7340162	71
7340163	69
7340164	70
7340176	71
7340184	69
7340186	71
7340187	71
7340188	70
7340192	70
7340194	72
7340195	70
7340196	71
7340224	67
7340225	69
7340226	69
7340227	67
7340228	68
7340240	69
7340248	69
7340250	71
7340251	69
7340252	70
7340256	68
7340258	70
7340259	68
7340260	69
7340288	68
7340289	70
7340290	70
7340291	70
7340292	69
7340304	70
7340312	68
7340314	70
7340315	70
7340316	69
7340320	69
7340322	71
7340323	69
7340324	70
7340544	69
7340545	71
7340546	71
7340547	71
7340548	70
7340552	71
7340560	71
7340562	73
7340563	71
7340564	72
7340568	71
7340570	71
7340571	71
7340572	70
7340576	70
7340578	72
7340579	70
7340580	71
7341056	69
7341057	71
7341058	71
7341059	69
7341060	70
7341064	71
7341072	71
7341074	73
7341075	71
7341076	72
7341080	69
7341082	69
7341083	71
7341084	68
7341088	70
7341090	72
7341091	70
7341092	71
7341184	71
7341185	73
7341186	73
7341187	73
7341188	72
7341248	69
7341249	71
7341250	71
7341251	69
7341252	70
7341264	71
7341272	71
7341274	73
7341275	71
7341276	72
7341280	70
7341282	72
7341283	70
7341284	71
7341312	70
7341313	72
7341314	72
7341315	72
7341316	71
7341328	72
7341336	70
7341338	72
7341339	72
7341340	71
7341344	71
7341346	73
7341347	71
7341348	72
7341568	67
7341569	69
7341570	69
7341571	67
7341572	68
7341576	69
7341584	69
7341586	71
7341587	69
7341588	70
7341592	67
7341594	67
7341595	69
7341596	66
7341600	68
7341602	70
7341603	68
7341604	69
7341696	69
7341697	69
7341698	69
7341699	69
7341700	68
7341760	69
7341761	71
7341762	71
7341763	71
7341764	70
7341776	71
7341784	69
7341786	71
7341787	71
7341788	70
7341792	70
7341794	72
7341795	70
7341796	71
7341824	68
7341825	68
7341826	68
7341827	68
7341828	67
7341840	68
7341848	68
7341850	68
7341851	68
7341852	67
7341856	69
7341858	69
7341859	69
7341860	68
7342080	68
7342081	70
7342082	70
7342083	70
7342084	69
7342088	70
7342096	70
7342098	72
7342099	70
7342100	71
7342104	70
7342106	70
7342107	70
7342108	69
7342112	69
7342114	71
7342115	69
7342116	70
7342208	70
7342209	72
7342210	72
7342211	72
7342212	71
7342272	68
7342273	70
7342274	70
7342275	68
7342276	69
7342288	70
7342296	70
7342298	72
7342299	70
7342300	71
7342304	69
7342306	71
7342307	69
7342308	70
7342336	69
7342337	71
7342338	71
7342339	71
7342340	70
7342352	71
7342360	69
7342362	71
7342363	71
7342364	70
7342368	70
7342370	72
7342371	70
7342372	71
7344128	69
7344129	71
7344130	71
7344131	69
7344132	70
7344136	71
7344144	71
7344146	73
7344147	71
7344148	72
7344152	69
7344154	69
7344155	71
7344156	68
7344160	70
7344162	72
7344163	70
7344164	71
7344192	71
7344193	71
7344194	71
7344195	71
7344196	70
7344256	71
7344257	71
7344258	71
7344259	71
7344260	70
7344272	71
7344280	71
7344282	71
7344283	71
7344284	70
7344288	70
7344290	72
7344291	70
7344292	71
7344320	69
7344321	71
7344322	71
7344323	69
7344324	70
7344336	71
7344344	71
7344346	71
7344347	71
7344348	70
7344352	70
7344354	72
7344355	70
7344356	71
7344384	70
7344385	70
7344386	70
7344387	70
7344388	69
7344400	70
7344408	70
7344410	70
7344411	70
7344412	69
7344416	71
7344418	71
7344419	71
7344420	70
7348224	69
7348225	71
7348226	71
7348227	69
7348228	70
7348232	71
7348240	71
7348242	73
7348243	71
7348244	72
7348248	69
7348250	69
7348251	71
7348252	68
7348256	70
7348258	72
7348259	70
7348260	71
7348288	71
7348289	71
7348290	71
7348291	71
7348292	70
7348352	71
7348353	71
7348354	71
7348355	71
7348356	70
7348368	71
7348376	71
7348378	71
7348379	71
7348380	70
7348384	70
7348386	72
7348387	70
7348388	71
7348416	69
7348417	71
7348418	71
7348419	69
7348420	70
7348432	71
7348440	71
7348442	71
7348443	71
7348444	70
7348448	70
7348450	72
7348451	70
7348452	71
7348480	70
7348481	70
7348482	70
7348483	70
7348484	69
7348496	70
7348504	70
7348506	70
7348507	70
7348508	69
7348512	71
7348514	71
7348515	71
7348516	70
7349248	69
7349249	71
7349250	71
7349251	71
7349252	70
7349256	71
7349264	71
7349266	73
7349267	71
7349268	72
7349272	71
7349274	71
7349275	71
7349276	70
7349280	70
7349282	72
7349283	70
7349284	71
7349760	69
7349761	71
7349762	71
7349763	69
7349764	70
7349768	71
7349776	71
7349778	73
7349779	71
7349780	72
7349784	69
7349786	69
7349787	71
7349788	68
7349792	70
7349794	72
7349795	70
7349796	71
7349888	71
7349889	71
7349890	71
7349891	71
7349892	70
7349952	71
7349953	71
7349954	71
7349955	71
7349956	70
7349968	71
7349976	71
7349978	71
7349979	71
7349980	70
7349984	70
7349986	72
7349987	70
7349988	71
7350016	70
7350017	70
7350018	70
7350019	70
7350020	69
7350032	70
7350040	70
7350042	70
7350043	70
7350044	69
7350048	71
7350050	71
7350051	71
7350052	70
7350272	70
7350273	70
7350274	70
7350275	70
7350276	69
7350280	70
7350288	70
7350290	72
7350291	70
7350292	71
7350296	70
7350298	70
7350299	70
7350300	69
7350304	69
7350306	71
7350307	69
7350308	70
7350400	72
7350401	72
7350402	72
7350403	72
7350404	71
7350464	68
7350465	70
7350466	70
7350467	68
7350468	69
7350480	70
7350488	70
7350490	72
7350491	70
7350492	71
7350496	69
7350498	71
7350499	69
7350500	70
7350528	71
7350529	71
7350530	71
7350531	71
7350532	70
7350544	71
7350552	71
7350554	71
7350555	71
7350556	70
7350560	70
7350562	72
7350563	70
7350564	71
7352320	67
7352321	69
7352322	69
7352323	69
7352324	68
7352328	69
7352336	69
7352338	71
7352339	69
7352340	70
7352344	69
7352346	69
7352347	69
7352348	68
7352352	68
7352354	70
7352355	68
7352356	69
7352384	69
7352385	71
7352386	71
7352387	71
7352388	70
7352448	69
7352449	71
7352450	71
7352451	69
7352452	70
7352464	71
7352472	71
7352474	71
7352475	71
7352476	70
7352480	70
7352482	72
7352483	70
7352484	71
7352512	67
7352513	69
7352514	69
7352515	67
7352516	68
7352528	69
7352536	69
7352538	71
7352539	69
7352540	70
7352544	68
7352546	70
7352547	68
7352548	69
7352576	68
7352577	70
7352578	70
7352579	70
7352580	69
7352592	70
7352600	70
7352602	70
7352603	70
7352604	69
7352608	69
7352610	71
7352611	69
7352612	70
7353344	69
7353345	71
7353346	71
7353347	71
7353348	70
7353352	71
7353360	71
7353362	73
7353363	71
7353364	72
7353368	71
7353370	71
7353371	71
7353372	70
7353376	70
7353378	72
7353379	70
7353380	71
7353856	69
7353857	71
7353858	71
7353859	69
7353860	70
7353864	71
7353872	71
7353874	73
7353875	71
7353876	72
7353880	69
7353882	69
7353883	71
7353884	68
7353888	70
7353890	72
7353891	70
7353892	71
7353984	71
7353985	71
7353986	71
7353987	71
7353988	70
7354048	69
7354049	71
7354050	71
7354051	71
7354052	70
7354064	71
7354072	71
7354074	71
7354075	71
7354076	70
7354080	70
7354082	72
7354083	70
7354084	71
7354112	70
7354113	70
7354114	70
7354115	70
7354116	69
7354128	70
7354136	70
7354138	70
7354139	70
7354140	69
7354144	71
7354146	71
7354147	71
7354148	70
7354368	68
7354369	70
7354370	70
7354371	70
7354372	69
7354376	70
7354384	70
7354386	72
7354387	70
7354388	71
7354392	70
7354394	70
7354395	70
7354396	69
7354400	69
7354402	71
7354403	69
7354404	70
7354496	70
7354497	72
7354498	72
7354499	72
7354500	71
7354560	68
7354561	70
7354562	70
7354563	68
7354564	69
7354576	70
7354584	70
7354586	72
7354587	70
7354588	71
7354592	69
7354594	71
7354595	69
7354596	70
7354624	69
7354625	71
7354626	71
7354627	71
7354628	70
7354640	71
7354648	71
7354650	71
7354651	71
7354652	70
7354656	70
7354658	72
7354659	70
7354660	71
7356416	68
7356417	70
7356418	70
7356419	68
7356420	69
7356424	70
7356432	70
7356434	72
7356435	70
7356436	71
7356440	68
7356442	68
7356443	70
7356444	67
7356448	69
7356450	71
7356451	69
7356452	70
7356480	70
7356481	70
7356482	70
7356483	70
7356484	69
7356544	70
7356545	70
7356546	70
7356547	70
7356548	69
7356560	70
7356568	70
7356570	70
7356571	70
7356572	69
7356576	69
7356578	71
7356579	69
7356580	70
7356608	68
7356609	70
7356610	70
7356611	68
7356612	69
7356624	70
7356632	70
7356634	70
7356635	70
7356636	69
7356640	69
7356642	71
7356643	69
7356644	70
7356672	69
7356673	69
7356674	69
7356675	69
7356676	68
7356688	69
7356696	69
7356698	69
7356699	69
7356700	68
7356704	70
7356706	70
7356707	70
7356708	69
7357440	68
7357441	70
7357442	70
7357443	70
7357444	69
7357448	70
7357456	70
7357458	72
7357459	70
7357460	71
7357464	70
7357466	70
7357467	70
7357468	69
7357472	69
7357474	71
7357475	69
7357476	70
7357952	68
7357953	70
7357954	70
7357955	68
7357956	69
7357960	70
7357968	70
7357970	72
7357971	70
7357972	71
7357976	68
7357978	68
7357979	70
7357980	67
7357984	69
7357986	71
7357987	69
7357988	70
7358080	70
7358081	70
7358082	70
7358083	70
7358084	69
7358144	70
7358145	70
7358146	70
7358147	70
7358148	69
7358160	70
7358168	70
7358170	70
7358171	70
7358172	69
7358176	71
7358178	71
7358179	71
7358180	70
7358208	69
7358209	69
7358210	69
7358211	69
7358212	68
7358224	69
7358232	69
7358234	69
7358235	69
7358236	68
7358240	70
7358242	70
7358243	70
7358244	69
7358464	69
7358465	71
7358466	71
7358467	69
7358468	70
7358472	71
7358480	71
7358482	73
7358483	71
7358484	72
7358488	69
7358490	69
7358491	71
7358492	68
7358496	70
7358498	72
7358499	70
7358500	71
7358592	71
7358593	71
7358594	71
7358595	71
7358596	70
7358656	69
7358657	71
7358658	71
7358659	69
7358660	70
7358672	71
7358680	71
7358682	71
7358683	71
7358684	70
7358688	70
7358690	72
7358691	70
7358692	71
7358720	70
7358721	70
7358722	70
7358723	70
7358724	69
7358736	70
7358744	70
7358746	70
7358747	70
7358748	69
7358752	71
7358754	71
7358755	71
7358756	70
7405568	67
7405569	69
7405570	69
7405571	69
7405572	68
7405576	69
7405584	69
7405586	71
7405587	69
7405588	70
7405592	69
7405594	69
7405595	69
7405596	68
7405600	68
7405602	70
7405603	70
7405604	69
7405632	69
7405633	71
7405634	71
7405635	71
7405636	70
7405696	69
7405697	71
7405698	71
7405699	71
7405700	70
7405712	71
7405720	71
7405722	71
7405723	71
7405724	70
7405728	70
7405730	72
7405731	70
7405732	71
7405760	69
7405761	71
7405762	71
7405763	69
7405764	70
7405776	71
7405784	69
7405786	71
7405787	71
7405788	70
7405792	70
7405794	70
7405795	70
7405796	71
7405824	68
7405825	70
7405826	70
7405827	70
7405828	69
7405840	70
7405848	70
7405850	70
7405851	70
7405852	69
7405856	69
7405858	71
7405859	71
7405860	70
7406080	69
7406081	71
7406082	71
7406083	71
7406084	70
7406088	71
7406096	71
7406098	73
7406099	71
7406100	72
7406104	71
7406106	71
7406107	71
7406108	70
7406112	70
7406114	72
7406115	70
7406116	71
7406592	69
7406593	71
7406594	71
7406595	71
7406596	70
7406600	71
7406608	71
7406610	73
7406611	71
7406612	72
7406616	71
7406618	71
7406619	71
7406620	70
7406624	70
7406626	72
7406627	70
7406628	71
7406720	71
7406721	73
7406722	73
7406723	73
7406724	72
7406784	71
7406785	71
7406786	71
7406787	71
7406788	70
7406800	71
7406808	71
7406810	73
7406811	71
7406812	72
7406816	72
7406818	72
7406819	72
7406820	71
7406848	70
7406849	72
7406850	72
7406851	72
7406852	71
7406864	72
7406872	70
7406874	72
7406875	72
7406876	71
7406880	71
7406882	73
7406883	71
7406884	72
7407104	69
7407105	71
7407106	71
7407107	69
7407108	70
7407112	71
7407120	71
7407122	73
7407123	71
7407124	72
7407128	69
7407130	69
7407131	71
7407132	68
7407136	70
7407138	72
7407139	70
7407140	71
7407232	69
7407233	71
7407234	71
7407235	71
7407236	70
7407296	69
7407297	71
7407298	71
7407299	71
7407300	70
7407312	71
7407320	71
7407322	71
7407323	71
7407324	70
7407328	70
7407330	72
7407331	70
7407332	71
7407360	70
7407361	70
7407362	70
7407363	70
7407364	69
7407376	70
7407384	70
7407386	70
7407387	70
7407388	69
7407392	71
7407394	71
7407395	71
7407396	70
7407616	68
7407617	70
7407618	70
7407619	70
7407620	69
7407624	70
7407632	70
7407634	72
7407635	70
7407636	71
7407640	70
7407642	70
7407643	70
7407644	69
7407648	69
7407650	71
7407651	69
7407652	70
7407744	70
7407745	72
7407746	72
7407747	72
7407748	71
7407808	70
7407809	70
7407810	70
7407811	70
7407812	69
7407824	70
7407832	70
7407834	72
7407835	70
7407836	71
7407840	71
7407842	71
7407843	71
7407844	70
7407872	69
7407873	71
7407874	71
7407875	71
7407876	70
7407888	71
7407896	71
7407898	71
7407899	71
7407900	70
7407904	70
7407906	72
7407907	70
7407908	71
7438336	67
7438337	69
7438338	69
7438339	69
7438340	68
7438344	69
7438352	69
7438354	71
7438355	69
7438356	70
7438360	69
7438362	69
7438363	69
7438364	68
7438368	68
7438370	70
7438371	68
7438372	69
7438400	69
7438401	71
7438402	71
7438403	71
7438404	70
7438464	69
7438465	71
7438466	71
7438467	69
7438468	70
7438480	71
7438488	69
7438490	71
7438491	71
7438492	70
7438496	70
7438498	72
7438499	70
7438500	71
7438528	69
7438529	69
7438530	69
7438531	69
7438532	68
7438544	69
7438552	69
7438554	71
7438555	69
7438556	70
7438560	70
7438562	70
7438563	70
7438564	69
7438592	68
7438593	70
7438594	70
7438595	70
7438596	69
7438608	70
7438616	68
7438618	70
7438619	70
7438620	69
7438624	69
7438626	71
7438627	69
7438628	70
7438848	69
7438849	71
7438850	71
7438851	71
7438852	70
7438856	71
7438864	71
7438866	73
7438867	71
7438868	72
7438872	71
7438874	71
7438875	71
7438876	70
7438880	70
7438882	72
7438883	70
7438884	71
7439360	69
7439361	71
7439362	71
7439363	69
7439364	70
7439368	71
7439376	71
7439378	73
7439379	71
7439380	72
7439384	69
7439386	69
7439387	71
7439388	68
7439392	70
7439394	72
7439395	70
7439396	71
7439488	71
7439489	73
7439490	73
7439491	73
7439492	72
7439552	69
7439553	71
7439554	71
7439555	69
7439556	70
7439568	71
7439576	71
7439578	73
7439579	71
7439580	72
7439584	70
7439586	72
7439587	70
7439588	71
7439616	70
7439617	72
7439618	72
7439619	72
7439620	71
7439632	72
7439640	70
7439642	72
7439643	72
7439644	71
7439648	71
7439650	73
7439651	71
7439652	72
7439872	67
7439873	69
7439874	69
7439875	67
7439876	68
7439880	69
7439888	69
7439890	71
7439891	69
7439892	70
7439896	67
7439898	67
7439899	69
7439900	66
7439904	68
7439906	70
7439907	68
7439908	69
7440000	69
7440001	69
7440002	69
7440003	69
7440004	68
7440064	69
7440065	71
7440066	71
7440067	71
7440068	70
7440080	71
7440088	69
7440090	71
7440091	71
7440092	70
7440096	70
7440098	72
7440099	70
7440100	71
7440128	68
7440129	68
7440130	68
7440131	68
7440132	67
7440144	68
7440152	68
7440154	68
7440155	68
7440156	67
7440160	69
7440162	69
7440163	69
7440164	68
7440384	68
7440385	70
7440386	70
7440387	70
7440388	69
7440392	70
7440400	70
7440402	72
7440403	70
7440404	71
7440408	70
7440410	70
7440411	70
7440412	69
7440416	69
7440418	71
7440419	69
7440420	70
7440512	70
7440513	72
7440514	72
7440515	72
7440516	71
7440576	70
7440577	70
7440578	70
7440579	70
7440580	69
7440592	70
7440600	70
7440602	72
7440603	70
7440604	71
7440608	71
7440610	71
7440611	71
7440612	70
7440640	69
7440641	71
7440642	71
7440643	71
7440644	70
7440656	71
7440664	69
7440666	71
7440667	71
7440668	70
7440672	70
7440674	72
7440675	70
7440676	71
7446528	69
7446529	71
7446530	71
7446531	69
7446532	70
7446536	71
7446544	71
7446546	73
7446547	71
7446548	72
7446552	69
7446554	69
7446555	71
7446556	68
7446560	70
7446562	72
7446563	70
7446564	71
7446592	71
7446593	71
7446594	71
7446595	71
7446596	70
7446656	71
7446657	71
7446658	71
7446659	71
7446660	70
7446672	71
7446680	71
7446682	71
7446683	71
7446684	70
7446688	72
7446690	72
7446691	72
7446692	71
7446720	69
7446721	71
7446722	71
7446723	69
7446724	70
7446736	71
7446744	71
7446746	71
7446747	71
7446748	70
7446752	70
7446754	72
7446755	70
7446756	71
7446784	70
7446785	70
7446786	70
7446787	70
7446788	69
7446800	70
7446808	70
7446810	70
7446811	70
7446812	69
7446816	71
7446818	71
7446819	71
7446820	70
7450624	69
7450625	71
7450626	71
7450627	69
7450628	70
7450632	71
7450640	71
7450642	73
7450643	71
7450644	72
7450648	69
7450650	69
7450651	71
7450652	68
7450656	70
7450658	72
7450659	70
7450660	71
7450688	71
7450689	71
7450690	71
7450691	71
7450692	70
7450752	71
7450753	71
7450754	71
7450755	71
7450756	70
7450768	71
7450776	71
7450778	71
7450779	71
7450780	70
7450784	70
7450786	72
7450787	70
7450788	71
7450816	69
7450817	71
7450818	71
7450819	69
7450820	70
7450832	71
7450840	71
7450842	71
7450843	71
7450844	70
7450848	70
7450850	72
7450851	70
7450852	71
7450880	70
7450881	70
7450882	70
7450883	70
7450884	69
7450896	70
7450904	70
7450906	70
7450907	70
7450908	69
7450912	71
7450914	71
7450915	71
7450916	70
7451648	69
7451649	71
7451650	71
7451651	71
7451652	70
7451656	71
7451664	71
7451666	73
7451667	71
7451668	72
7451672	71
7451674	71
7451675	71
7451676	70
7451680	70
7451682	72
7451683	70
7451684	71
7452160	69
7452161	71
7452162	71
7452163	69
7452164	70
7452168	71
7452176	71
7452178	73
7452179	71
7452180	72
7452184	69
7452186	69
7452187	71
7452188	68
7452192	70
7452194	72
7452195	70
7452196	71
7452288	71
7452289	71
7452290	71
7452291	71
7452292	70
7452352	71
7452353	71
7452354	71
7452355	71
7452356	70
7452368	71
7452376	71
7452378	71
7452379	71
7452380	70
7452384	72
7452386	72
7452387	72
7452388	71
7452416	70
7452417	70
7452418	70
7452419	70
7452420	69
7452432	70
7452440	70
7452442	70
7452443	70
7452444	69
7452448	71
7452450	71
7452451	71
7452452	70
7452672	70
7452673	72
7452674	72
7452675	70
7452676	71
7452680	72
7452688	72
7452690	74
7452691	72
7452692	73
7452696	70
7452698	70
7452699	72
7452700	69
7452704	71
7452706	73
7452707	71
7452708	72
7452800	70
7452801	72
7452802	72
7452803	72
7452804	71
7452864	70
7452865	72
7452866	72
7452867	70
7452868	71
7452880	72
7452888	72
7452890	72
7452891	72
7452892	71
7452896	71
7452898	73
7452899	71
7452900	72
7452928	71
7452929	71
7452930	71
7452931	71
7452932	70
7452944	71
7452952	71
7452954	71
7452955	71
7452956	70
7452960	72
7452962	72
7452963	72
7452964	71
7454720	68
7454721	70
7454722	70
7454723	68
7454724	69
7454728	70
7454736	70
7454738	72
7454739	70
7454740	71
7454744	68
7454746	68
7454747	70
7454748	67
7454752	69
7454754	71
7454755	69
7454756	70
7454784	70
7454785	70
7454786	70
7454787	70
7454788	69
7454848	70
7454849	70
7454850	70
7454851	70
7454852	69
7454864	70
7454872	70
7454874	70
7454875	70
7454876	69
7454880	71
7454882	71
7454883	71
7454884	70
7454912	70
7454913	70
7454914	70
7454915	70
7454916	69
7454928	70
7454936	70
7454938	70
7454939	70
7454940	69
7454944	71
7454946	71
7454947	71
7454948	70
7454976	69
7454977	69
7454978	69
7454979	69
7454980	68
7454992	69
7455000	69
7455002	69
7455003	69
7455004	68
7455008	70
7455010	70
7455011	70
7455012	69
7455744	68
7455745	70
7455746	70
7455747	70
7455748	69
7455752	70
7455760	70
7455762	72
7455763	70
7455764	71
7455768	70
7455770	70
7455771	70
7455772	69
7455776	69
7455778	71
7455779	69
7455780	70
7456256	68
7456257	70
7456258	70
7456259	68
7456260	69
7456264	70
7456272	70
7456274	72
7456275	70
7456276	71
7456280	68
7456282	68
7456283	70
7456284	67
7456288	69
7456290	71
7456291	69
7456292	70
7456384	70
7456385	70
7456386	70
7456387	70
7456388	69
7456448	70
7456449	70
7456450	70
7456451	70
7456452	69
7456464	70
7456472	70
7456474	70
7456475	70
7456476	69
7456480	71
7456482	71
7456483	71
7456484	70
7456512	69
7456513	69
7456514	69
7456515	69
7456516	68
7456528	69
7456536	69
7456538	69
7456539	69
7456540	68
7456544	70
7456546	70
7456547	70
7456548	69
7456768	69
7456769	71
7456770	71
7456771	69
7456772	70
7456776	71
7456784	71
7456786	73
7456787	71
7456788	72
7456792	69
7456794	69
7456795	71
7456796	68
7456800	70
7456802	72
7456803	70
7456804	71
7456896	71
7456897	71
7456898	71
7456899	71
7456900	70
7456960	71
7456961	71
7456962	71
7456963	71
7456964	70
7456976	71
7456984	71
7456986	71
7456987	71
7456988	70
7456992	72
7456994	72
7456995	72
7456996	71
7457024	70
7457025	70
7457026	70
7457027	70
7457028	69
7457040	70
7457048	70
7457050	70
7457051	70
7457052	69
7457056	71
7457058	71
7457059	71
7457060	70
7471104	68
7471105	70
7471106	70
7471107	70
7471108	69
7471112	70
7471120	70
7471122	72
7471123	70
7471124	71
7471128	70
7471130	70
7471131	70
7471132	69
7471136	69
7471138	71
7471139	69
7471140	70
7471168	70
7471169	72
7471170	72
7471171	72
7471172	71
7471232	70
7471233	72
7471234	72
7471235	70
7471236	71
7471248	72
7471256	70
7471258	72
7471259	72
7471260	71
7471264	71
7471266	73
7471267	71
7471268	72
7471296	68
7471297	70
7471298	70
7471299	68
7471300	69
7471312	70
7471320	70
7471322	72
7471323	70
7471324	71
7471328	69
7471330	71
7471331	69
7471332	70
7471360	69
7471361	71
7471362	71
7471363	71
7471364	70
7471376	71
7471384	69
7471386	71
7471387	71
7471388	70
7471392	70
7471394	72
7471395	70
7471396	71
7471616	70
7471617	72
7471618	72
7471619	72
7471620	71
7471624	72
7471632	72
7471634	74
7471635	72
7471636	73
7471640	72
7471642	72
7471643	72
7471644	71
7471648	71
7471650	73
7471651	71
7471652	72
7472128	70
7472129	72
7472130	72
7472131	70
7472132	71
7472136	72
7472144	72
7472146	74
7472147	72
7472148	73
7472152	70
7472154	70
7472155	72
7472156	69
7472160	71
7472162	73
7472163	71
7472164	72
7472256	72
7472257	74
7472258	74
7472259	74
7472260	73
7472320	70
7472321	72
7472322	72
7472323	70
7472324	71
7472336	72
7472344	72
7472346	74
7472347	72
7472348	73
7472352	71
7472354	73
7472355	71
7472356	72
7472384	71
7472385	73
7472386	73
7472387	73
7472388	72
7472400	73
7472408	71
7472410	73
7472411	73
7472412	72
7472416	72
7472418	74
7472419	72
7472420	73
7472640	68
7472641	70
7472642	70
7472643	68
7472644	69
7472648	70
7472656	70
7472658	72
7472659	70
7472660	71
7472664	68
7472666	68
7472667	70
7472668	67
7472672	69
7472674	71
7472675	69
7472676	70
7472768	70
7472769	70
7472770	70
7472771	70
7472772	69
7472832	70
7472833	72
7472834	72
7472835	72
7472836	71
7472848	72
7472856	70
7472858	72
7472859	72
7472860	71
7472864	71
7472866	73
7472867	71
7472868	72
7472896	69
7472897	69
7472898	69
7472899	69
7472900	68
7472912	69
7472920	69
7472922	69
7472923	69
7472924	68
7472928	70
7472930	70
7472931	70
7472932	69
7473152	69
7473153	71
7473154	71
7473155	71
7473156	70
7473160	71
7473168	71
7473170	73
7473171	71
7473172	72
7473176	71
7473178	71
7473179	71
7473180	70
7473184	70
7473186	72
7473187	70
7473188	71
7473280	71
7473281	73
7473282	73
7473283	73
7473284	72
7473344	69
7473345	71
7473346	71
7473347	69
7473348	70
7473360	71
7473368	71
7473370	73
7473371	71
7473372	72
7473376	70
7473378	72
7473379	70
7473380	71
7473408	70
7473409	72
7473410	72
7473411	72
7473412	71
7473424	72
7473432	70
7473434	72
7473435	72
7473436	71
7473440	71
7473442	73
7473443	71
7473444	72
7479296	68
7479297	70
7479298	70
7479299	70
7479300	69
7479304	70
7479312	70
7479314	72
7479315	70
7479316	71
7479320	70
7479322	70
7479323	70
7479324	69
7479328	69
7479330	71
7479331	71
7479332	70
7479360	70
7479361	72
7479362	72
7479363	72
7479364	71
7479424	70
7479425	72
7479426	72
7479427	72
7479428	71
7479440	72
7479448	72
7479450	72
7479451	72
7479452	71
7479456	71
7479458	73
7479459	71
7479460	72
7479488	70
7479489	72
7479490	72
7479491	70
7479492	71
7479504	72
7479512	70
7479514	72
7479515	72
7479516	71
7479520	71
7479522	71
7479523	71
7479524	72
7479552	69
7479553	71
7479554	71
7479555	71
7479556	70
7479568	71
7479576	71
7479578	71
7479579	71
7479580	70
7479584	70
7479586	72
7479587	72
7479588	71
7483392	68
7483393	70
7483394	70
7483395	70
7483396	69
7483400	70
7483408	70
7483410	72
7483411	70
7483412	71
7483416	70
7483418	70
7483419	70
7483420	69
7483424	69
7483426	71
7483427	69
7483428	70
7483456	70
7483457	72
7483458	72
7483459	72
7483460	71
7483520	70
7483521	72
7483522	72
7483523	70
7483524	71
7483536	72
7483544	72
7483546	72
7483547	72
7483548	71
7483552	71
7483554	73
7483555	71
7483556	72
7483584	68
7483585	70
7483586	70
7483587	68
7483588	69
7483600	70
7483608	70
7483610	72
7483611	70
7483612	71
7483616	69
7483618	71
7483619	69
7483620	70
7483648	69
7483649	71
7483650	71
7483651	71
7483652	70
7483664	71
7483672	71
7483674	71
7483675	71
7483676	70
7483680	70
7483682	72
7483683	70
7483684	71
7484416	70
7484417	72
7484418	72
7484419	72
7484420	71
7484424	72
7484432	72
7484434	74
7484435	72
7484436	73
7484440	72
7484442	72
7484443	72
7484444	71
7484448	71
7484450	73
7484451	71
7484452	72
7484928	70
7484929	72
7484930	72
7484931	70
7484932	71
7484936	72
7484944	72
7484946	74
7484947	72
7484948	73
7484952	70
7484954	70
7484955	72
7484956	69
7484960	71
7484962	73
7484963	71
7484964	72
7485056	70
7485057	72
7485058	72
7485059	72
7485060	71
7485120	70
7485121	72
7485122	72
7485123	72
7485124	71
7485136	72
7485144	72
7485146	72
7485147	72
7485148	71
7485152	71
7485154	73
7485155	71
7485156	72
7485184	71
7485185	71
7485186	71
7485187	71
7485188	70
7485200	71
7485208	71
7485210	71
7485211	71
7485212	70
7485216	72
7485218	72
7485219	72
7485220	71
7485440	69
7485441	71
7485442	71
7485443	71
7485444	70
7485448	71
7485456	71
7485458	73
7485459	71
7485460	72
7485464	71
7485466	71
7485467	71
7485468	70
7485472	70
7485474	72
7485475	70
7485476	71
7485568	71
7485569	73
7485570	73
7485571	73
7485572	72
7485632	69
7485633	71
7485634	71
7485635	69
7485636	70
7485648	71
7485656	71
7485658	73
7485659	71
7485660	72
7485664	70
7485666	72
7485667	70
7485668	71
7485696	70
7485697	72
7485698	72
7485699	72
7485700	71
7485712	72
7485720	72
7485722	72
7485723	72
7485724	71
7485728	71
7485730	73
7485731	71
7485732	72
7487488	69
7487489	71
7487490	71
7487491	69
7487492	70
7487496	71
7487504	71
7487506	73
7487507	71
7487508	72
7487512	69
7487514	69
7487515	71
7487516	68
7487520	70
7487522	72
7487523	70
7487524	71
7487552	71
7487553	71
7487554	71
7487555	71
7487556	70
7487616	71
7487617	71
7487618	71
7487619	71
7487620	70
7487632	71
7487640	71
7487642	71
7487643	71
7487644	70
7487648	70
7487650	72
7487651	70
7487652	71
7487680	69
7487681	71
7487682	71
7487683	69
7487684	70
7487696	71
7487704	71
7487706	71
7487707	71
7487708	70
7487712	70
7487714	72
7487715	70
7487716	71
7487744	70
7487745	70
7487746	70
7487747	70
7487748	69
7487760	70
7487768	70
7487770	70
7487771	70
7487772	69
7487776	71
7487778	71
7487779	71
7487780	70
7488512	69
7488513	71
7488514	71
7488515	71
7488516	70
7488520	71
7488528	71
7488530	73
7488531	71
7488532	72
7488536	71
7488538	71
7488539	71
7488540	70
7488544	70
7488546	72
7488547	70
7488548	71
7489024	69
7489025	71
7489026	71
7489027	69
7489028	70
7489032	71
7489040	71
7489042	73
7489043	71
7489044	72
7489048	69
7489050	69
7489051	71
7489052	68
7489056	70
7489058	72
7489059	70
7489060	71
7489152	71
7489153	71
7489154	71
7489155	71
7489156	70
7489216	71
7489217	71
7489218	71
7489219	71
7489220	70
7489232	71
7489240	71
7489242	71
7489243	71
7489244	70
7489248	72
7489250	72
7489251	72
7489252	71
7489280	70
7489281	70
7489282	70
7489283	70
7489284	69
7489296	70
7489304	70
7489306	70
7489307	70
7489308	69
7489312	71
7489314	71
7489315	71
7489316	70
7489536	70
7489537	72
7489538	72
7489539	70
7489540	71
7489544	72
7489552	72
7489554	74
7489555	72
7489556	73
7489560	70
7489562	70
7489563	72
7489564	69
7489568	71
7489570	73
7489571	71
7489572	72
7489664	70
7489665	72
7489666	72
7489667	72
7489668	71
7489728	70
7489729	72
7489730	72
7489731	70
7489732	71
7489744	72
7489752	72
7489754	72
7489755	72
7489756	71
7489760	71
7489762	73
7489763	71
7489764	72
7489792	71
7489793	71
7489794	71
7489795	71
7489796	70
7489808	71
7489816	71
7489818	71
7489819	71
7489820	70
7489824	72
7489826	72
7489827	72
7489828	71
8388608	65
8388609	67
8388610	67
8388611	67
8388612	66
8388616	67
8388624	67
8388626	69
8388627	67
8388628	68
8388632	67
8388634	67
8388635	67
8388636	66
8388640	66
8388642	68
8388643	68
8388644	67
8388672	67
8388673	69
8388674	69
8388675	69
8388676	68
8388736	67
8388737	69
8388738	69
8388739	69
8388740	68
8388752	69
8388760	69
8388762	69
8388763	69
8388764	68
8388768	68
8388770	70
8388771	68
8388772	69
8388800	67
8388801	69
8388802	69
8388803	67
8388804	68
8388816	69
8388824	67
8388826	69
8388827	69
8388828	68
8388832	68
8388834	68
8388835	68
8388836	69
8388864	66
8388865	68
8388866	68
8388867	68
8388868	67
8388880	68
8388888	68
8388890	68
8388891	68
8388892	67
8388896	67
8388898	69
8388899	69
8388900	68
8389120	67
8389121	69
8389122	69
8389123	69
8389124	68
8389128	69
8389136	69
8389138	71
8389139	69
8389140	70
8389144	69
8389146	69
8389147	69
8389148	68
8389152	68
8389154	70
8389155	70
8389156	69
8389632	67
8389633	69
8389634	69
8389635	69
8389636	68
8389640	69
8389648	69
8389650	71
8389651	69
8389652	70
8389656	69
8389658	69
8389659	69
8389660	68
8389664	68
8389666	70
8389667	70
8389668	69
8389760	69
8389761	71
8389762	71
8389763	71
8389764	70
8389824	67
8389825	69
8389826	69
8389827	69
8389828	68
8389840	69
8389848	69
8389850	71
8389851	69
8389852	70
8389856	68
8389858	70
8389859	70
8389860	69
8389888	68
8389889	70
8389890	70
8389891	70
8389892	69
8389904	70
8389912	68
8389914	70
8389915	70
8389916	69
8389920	69
8389922	71
8389923	69
8389924	70
8390144	67
8390145	69
8390146	69
8390147	67
8390148	68
8390152	69
8390160	69
8390162	71
8390163	69
8390164	70
8390168	67
8390170	67
8390171	69
8390172	66
8390176	68
8390178	70
8390179	68
8390180	69
8390272	67
8390273	69
8390274	69
8390275	69
8390276	68
8390336	67
8390337	69
8390338	69
8390339	69
8390340	68
8390352	69
8390360	69
8390362	69
8390363	69
8390364	68
8390368	68
8390370	70
8390371	70
8390372	69
8390400	68
8390401	68
8390402	68
8390403	68
8390404	67
8390416	68
8390424	68
8390426	68
8390427	68
8390428	67
8390432	69
8390434	69
8390435	69
8390436	68
8390656	66
8390657	68
8390658	68
8390659	68
8390660	67
8390664	68
8390672	68
8390674	70
8390675	68
8390676	69
8390680	68
8390682	68
8390683	68
8390684	67
8390688	67
8390690	69
8390691	69
8390692	68
8390784	68
8390785	70
8390786	70
8390787	70
8390788	69
8390848	68
8390849	70
8390850	70
8390851	68
8390852	69
8390864	70
8390872	68
8390874	70
8390875	70
8390876	69
8390880	69
8390882	69
8390883	69
8390884	70
8390912	67
8390913	69
8390914	69
8390915	69
8390916	68
8390928	69
8390936	69
8390938	69
8390939	69
8390940	68
8390944	68
8390946	70
8390947	70
8390948	69
8392704	67
8392705	69
8392706	69
8392707	69
8392708	68
8392712	69
8392720	69
8392722	71
8392723	69
8392724	70
8392728	69
8392730	69
8392731	69
8392732	68
8392736	68
8392738	70
8392739	70
8392740	69
8392768	69
8392769	71
8392770	71
8392771	71
8392772	70
8392832	69
8392833	71
8392834	71
8392835	71
8392836	70
8392848	71
8392856	71
8392858	71
8392859	71
8392860	70
8392864	70
8392866	72
8392867	70
8392868	71
8392896	69
8392897	71
8392898	71
8392899	69
8392900	70
8392912	71
8392920	69
8392922	71
8392923	71
8392924	70
8392928	70
8392930	70
8392931	70
8392932	71
8392960	68
8392961	70
8392962	70
8392963	70
8392964	69
8392976	70
8392984	70
8392986	70
8392987	70
8392988	69
8392992	69
8392994	71
8392995	71
8392996	70
8396800	67
8396801	69
8396802	69
8396803	69
8396804	68
8396808	69
8396816	69
8396818	71
8396819	69
8396820	70
8396824	69
8396826	69
8396827	69
8396828	68
8396832	68
8396834	70
8396835	70
8396836	69
8396864	69
8396865	71
8396866	71
8396867	71
8396868	70
8396928	69
8396929	71
8396930	71
8396931	71
8396932	70
8396944	71
8396952	71
8396954	71
8396955	71
8396956	70
8396960	70
8396962	72
8396963	70
8396964	71
8396992	69
8396993	71
8396994	71
8396995	69
8396996	70
8397008	71
8397016	69
8397018	71
8397019	71
8397020	70
8397024	70
8397026	70
8397027	70
8397028	71
8397056	68
8397057	70
8397058	70
8397059	70
8397060	69
8397072	70
8397080	70
8397082	70
8397083	70
8397084	69
8397088	69
8397090	71
8397091	71
8397092	70
8397824	69
8397825	71
8397826	71
8397827	71
8397828	70
8397832	71
8397840	71
8397842	73
8397843	71
8397844	72
8397848	71
8397850	71
8397851	71
8397852	70
8397856	70
8397858	72
8397859	70
8397860	71
8398336	69
8398337	71
8398338	71
8398339	69
8398340	70
8398344	71
8398352	71
8398354	73
8398355	71
8398356	72
8398360	69
8398362	69
8398363	71
8398364	68
8398368	70
8398370	72
8398371	70
8398372	71
8398464	69
8398465	71
8398466	71
8398467	71
8398468	70
8398528	69
8398529	71
8398530	71
8398531	71
8398532	70
8398544	71
8398552	71
8398554	71
8398555	71
8398556	70
8398560	70
8398562	72
8398563	70
8398564	71
8398592	70
8398593	70
8398594	70
8398595	70
8398596	69
8398608	70
8398616	70
8398618	70
8398619	70
8398620	69
8398624	71
8398626	71
8398627	71
8398628	70
8398848	68
8398849	70
8398850	70
8398851	70
8398852	69
8398856	70
8398864	70
8398866	72
8398867	70
8398868	71
8398872	70
8398874	70
8398875	70
8398876	69
8398880	69
8398882	71
8398883	69
8398884	70
8398976	70
8398977	72
8398978	72
8398979	72
8398980	71
8399040	68
8399041	70
8399042	70
8399043	68
8399044	69
8399056	70
8399064	70
8399066	72
8399067	70
8399068	71
8399072	69
8399074	71
8399075	69
8399076	70
8399104	69
8399105	71
8399106	71
8399107	71
8399108	70
8399120	71
8399128	71
8399130	71
8399131	71
8399132	70
8399136	70
8399138	72
8399139	70
8399140	71
8400896	67
8400897	69
8400898	69
8400899	69
8400900	68
8400904	69
8400912	69
8400914	69
8400915	69
8400916	70
8400920	69
8400922	69
8400923	69
8400924	68
8400928	68
8400930	70
8400931	68
8400932	69
8400960	69
8400961	71
8400962	71
8400963	71
8400964	70
8401024	69
8401025	71
8401026	71
8401027	69
8401028	70
8401040	71
8401048	71
8401050	71
8401051	71
8401052	70
8401056	70
8401058	72
8401059	70
8401060	71
8401088	67
8401089	69
8401090	69
8401091	67
8401092	68
8401104	69
8401112	69
8401114	71
8401115	69
8401116	70
8401120	68
8401122	68
8401123	68
8401124	69
8401152	68
8401153	70
8401154	70
8401155	70
8401156	69
8401168	70
8401176	70
8401178	70
8401179	70
8401180	69
8401184	69
8401186	71
8401187	69
8401188	70
8401920	69
8401921	71
8401922	71
8401923	69
8401924	70
8401928	71
8401936	71
8401938	71
8401939	71
8401940	72
8401944	71
8401946	71
8401947	71
8401948	70
8401952	70
8401954	70
8401955	70
8401956	71
8402432	67
8402433	69
8402434	69
8402435	69
8402436	68
8402440	69
8402448	69
8402450	71
8402451	69
8402452	70
8402456	69
8402458	69
8402459	69
8402460	68
8402464	68
8402466	70
8402467	70
8402468	69
8402560	69
8402561	71
8402562	71
8402563	71
8402564	70
8402624	69
8402625	71
8402626	71
8402627	69
8402628	70
8402640	71
8402648	69
8402650	71
8402651	71
8402652	70
8402656	70
8402658	70
8402659	70
8402660	71
8402688	68
8402689	70
8402690	70
8402691	70
8402692	69
8402704	70
8402712	70
8402714	70
8402715	70
8402716	69
8402720	69
8402722	71
8402723	71
8402724	70
8402944	68
8402945	70
8402946	70
8402947	68
8402948	69
8402952	70
8402960	70
8402962	70
8402963	70
8402964	71
8402968	70
8402970	70
8402971	70
8402972	69
8402976	69
8402978	69
8402979	69
8402980	70
8403072	68
8403073	70
8403074	70
8403075	70
8403076	69
8403136	68
8403137	70
8403138	70
8403139	68
8403140	69
8403152	70
8403160	70
8403162	70
8403163	70
8403164	71
8403168	69
8403170	69
8403171	69
8403172	70
8403200	69
8403201	71
8403202	71
8403203	69
8403204	70
8403216	71
8403224	69
8403226	71
8403227	71
8403228	70
8403232	70
8403234	70
8403235	70
8403236	71
8404992	66
8404993	68
8404994	68
8404995	68
8404996	67
8405000	68
8405008	68
8405010	70
8405011	68
8405012	69
8405016	68
8405018	68
8405019	68
8405020	67
8405024	67
8405026	69
8405027	69
8405028	68
8405056	68
8405057	70
8405058	70
8405059	70
8405060	69
8405120	68
8405121	70
8405122	70
8405123	70
8405124	69
8405136	70
8405144	70
8405146	70
8405147	70
8405148	69
8405152	69
8405154	71
8405155	69
8405156	70
8405184	68
8405185	70
8405186	70
8405187	68
8405188	69
8405200	70
8405208	68
8405210	70
8405211	70
8405212	69
8405216	69
8405218	69
8405219	69
8405220	70
8405248	67
8405249	69
8405250	69
8405251	69
8405252	68
8405264	69
8405272	69
8405274	69
8405275	69
8405276	68
8405280	68
8405282	70
8405283	70
8405284	69
8406016	68
8406017	70
8406018	70
8406019	70
8406020	69
8406024	70
8406032	70
8406034	72
8406035	70
8406036	71
8406040	70
8406042	70
8406043	70
8406044	69
8406048	69
8406050	71
8406051	69
8406052	70
8406528	68
8406529	70
8406530	70
8406531	68
8406532	69
8406536	70
8406544	70
8406546	72
8406547	70
8406548	71
8406552	68
8406554	68
8406555	70
8406556	67
8406560	69
8406562	71
8406563	69
8406564	70
8406656	68
8406657	70
8406658	70
8406659	70
8406660	69
8406720	68
8406721	70
8406722	70
8406723	70
8406724	69
8406736	70
8406744	70
8406746	70
8406747	70
8406748	69
8406752	69
8406754	71
8406755	71
8406756	70
8406784	69
8406785	69
8406786	69
8406787	69
8406788	68
8406800	69
8406808	69
8406810	69
8406811	69
8406812	68
8406816	70
8406818	70
8406819	70
8406820	69
8407040	67
8407041	69
8407042	69
8407043	69
8407044	68
8407048	69
8407056	69
8407058	71
8407059	69
8407060	70
8407064	69
8407066	69
8407067	69
8407068	68
8407072	68
8407074	70
8407075	70
8407076	69
8407168	69
8407169	71
8407170	71
8407171	71
8407172	70
8407232	69
8407233	71
8407234	71
8407235	69
8407236	70
8407248	71
8407256	69
8407258	71
8407259	71
8407260	70
8407264	70
8407266	70
8407267	70
8407268	71
8407296	68
8407297	70
8407298	70
8407299	70
8407300	69
8407312	70
8407320	70
8407322	70
8407323	70
8407324	69
8407328	69
8407330	71
8407331	71
8407332	70
8421376	67
8421377	69
8421378	69
8421379	69
8421380	68
8421384	69
8421392	69
8421394	71
8421395	69
8421396	70
8421400	69
8421402	69
8421403	69
8421404	68
8421408	68
8421410	70
8421411	70
8421412	69
8421440	69
8421441	71
8421442	71
8421443	71
8421444	70
8421504	69
8421505	71
8421506	71
8421507	71
8421508	70
8421520	71
8421528	71
8421530	71
8421531	71
8421532	70
8421536	70
8421538	72
8421539	70
8421540	71
8421568	69
8421569	71
8421570	71
8421571	69
8421572	70
8421584	71
8421592	69
8421594	71
8421595	71
8421596	70
8421600	70
8421602	70
8421603	70
8421604	71
8421632	68
8421633	70
8421634	70
8421635	70
8421636	69
8421648	70
8421656	70
8421658	70
8421659	70
8421660	69
8421664	69
8421666	71
8421667	71
8421668	70
8421888	69
8421889	71
8421890	71
8421891	71
8421892	70
8421896	71
8421904	71
8421906	73
8421907	71
8421908	72
8421912	71
8421914	71
8421915	71
8421916	70
8421920	70
8421922	72
8421923	70
8421924	71
8422400	69
8422401	71
8422402	71
8422403	71
8422404	70
8422408	71
8422416	71
8422418	73
8422419	71
8422420	72
8422424	71
8422426	71
8422427	71
8422428	70
8422432	70
8422434	72
8422435	70
8422436	71
8422528	71
8422529	73
8422530	73
8422531	73
8422532	72
8422592	69
8422593	71
8422594	71
8422595	69
8422596	70
8422608	71
8422616	71
8422618	73
8422619	71
8422620	72
8422624	70
8422626	72
8422627	70
8422628	71
8422656	70
8422657	72
8422658	72
8422659	72
8422660	71
8422672	72
8422680	70
8422682	72
8422683	72
8422684	71
8422688	71
8422690	73
8422691	71
8422692	72
8422912	69
8422913	71
8422914	71
8422915	69
8422916	70
8422920	71
8422928	71
8422930	73
8422931	71
8422932	72
8422936	69
8422938	69
8422939	71
8422940	68
8422944	70
8422946	72
8422947	70
8422948	71
8423040	69
8423041	71
8423042	71
8423043	71
8423044	70
8423104	69
8423105	71
8423106	71
8423107	71
8423108	70
8423120	71
8423128	71
8423130	71
8423131	71
8423132	70
8423136	70
8423138	72
8423139	70
8423140	71
8423168	70
8423169	70
8423170	70
8423171	70
8423172	69
8423184	70
8423192	70
8423194	70
8423195	70
8423196	69
8423200	71
8423202	71
8423203	71
8423204	70
8423424	68
8423425	70
8423426	70
8423427	70
8423428	69
8423432	70
8423440	70
8423442	72
8423443	70
8423444	71
8423448	70
8423450	70
8423451	70
8423452	69
8423456	69
8423458	71
8423459	69
8423460	70
8423552	70
8423553	72
8423554	72
8423555	72
8423556	71
8423616	68
8423617	70
8423618	70
8423619	68
8423620	69
8423632	70
8423640	70
8423642	72
8423643	70
8423644	71
8423648	69
8423650	71
8423651	69
8423652	70
8423680	69
8423681	71
8423682	71
8423683	71
8423684	70
8423696	71
8423704	71
8423706	71
8423707	71
8423708	70
8423712	70
8423714	72
8423715	70
8423716	71
8454144	67
8454145	69
8454146	69
8454147	69
8454148	68
8454152	69
8454160	69
8454162	71
8454163	69
8454164	70
8454168	69
8454170	69
8454171	69
8454172	68
8454176	68
8454178	70
8454179	70
8454180	69
8454208	69
8454209	71
8454210	71
8454211	71
8454212	70
8454272	69
8454273	71
8454274	71
8454275	71
8454276	70
8454288	71
8454296	71
8454298	71
8454299	71
8454300	70
8454304	70
8454306	72
8454307	70
8454308	71
8454336	69
8454337	71
8454338	71
8454339	69
8454340	70
8454352	71
8454360	69
8454362	71
8454363	71
8454364	70
8454368	70
8454370	70
8454371	70
8454372	71
8454400	68
8454401	70
8454402	70
8454403	70
8454404	69
8454416	70
8454424	70
8454426	70
8454427	70
8454428	69
8454432	69
8454434	71
8454435	71
8454436	70
8454656	69
8454657	71
8454658	71
8454659	71
8454660	70
8454664	71
8454672	71
8454674	73
8454675	71
8454676	72
8454680	71
8454682	71
8454683	71
8454684	70
8454688	70
8454690	72
8454691	70
8454692	71
8455168	69
8455169	71
8455170	71
8455171	71
8455172	70
8455176	71
8455184	71
8455186	73
8455187	71
8455188	72
8455192	71
8455194	71
8455195	71
8455196	70
8455200	70
8455202	72
8455203	70
8455204	71
8455296	71
8455297	73
8455298	73
8455299	73
8455300	72
8455360	69
8455361	71
8455362	71
8455363	69
8455364	70
8455376	71
8455384	71
8455386	73
8455387	71
8455388	72
8455392	70
8455394	72
8455395	70
8455396	71
8455424	70
8455425	72
8455426	72
8455427	72
8455428	71
8455440	72
8455448	70
8455450	72
8455451	72
8455452	71
8455456	71
8455458	73
8455459	71
8455460	72
8455680	69
8455681	71
8455682	71
8455683	69
8455684	70
8455688	71
8455696	71
8455698	73
8455699	71
8455700	72
8455704	69
8455706	69
8455707	71
8455708	68
8455712	70
8455714	72
8455715	70
8455716	71
8455808	69
8455809	71
8455810	71
8455811	71
8455812	70
8455872	69
8455873	71
8455874	71
8455875	71
8455876	70
8455888	71
8455896	71
8455898	71
8455899	71
8455900	70
8455904	70
8455906	72
8455907	70
8455908	71
8455936	70
8455937	70
8455938	70
8455939	70
8455940	69
8455952	70
8455960	70
8455962	70
8455963	70
8455964	69
8455968	71
8455970	71
8455971	71
8455972	70
8456192	68
8456193	70
8456194	70
8456195	70
8456196	69
8456200	70
8456208	70
8456210	72
8456211	70
8456212	71
8456216	70
8456218	70
8456219	70
8456220	69
8456224	69
8456226	71
8456227	69
8456228	70
8456320	70
8456321	72
8456322	72
8456323	72
8456324	71
8456384	68
8456385	70
8456386	70
8456387	68
8456388	69
8456400	70
8456408	70
8456410	72
8456411	70
8456412	71
8456416	69
8456418	71
8456419	69
8456420	70
8456448	69
8456449	71
8456450	71
8456451	71
8456452	70
8456464	71
8456472	71
8456474	71
8456475	71
8456476	70
8456480	70
8456482	72
8456483	70
8456484	71
8462336	69
8462337	71
8462338	71
8462339	71
8462340	70
8462344	71
8462352	71
8462354	73
8462355	71
8462356	72
8462360	69
8462362	71
8462363	71
8462364	70
8462368	70
8462370	72
8462371	72
8462372	71
8462400	71
8462401	73
8462402	73
8462403	73
8462404	72
8462464	71
8462465	73
8462466	73
8462467	73
8462468	72
8462480	73
8462488	71
8462490	73
8462491	73
8462492	72
8462496	72
8462498	74
8462499	72
8462500	73
8462528	71
8462529	73
8462530	73
8462531	71
8462532	72
8462544	73
8462552	71
8462554	73
8462555	73
8462556	72
8462560	72
8462562	72
8462563	72
8462564	73
8462592	70
8462593	72
8462594	72
8462595	72
8462596	71
8462608	72
8462616	70
8462618	72
8462619	72
8462620	71
8462624	71
8462626	73
8462627	73
8462628	72
8466432	67
8466433	69
8466434	69
8466435	69
8466436	68
8466440	69
8466448	69
8466450	71
8466451	69
8466452	70
8466456	69
8466458	71
8466459	69
8466460	70
8466464	68
8466466	70
8466467	68
8466468	69
8466496	69
8466497	71
8466498	71
8466499	71
8466500	70
8466560	69
8466561	71
8466562	71
8466563	69
8466564	70
8466576	71
8466584	71
8466586	71
8466587	71
8466588	70
8466592	70
8466594	72
8466595	70
8466596	71
8466624	67
8466625	69
8466626	69
8466627	67
8466628	68
8466640	69
8466648	69
8466650	71
8466651	69
8466652	70
8466656	68
8466658	70
8466659	68
8466660	69
8466688	68
8466689	70
8466690	70
8466691	70
8466692	69
8466704	70
8466712	70
8466714	72
8466715	70
8466716	71
8466720	69
8466722	71
8466723	69
8466724	70
8467456	69
8467457	71
8467458	71
8467459	71
8467460	70
8467464	71
8467472	71
8467474	73
8467475	71
8467476	72
8467480	71
8467482	71
8467483	71
8467484	70
8467488	70
8467490	72
8467491	70
8467492	71
8467968	69
8467969	71
8467970	71
8467971	71
8467972	70
8467976	71
8467984	71
8467986	73
8467987	71
8467988	72
8467992	71
8467994	71
8467995	71
8467996	70
8468000	70
8468002	72
8468003	70
8468004	71
8468096	71
8468097	73
8468098	73
8468099	73
8468100	72
8468160	69
8468161	71
8468162	71
8468163	71
8468164	70
8468176	71
8468184	71
8468186	73
8468187	71
8468188	72
8468192	70
8468194	72
8468195	70
8468196	71
8468224	70
8468225	72
8468226	72
8468227	72
8468228	71
8468240	72
8468248	70
8468250	72
8468251	72
8468252	71
8468256	71
8468258	73
8468259	71
8468260	72
8468480	68
8468481	70
8468482	70
8468483	70
8468484	69
8468488	70
8468496	70
8468498	72
8468499	70
8468500	71
8468504	70
8468506	72
8468507	70
8468508	71
8468512	69
8468514	71
8468515	69
8468516	70
8468608	70
8468609	72
8468610	72
8468611	72
8468612	71
8468672	68
8468673	70
8468674	70
8468675	68
8468676	69
8468688	70
8468696	70
8468698	72
8468699	70
8468700	71
8468704	69
8468706	71
8468707	69
8468708	70
8468736	69
8468737	71
8468738	71
8468739	71
8468740	70
8468752	71
8468760	71
8468762	73
8468763	71
8468764	72
8468768	70
8468770	72
8468771	70
8468772	71
8470528	68
8470529	70
8470530	70
8470531	70
8470532	69
8470536	70
8470544	70
8470546	72
8470547	70
8470548	71
8470552	70
8470554	70
8470555	70
8470556	69
8470560	69
8470562	71
8470563	71
8470564	70
8470592	70
8470593	72
8470594	72
8470595	72
8470596	71
8470656	70
8470657	72
8470658	72
8470659	72
8470660	71
8470672	72
8470680	70
8470682	72
8470683	72
8470684	71
8470688	71
8470690	73
8470691	71
8470692	72
8470720	70
8470721	72
8470722	72
8470723	70
8470724	71
8470736	72
8470744	70
8470746	72
8470747	72
8470748	71
8470752	71
8470754	71
8470755	71
8470756	72
8470784	69
8470785	71
8470786	71
8470787	71
8470788	70
8470800	71
8470808	69
8470810	71
8470811	71
8470812	70
8470816	70
8470818	72
8470819	72
8470820	71
8471552	70
8471553	72
8471554	72
8471555	72
8471556	71
8471560	72
8471568	72
8471570	74
8471571	72
8471572	73
8471576	72
8471578	72
8471579	72
8471580	71
8471584	71
8471586	73
8471587	71
8471588	72
8472064	68
8472065	70
8472066	70
8472067	70
8472068	69
8472072	70
8472080	70
8472082	72
8472083	70
8472084	71
8472088	68
8472090	70
8472091	70
8472092	69
8472096	69
8472098	71
8472099	71
8472100	70
8472192	70
8472193	72
8472194	72
8472195	72
8472196	71
8472256	70
8472257	72
8472258	72
8472259	72
8472260	71
8472272	72
8472280	70
8472282	72
8472283	72
8472284	71
8472288	71
8472290	73
8472291	71
8472292	72
8472320	69
8472321	71
8472322	71
8472323	71
8472324	70
8472336	71
8472344	69
8472346	71
8472347	71
8472348	70
8472352	70
8472354	72
8472355	72
8472356	71
8472576	69
8472577	71
8472578	71
8472579	71
8472580	70
8472584	71
8472592	71
8472594	73
8472595	71
8472596	72
8472600	71
8472602	71
8472603	71
8472604	70
8472608	70
8472610	72
8472611	70
8472612	71
8472704	71
8472705	73
8472706	73
8472707	73
8472708	72
8472768	69
8472769	71
8472770	71
8472771	69
8472772	70
8472784	71
8472792	71
8472794	73
8472795	71
8472796	72
8472800	70
8472802	72
8472803	70
8472804	71
8472832	70
8472833	72
8472834	72
8472835	72
8472836	71
8472848	72
8472856	70
8472858	72
8472859	72
8472860	71
8472864	71
8472866	73
8472867	71
8472868	72
8486912	67
8486913	69
8486914	69
8486915	69
8486916	68
8486920	69
8486928	69
8486930	71
8486931	69
8486932	70
8486936	69
8486938	69
8486939	69
8486940	68
8486944	68
8486946	70
8486947	68
8486948	69
8486976	69
8486977	71
8486978	71
8486979	71
8486980	70
8487040	69
8487041	71
8487042	71
8487043	69
8487044	70
8487056	71
8487064	69
8487066	71
8487067	71
8487068	70
8487072	70
8487074	72
8487075	70
8487076	71
8487104	67
8487105	69
8487106	69
8487107	67
8487108	68
8487120	69
8487128	69
8487130	71
8487131	69
8487132	70
8487136	68
8487138	70
8487139	68
8487140	69
8487168	68
8487169	70
8487170	70
8487171	70
8487172	69
8487184	70
8487192	68
8487194	70
8487195	70
8487196	69
8487200	69
8487202	71
8487203	69
8487204	70
8487424	69
8487425	71
8487426	71
8487427	71
8487428	70
8487432	71
8487440	71
8487442	73
8487443	71
8487444	72
8487448	71
8487450	71
8487451	71
8487452	70
8487456	70
8487458	72
8487459	70
8487460	71
8487936	69
8487937	71
8487938	71
8487939	69
8487940	70
8487944	71
8487952	71
8487954	73
8487955	71
8487956	72
8487960	69
8487962	69
8487963	71
8487964	68
8487968	70
8487970	72
8487971	70
8487972	71
8488064	71
8488065	73
8488066	73
8488067	73
8488068	72
8488128	69
8488129	71
8488130	71
8488131	69
8488132	70
8488144	71
8488152	71
8488154	73
8488155	71
8488156	72
8488160	70
8488162	72
8488163	70
8488164	71
8488192	70
8488193	72
8488194	72
8488195	72
8488196	71
8488208	72
8488216	70
8488218	72
8488219	72
8488220	71
8488224	71
8488226	73
8488227	71
8488228	72
8488448	67
8488449	69
8488450	69
8488451	67
8488452	68
8488456	69
8488464	69
8488466	71
8488467	69
8488468	70
8488472	67
8488474	67
8488475	69
8488476	66
8488480	68
8488482	70
8488483	68
8488484	69
8488576	69
8488577	69
8488578	69
8488579	69
8488580	68
8488640	69
8488641	71
8488642	71
8488643	71
8488644	70
8488656	71
8488664	69
8488666	71
8488667	71
8488668	70
8488672	70
8488674	72
8488675	70
8488676	71
8488704	68
8488705	68
8488706	68
8488707	68
8488708	67
8488720	68
8488728	68
8488730	68
8488731	68
8488732	67
8488736	69
8488738	69
8488739	69
8488740	68
8488960	68
8488961	70
8488962	70
8488963	70
8488964	69
8488968	70
8488976	70
8488978	72
8488979	70
8488980	71
8488984	70
8488986	70
8488987	70
8488988	69
8488992	69
8488994	71
8488995	69
8488996	70
8489088	70
8489089	72
8489090	72
8489091	72
8489092	71
8489152	68
8489153	70
8489154	70
8489155	68
8489156	69
8489168	70
8489176	70
8489178	72
8489179	70
8489180	71
8489184	69
8489186	71
8489187	69
8489188	70
8489216	69
8489217	71
8489218	71
8489219	71
8489220	70
8489232	71
8489240	69
8489242	71
8489243	71
8489244	70
8489248	70
8489250	72
8489251	70
8489252	71
8495104	67
8495105	69
8495106	69
8495107	69
8495108	68
8495112	69
8495120	69
8495122	71
8495123	69
8495124	70
8495128	69
8495130	69
8495131	69
8495132	68
8495136	68
8495138	70
8495139	70
8495140	69
8495168	69
8495169	71
8495170	71
8495171	71
8495172	70
8495232	69
8495233	71
8495234	71
8495235	71
8495236	70
8495248	71
8495256	71
8495258	71
8495259	71
8495260	70
8495264	70
8495266	72
8495267	70
8495268	71
8495296	69
8495297	71
8495298	71
8495299	69
8495300	70
8495312	71
8495320	69
8495322	71
8495323	71
8495324	70
8495328	70
8495330	70
8495331	70
8495332	71
8495360	68
8495361	70
8495362	70
8495363	70
8495364	69
8495376	70
8495384	70
8495386	70
8495387	70
8495388	69
8495392	69
8495394	71
8495395	71
8495396	70
8499200	67
8499201	69
8499202	69
8499203	69
8499204	68
8499208	69
8499216	69
8499218	71
8499219	69
8499220	70
8499224	69
8499226	69
8499227	69
8499228	68
8499232	68
8499234	70
8499235	70
8499236	69
8499264	69
8499265	71
8499266	71
8499267	71
8499268	70
8499328	69
8499329	71
8499330	71
8499331	71
8499332	70
8499344	71
8499352	71
8499354	71
8499355	71
8499356	70
8499360	70
8499362	72
8499363	70
8499364	71
8499392	69
8499393	71
8499394	71
8499395	69
8499396	70
8499408	71
8499416	69
8499418	71
8499419	71
8499420	70
8499424	70
8499426	70
8499427	70
8499428	71
8499456	68
8499457	70
8499458	70
8499459	70
8499460	69
8499472	70
8499480	70
8499482	70
8499483	70
8499484	69
8499488	69
8499490	71
8499491	71
8499492	70
8500224	69
8500225	71
8500226	71
8500227	71
8500228	70
8500232	71
8500240	71
8500242	73
8500243	71
8500244	72
8500248	71
8500250	71
8500251	71
8500252	70
8500256	70
8500258	72
8500259	70
8500260	71
8500736	69
8500737	71
8500738	71
8500739	69
8500740	70
8500744	71
8500752	71
8500754	73
8500755	71
8500756	72
8500760	69
8500762	69
8500763	71
8500764	68
8500768	70
8500770	72
8500771	70
8500772	71
8500864	69
8500865	71
8500866	71
8500867	71
8500868	70
8500928	69
8500929	71
8500930	71
8500931	71
8500932	70
8500944	71
8500952	71
8500954	71
8500955	71
8500956	70
8500960	70
8500962	72
8500963	70
8500964	71
8500992	70
8500993	70
8500994	70
8500995	70
8500996	69
8501008	70
8501016	70
8501018	70
8501019	70
8501020	69
8501024	71
8501026	71
8501027	71
8501028	70
8501248	68
8501249	70
8501250	70
8501251	70
8501252	69
8501256	70
8501264	70
8501266	72
8501267	70
8501268	71
8501272	70
8501274	70
8501275	70
8501276	69
8501280	69
8501282	71
8501283	69
8501284	70
8501376	70
8501377	72
8501378	72
8501379	72
8501380	71
8501440	68
8501441	70
8501442	70
8501443	68
8501444	69
8501456	70
8501464	70
8501466	72
8501467	70
8501468	71
8501472	69
8501474	71
8501475	69
8501476	70
8501504	69
8501505	71
8501506	71
8501507	71
8501508	70
8501520	71
8501528	71
8501530	71
8501531	71
8501532	70
8501536	70
8501538	72
8501539	70
8501540	71
8503296	68
8503297	70
8503298	70
8503299	68
8503300	69
8503304	70
8503312	70
8503314	72
8503315	70
8503316	71
8503320	68
8503322	68
8503323	70
8503324	67
8503328	69
8503330	71
8503331	69
8503332	70
8503360	70
8503361	70
8503362	70
8503363	70
8503364	69
8503424	70
8503425	70
8503426	70
8503427	70
8503428	69
8503440	70
8503448	70
8503450	70
8503451	70
8503452	69
8503456	69
8503458	71
8503459	69
8503460	70
8503488	68
8503489	70
8503490	70
8503491	68
8503492	69
8503504	70
8503512	70
8503514	70
8503515	70
8503516	69
8503520	69
8503522	71
8503523	69
8503524	70
8503552	69
8503553	69
8503554	69
8503555	69
8503556	68
8503568	69
8503576	69
8503578	69
8503579	69
8503580	68
8503584	70
8503586	70
8503587	70
8503588	69
8504320	68
8504321	70
8504322	70
8504323	70
8504324	69
8504328	70
8504336	70
8504338	72
8504339	70
8504340	71
8504344	70
8504346	70
8504347	70
8504348	69
8504352	69
8504354	71
8504355	69
8504356	70
8504832	68
8504833	70
8504834	70
8504835	68
8504836	69
8504840	70
8504848	70
8504850	72
8504851	70
8504852	71
8504856	68
8504858	68
8504859	70
8504860	67
8504864	69
8504866	71
8504867	69
8504868	70
8504960	70
8504961	70
8504962	70
8504963	70
8504964	69
8505024	70
8505025	70
8505026	70
8505027	70
8505028	69
8505040	70
8505048	70
8505050	70
8505051	70
8505052	69
8505056	71
8505058	71
8505059	71
8505060	70
8505088	69
8505089	69
8505090	69
8505091	69
8505092	68
8505104	69
8505112	69
8505114	69
8505115	69
8505116	68
8505120	70
8505122	70
8505123	70
8505124	69
8505344	69
8505345	71
8505346	71
8505347	69
8505348	70
8505352	71
8505360	71
8505362	73
8505363	71
8505364	72
8505368	69
8505370	69
8505371	71
8505372	68
8505376	70
8505378	72
8505379	70
8505380	71
8505472	69
8505473	71
8505474	71
8505475	71
8505476	70
8505536	69
8505537	71
8505538	71
8505539	69
8505540	70
8505552	71
8505560	71
8505562	71
8505563	71
8505564	70
8505568	70
8505570	72
8505571	70
8505572	71
8505600	70
8505601	70
8505602	70
8505603	70
8505604	69
8505616	70
8505624	70
8505626	70
8505627	70
8505628	69
8505632	71
8505634	71
8505635	71
8505636	70
8519680	66
8519681	68
8519682	68
8519683	68
8519684	67
8519688	68
8519696	68
8519698	70
8519699	68
8519700	69
8519704	68
8519706	68
8519707	68
8519708	67
8519712	67
8519714	69
8519715	69
8519716	68
8519744	68
8519745	70
8519746	70
8519747	70
8519748	69
8519808	68
8519809	70
8519810	70
8519811	70
8519812	69
8519824	70
8519832	70
8519834	70
8519835	70
8519836	69
8519840	69
8519842	71
8519843	69
8519844	70
8519872	68
8519873	70
8519874	70
8519875	68
8519876	69
8519888	70
8519896	68
8519898	70
8519899	70
8519900	69
8519904	69
8519906	69
8519907	69
8519908	70
8519936	67
8519937	69
8519938	69
8519939	69
8519940	68
8519952	69
8519960	69
8519962	69
8519963	69
8519964	68
8519968	68
8519970	70
8519971	70
8519972	69
8520192	68
8520193	70
8520194	70
8520195	70
8520196	69
8520200	70
8520208	70
8520210	72
8520211	70
8520212	71
8520216	70
8520218	70
8520219	70
8520220	69
8520224	69
8520226	71
8520227	69
8520228	70
8520704	68
8520705	70
8520706	70
8520707	70
8520708	69
8520712	70
8520720	70
8520722	72
8520723	70
8520724	71
8520728	70
8520730	70
8520731	70
8520732	69
8520736	69
8520738	71
8520739	69
8520740	70
8520832	70
8520833	72
8520834	72
8520835	72
8520836	71
8520896	68
8520897	70
8520898	70
8520899	68
8520900	69
8520912	70
8520920	70
8520922	72
8520923	70
8520924	71
8520928	69
8520930	71
8520931	69
8520932	70
8520960	69
8520961	71
8520962	71
8520963	71
8520964	70
8520976	71
8520984	69
8520986	71
8520987	71
8520988	70
8520992	70
8520994	72
8520995	70
8520996	71
8521216	68
8521217	70
8521218	70
8521219	68
8521220	69
8521224	70
8521232	70
8521234	72
8521235	70
8521236	71
8521240	68
8521242	68
8521243	70
8521244	67
8521248	69
8521250	71
8521251	69
8521252	70
8521344	68
8521345	70
8521346	70
8521347	70
8521348	69
8521408	68
8521409	70
8521410	70
8521411	70
8521412	69
8521424	70
8521432	70
8521434	70
8521435	70
8521436	69
8521440	69
8521442	71
8521443	69
8521444	70
8521472	69
8521473	69
8521474	69
8521475	69
8521476	68
8521488	69
8521496	69
8521498	69
8521499	69
8521500	68
8521504	70
8521506	70
8521507	70
8521508	69
8521728	67
8521729	69
8521730	69
8521731	69
8521732	68
8521736	69
8521744	69
8521746	71
8521747	69
8521748	70
8521752	69
8521754	69
8521755	69
8521756	68
8521760	68
8521762	70
8521763	68
8521764	69
8521856	69
8521857	71
8521858	71
8521859	71
8521860	70
8521920	67
8521921	69
8521922	69
8521923	67
8521924	68
8521936	69
8521944	69
8521946	71
8521947	69
8521948	70
8521952	68
8521954	70
8521955	68
8521956	69
8521984	68
8521985	70
8521986	70
8521987	70
8521988	69
8522000	70
8522008	70
8522010	70
8522011	70
8522012	69
8522016	69
8522018	71
8522019	69
8522020	70
8527872	68
8527873	70
8527874	70
8527875	70
8527876	69
8527880	70
8527888	70
8527890	72
8527891	70
8527892	71
8527896	70
8527898	70
8527899	70
8527900	69
8527904	69
8527906	71
8527907	71
8527908	70
8527936	70
8527937	72
8527938	72
8527939	72
8527940	71
8528000	70
8528001	72
8528002	72
8528003	72
8528004	71
8528016	72
8528024	72
8528026	72
8528027	72
8528028	71
8528032	71
8528034	73
8528035	71
8528036	72
8528064	70
8528065	72
8528066	72
8528067	70
8528068	71
8528080	72
8528088	70
8528090	72
8528091	72
8528092	71
8528096	71
8528098	71
8528099	71
8528100	72
8528128	69
8528129	71
8528130	71
8528131	71
8528132	70
8528144	71
8528152	71
8528154	71
8528155	71
8528156	70
8528160	70
8528162	72
8528163	72
8528164	71
8531968	66
8531969	68
8531970	68
8531971	68
8531972	67
8531976	68
8531984	68
8531986	70
8531987	68
8531988	69
8531992	68
8531994	70
8531995	68
8531996	69
8532000	67
8532002	69
8532003	67
8532004	68
8532032	68
8532033	70
8532034	70
8532035	70
8532036	69
8532096	68
8532097	70
8532098	70
8532099	68
8532100	69
8532112	70
8532120	70
8532122	70
8532123	70
8532124	69
8532128	69
8532130	71
8532131	69
8532132	70
8532160	66
8532161	68
8532162	68
8532163	66
8532164	67
8532176	68
8532184	68
8532186	70
8532187	68
8532188	69
8532192	67
8532194	69
8532195	67
8532196	68
8532224	67
8532225	69
8532226	69
8532227	69
8532228	68
8532240	69
8532248	69
8532250	71
8532251	69
8532252	70
8532256	68
8532258	70
8532259	68
8532260	69
8532992	68
8532993	70
8532994	70
8532995	70
8532996	69
8533000	70
8533008	70
8533010	72
8533011	70
8533012	71
8533016	70
8533018	70
8533019	70
8533020	69
8533024	69
8533026	71
8533027	69
8533028	70
8533504	68
8533505	70
8533506	70
8533507	70
8533508	69
8533512	70
8533520	70
8533522	72
8533523	70
8533524	71
8533528	70
8533530	70
8533531	70
8533532	69
8533536	69
8533538	71
8533539	69
8533540	70
8533632	70
8533633	72
8533634	72
8533635	72
8533636	71
8533696	68
8533697	70
8533698	70
8533699	70
8533700	69
8533712	70
8533720	70
8533722	72
8533723	70
8533724	71
8533728	69
8533730	71
8533731	69
8533732	70
8533760	69
8533761	71
8533762	71
8533763	71
8533764	70
8533776	71
8533784	71
8533786	71
8533787	71
8533788	70
8533792	70
8533794	72
8533795	70
8533796	71
8534016	67
8534017	69
8534018	69
8534019	69
8534020	68
8534024	69
8534032	69
8534034	71
8534035	69
8534036	70
8534040	69
8534042	71
8534043	69
8534044	70
8534048	68
8534050	70
8534051	68
8534052	69
8534144	69
8534145	71
8534146	71
8534147	71
8534148	70
8534208	67
8534209	69
8534210	69
8534211	67
8534212	68
8534224	69
8534232	69
8534234	71
8534235	69
8534236	70
8534240	68
8534242	70
8534243	68
8534244	69
8534272	68
8534273	70
8534274	70
8534275	70
8534276	69
8534288	70
8534296	70
8534298	72
8534299	70
8534300	71
8534304	69
8534306	71
8534307	69
8534308	70
8536064	67
8536065	69
8536066	69
8536067	69
8536068	68
8536072	69
8536080	69
8536082	71
8536083	69
8536084	70
8536088	69
8536090	69
8536091	69
8536092	68
8536096	68
8536098	70
8536099	70
8536100	69
8536128	69
8536129	71
8536130	71
8536131	71
8536132	70
8536192	69
8536193	71
8536194	71
8536195	71
8536196	70
8536208	71
8536216	71
8536218	71
8536219	71
8536220	70
8536224	70
8536226	72
8536227	70
8536228	71
8536256	69
8536257	71
8536258	71
8536259	69
8536260	70
8536272	71
8536280	69
8536282	71
8536283	71
8536284	70
8536288	70
8536290	70
8536291	70
8536292	71
8536320	68
8536321	70
8536322	70
8536323	70
8536324	69
8536336	70
8536344	70
8536346	70
8536347	70
8536348	69
8536352	69
8536354	71
8536355	71
8536356	70
8537088	69
8537089	71
8537090	71
8537091	71
8537092	70
8537096	71
8537104	71
8537106	73
8537107	71
8537108	72
8537112	71
8537114	71
8537115	71
8537116	70
8537120	70
8537122	72
8537123	70
8537124	71
8537600	69
8537601	71
8537602	71
8537603	69
8537604	70
8537608	71
8537616	71
8537618	73
8537619	71
8537620	72
8537624	69
8537626	69
8537627	71
8537628	68
8537632	70
8537634	72
8537635	70
8537636	71
8537728	69
8537729	71
8537730	71
8537731	71
8537732	70
8537792	69
8537793	71
8537794	71
8537795	71
8537796	70
8537808	71
8537816	71
8537818	71
8537819	71
8537820	70
8537824	70
8537826	72
8537827	70
8537828	71
8537856	70
8537857	70
8537858	70
8537859	70
8537860	69
8537872	70
8537880	70
8537882	70
8537883	70
8537884	69
8537888	71
8537890	71
8537891	71
8537892	70
8538112	68
8538113	70
8538114	70
8538115	70
8538116	69
8538120	70
8538128	70
8538130	72
8538131	70
8538132	71
8538136	70
8538138	70
8538139	70
8538140	69
8538144	69
8538146	71
8538147	69
8538148	70
8538240	70
8538241	72
8538242	72
8538243	72
8538244	71
8538304	68
8538305	70
8538306	70
8538307	68
8538308	69
8538320	70
8538328	70
8538330	72
8538331	70
8538332	71
8538336	69
8538338	71
8538339	69
8538340	70
8538368	69
8538369	71
8538370	71
8538371	71
8538372	70
8538384	71
8538392	71
8538394	71
8538395	71
8538396	70
8538400	70
8538402	72
8538403	70
8538404	71
8912896	67
8912897	69
8912898	69
8912899	69
8912900	68
8912904	69
8912912	69
8912914	71
8912915	69
8912916	70
8912920	69
8912922	69
8912923	69
8912924	68
8912928	68
8912930	70
8912931	70
8912932	69
8912960	69
8912961	71
8912962	71
8912963	71
8912964	70
8913024	69
8913025	71
8913026	71
8913027	71
8913028	70
8913040	71
8913048	71
8913050	71
8913051	71
8913052	70
8913056	70
8913058	72
8913059	70
8913060	71
8913088	69
8913089	71
8913090	71
8913091	69
8913092	70
8913104	71
8913112	69
8913114	71
8913115	71
8913116	70
8913120	70
8913122	70
8913123	70
8913124	71
8913152	68
8913153	70
8913154	70
8913155	70
8913156	69
8913168	70
8913176	70
8913178	70
8913179	70
8913180	69
8913184	69
8913186	71
8913187	71
8913188	70
8913408	69
8913409	71
8913410	71
8913411	71
8913412	70
8913416	71
8913424	71
8913426	73
8913427	71
8913428	72
8913432	71
8913434	71
8913435	71
8913436	70
8913440	70
8913442	72
8913443	72
8913444	71
8913920	69
8913921	71
8913922	71
8913923	71
8913924	70
8913928	71
8913936	71
8913938	73
8913939	71
8913940	72
8913944	71
8913946	71
8913947	71
8913948	70
8913952	70
8913954	72
8913955	72
8913956	71
8914048	71
8914049	73
8914050	73
8914051	73
8914052	72
8914112	69
8914113	71
8914114	71
8914115	71
8914116	70
8914128	71
8914136	71
8914138	73
8914139	71
8914140	72
8914144	70
8914146	72
8914147	72
8914148	71
8914176	70
8914177	72
8914178	72
8914179	72
8914180	71
8914192	72
8914200	70
8914202	72
8914203	72
8914204	71
8914208	71
8914210	73
8914211	71
8914212	72
8914432	69
8914433	71
8914434	71
8914435	69
8914436	70
8914440	71
8914448	71
8914450	73
8914451	71
8914452	72
8914456	69
8914458	69
8914459	71
8914460	68
8914464	70
8914466	72
8914467	70
8914468	71
8914560	69
8914561	71
8914562	71
8914563	71
8914564	70
8914624	69
8914625	71
8914626	71
8914627	71
8914628	70
8914640	71
8914648	71
8914650	71
8914651	71
8914652	70
8914656	70
8914658	72
8914659	72
8914660	71
8914688	70
8914689	70
8914690	70
8914691	70
8914692	69
8914704	70
8914712	70
8914714	70
8914715	70
8914716	69
8914720	71
8914722	71
8914723	71
8914724	70
8914944	68
8914945	70
8914946	70
8914947	70
8914948	69
8914952	70
8914960	70
8914962	72
8914963	70
8914964	71
8914968	70
8914970	70
8914971	70
8914972	69
8914976	69
8914978	71
8914979	71
8914980	70
8915072	70
8915073	72
8915074	72
8915075	72
8915076	71
8915136	70
8915137	72
8915138	72
8915139	70
8915140	71
8915152	72
8915160	70
8915162	72
8915163	72
8915164	71
8915168	71
8915170	71
8915171	71
8915172	72
8915200	69
8915201	71
8915202	71
8915203	71
8915204	70
8915216	71
8915224	71
8915226	71
8915227	71
8915228	70
8915232	70
8915234	72
8915235	72
8915236	71
8916992	69
8916993	71
8916994	71
8916995	71
8916996	70
8917000	71
8917008	71
8917010	73
8917011	71
8917012	72
8917016	71
8917018	71
8917019	71
8917020	70
8917024	70
8917026	72
8917027	72
8917028	71
8917056	71
8917057	73
8917058	73
8917059	73
8917060	72
8917120	71
8917121	73
8917122	73
8917123	73
8917124	72
8917136	73
8917144	73
8917146	73
8917147	73
8917148	72
8917152	72
8917154	74
8917155	72
8917156	73
8917184	71
8917185	73
8917186	73
8917187	71
8917188	72
8917200	73
8917208	71
8917210	73
8917211	73
8917212	72
8917216	72
8917218	72
8917219	72
8917220	73
8917248	70
8917249	72
8917250	72
8917251	72
8917252	71
8917264	72
8917272	72
8917274	72
8917275	72
8917276	71
8917280	71
8917282	73
8917283	73
8917284	72
8921088	69
8921089	71
8921090	71
8921091	71
8921092	70
8921096	71
8921104	71
8921106	73
8921107	71
8921108	72
8921112	71
8921114	71
8921115	71
8921116	70
8921120	70
8921122	72
8921123	72
8921124	71
8921152	71
8921153	73
8921154	73
8921155	73
8921156	72
8921216	71
8921217	73
8921218	73
8921219	73
8921220	72
8921232	73
8921240	73
8921242	73
8921243	73
8921244	72
8921248	72
8921250	74
8921251	72
8921252	73
8921280	71
8921281	73
8921282	73
8921283	71
8921284	72
8921296	73
8921304	71
8921306	73
8921307	73
8921308	72
8921312	72
8921314	72
8921315	72
8921316	73
8921344	70
8921345	72
8921346	72
8921347	72
8921348	71
8921360	72
8921368	72
8921370	72
8921371	72
8921372	71
8921376	71
8921378	73
8921379	73
8921380	72
8922112	71
8922113	73
8922114	73
8922115	73
8922116	72
8922120	73
8922128	73
8922130	75
8922131	73
8922132	74
8922136	73
8922138	73
8922139	73
8922140	72
8922144	72
8922146	74
8922147	72
8922148	73
8922624	71
8922625	73
8922626	73
8922627	71
8922628	72
8922632	73
8922640	73
8922642	75
8922643	73
8922644	74
8922648	71
8922650	71
8922651	73
8922652	70
8922656	72
8922658	74
8922659	72
8922660	73
8922752	71
8922753	73
8922754	73
8922755	73
8922756	72
8922816	71
8922817	73
8922818	73
8922819	73
8922820	72
8922832	73
8922840	73
8922842	73
8922843	73
8922844	72
8922848	72
8922850	74
8922851	72
8922852	73
8922880	72
8922881	72
8922882	72
8922883	72
8922884	71
8922896	72
8922904	72
8922906	72
8922907	72
8922908	71
8922912	73
8922914	73
8922915	73
8922916	72
8923136	70
8923137	72
8923138	72
8923139	72
8923140	71
8923144	72
8923152	72
8923154	74
8923155	72
8923156	73
8923160	72
8923162	72
8923163	72
8923164	71
8923168	71
8923170	73
8923171	71
8923172	72
8923264	72
8923265	74
8923266	74
8923267	74
8923268	73
8923328	70
8923329	72
8923330	72
8923331	70
8923332	71
8923344	72
8923352	72
8923354	74
8923355	72
8923356	73
8923360	71
8923362	73
8923363	71
8923364	72
8923392	71
8923393	73
8923394	73
8923395	73
8923396	72
8923408	73
8923416	73
8923418	73
8923419	73
8923420	72
8923424	72
8923426	74
8923427	72
8923428	73
8925184	69
8925185	71
8925186	71
8925187	71
8925188	70
8925192	71
8925200	71
8925202	71
8925203	71
8925204	72
8925208	71
8925210	71
8925211	71
8925212	70
8925216	70
8925218	72
8925219	70
8925220	71
8925248	71
8925249	73
8925250	73
8925251	73
8925252	72
8925312	71
8925313	73
8925314	73
8925315	71
8925316	72
8925328	73
8925336	73
8925338	73
8925339	73
8925340	72
8925344	72
8925346	74
8925347	72
8925348	73
8925376	69
8925377	71
8925378	71
8925379	69
8925380	70
8925392	71
8925400	71
8925402	73
8925403	71
8925404	72
8925408	70
8925410	70
8925411	70
8925412	71
8925440	70
8925441	72
8925442	72
8925443	72
8925444	71
8925456	72
8925464	72
8925466	72
8925467	72
8925468	71
8925472	71
8925474	73
8925475	71
8925476	72
8926208	71
8926209	73
8926210	73
8926211	71
8926212	72
8926216	73
8926224	73
8926226	73
8926227	73
8926228	74
8926232	73
8926234	73
8926235	73
8926236	72
8926240	72
8926242	72
8926243	72
8926244	73
8926720	69
8926721	71
8926722	71
8926723	71
8926724	70
8926728	71
8926736	71
8926738	73
8926739	71
8926740	72
8926744	71
8926746	71
8926747	71
8926748	70
8926752	70
8926754	72
8926755	72
8926756	71
8926848	71
8926849	73
8926850	73
8926851	73
8926852	72
8926912	71
8926913	73
8926914	73
8926915	71
8926916	72
8926928	73
8926936	71
8926938	73
8926939	73
8926940	72
8926944	72
8926946	72
8926947	72
8926948	73
8926976	70
8926977	72
8926978	72
8926979	72
8926980	71
8926992	72
8927000	72
8927002	72
8927003	72
8927004	71
8927008	71
8927010	73
8927011	73
8927012	72
8927232	70
8927233	72
8927234	72
8927235	70
8927236	71
8927240	72
8927248	72
8927250	72
8927251	72
8927252	73
8927256	72
8927258	72
8927259	72
8927260	71
8927264	71
8927266	71
8927267	71
8927268	72
8927360	70
8927361	72
8927362	72
8927363	72
8927364	71
8927424	70
8927425	72
8927426	72
8927427	70
8927428	71
8927440	72
8927448	72
8927450	72
8927451	72
8927452	73
8927456	71
8927458	71
8927459	71
8927460	72
8927488	71
8927489	73
8927490	73
8927491	71
8927492	72
8927504	73
8927512	71
8927514	73
8927515	73
8927516	72
8927520	72
8927522	72
8927523	72
8927524	73
8929280	68
8929281	70
8929282	70
8929283	70
8929284	69
8929288	70
8929296	70
8929298	72
8929299	70
8929300	71
8929304	70
8929306	70
8929307	70
8929308	69
8929312	69
8929314	71
8929315	71
8929316	70
8929344	70
8929345	72
8929346	72
8929347	72
8929348	71
8929408	70
8929409	72
8929410	72
8929411	72
8929412	71
8929424	72
8929432	72
8929434	72
8929435	72
8929436	71
8929440	71
8929442	73
8929443	71
8929444	72
8929472	70
8929473	72
8929474	72
8929475	70
8929476	71
8929488	72
8929496	70
8929498	72
8929499	72
8929500	71
8929504	71
8929506	71
8929507	71
8929508	72
8929536	69
8929537	71
8929538	71
8929539	71
8929540	70
8929552	71
8929560	71
8929562	71
8929563	71
8929564	70
8929568	70
8929570	72
8929571	72
8929572	71
8930304	70
8930305	72
8930306	72
8930307	72
8930308	71
8930312	72
8930320	72
8930322	74
8930323	72
8930324	73
8930328	72
8930330	72
8930331	72
8930332	71
8930336	71
8930338	73
8930339	71
8930340	72
8930816	70
8930817	72
8930818	72
8930819	70
8930820	71
8930824	72
8930832	72
8930834	74
8930835	72
8930836	73
8930840	70
8930842	70
8930843	72
8930844	69
8930848	71
8930850	73
8930851	71
8930852	72
8930944	70
8930945	72
8930946	72
8930947	72
8930948	71
8931008	70
8931009	72
8931010	72
8931011	72
8931012	71
8931024	72
8931032	72
8931034	72
8931035	72
8931036	71
8931040	71
8931042	73
8931043	73
8931044	72
8931072	71
8931073	71
8931074	71
8931075	71
8931076	70
8931088	71
8931096	71
8931098	71
8931099	71
8931100	70
8931104	72
8931106	72
8931107	72
8931108	71
8931328	69
8931329	71
8931330	71
8931331	71
8931332	70
8931336	71
8931344	71
8931346	73
8931347	71
8931348	72
8931352	71
8931354	71
8931355	71
8931356	70
8931360	70
8931362	72
8931363	72
8931364	71
8931456	71
8931457	73
8931458	73
8931459	73
8931460	72
8931520	71
8931521	73
8931522	73
8931523	71
8931524	72
8931536	73
8931544	71
8931546	73
8931547	73
8931548	72
8931552	72
8931554	72
8931555	72
8931556	73
8931584	70
8931585	72
8931586	72
8931587	72
8931588	71
8931600	72
8931608	72
8931610	72
8931611	72
8931612	71
8931616	71
8931618	73
8931619	73
8931620	72
9175040	65
9175041	67
9175042	67
9175043	67
9175044	66
9175048	67
9175056	67
9175058	69
9175059	67
9175060	68
9175064	67
9175066	69
9175067	67
9175068	68
9175072	66
9175074	68
9175075	68
9175076	67
9175104	67
9175105	69
9175106	69
9175107	69
9175108	68
9175168	67
9175169	69
9175170	69
9175171	69
9175172	68
9175184	69
9175192	69
9175194	69
9175195	69
9175196	68
9175200	68
9175202	70
9175203	68
9175204	69
9175232	67
9175233	69
9175234	69
9175235	67
9175236	68
9175248	69
9175256	67
9175258	69
9175259	69
9175260	68
9175264	68
9175266	68
9175267	68
9175268	69
9175296	66
9175297	68
9175298	68
9175299	68
9175300	67
9175312	68
9175320	68
9175322	70
9175323	68
9175324	69
9175328	67
9175330	69
9175331	69
9175332	68
9175552	67
9175553	69
9175554	69
9175555	69
9175556	68
9175560	69
9175568	69
9175570	71
9175571	69
9175572	70
9175576	69
9175578	71
9175579	69
9175580	70
9175584	68
9175586	70
9175587	68
9175588	69
9176064	67
9176065	69
9176066	69
9176067	69
9176068	68
9176072	69
9176080	69
9176082	71
9176083	69
9176084	70
9176088	69
9176090	71
9176091	69
9176092	70
9176096	68
9176098	70
9176099	68
9176100	69
9176192	69
9176193	71
9176194	71
9176195	71
9176196	70
9176256	67
9176257	69
9176258	69
9176259	67
9176260	68
9176272	69
9176280	69
9176282	71
9176283	69
9176284	70
9176288	68
9176290	70
9176291	68
9176292	69
9176320	68
9176321	70
9176322	70
9176323	70
9176324	69
9176336	70
9176344	70
9176346	70
9176347	70
9176348	69
9176352	69
9176354	71
9176355	69
9176356	70
9176576	67
9176577	69
9176578	69
9176579	69
9176580	68
9176584	69
9176592	69
9176594	71
9176595	69
9176596	70
9176600	69
9176602	69
9176603	69
9176604	68
9176608	68
9176610	70
9176611	68
9176612	69
9176704	69
9176705	71
9176706	71
9176707	71
9176708	70
9176768	67
9176769	69
9176770	69
9176771	69
9176772	68
9176784	69
9176792	69
9176794	71
9176795	69
9176796	70
9176800	68
9176802	70
9176803	68
9176804	69
9176832	68
9176833	70
9176834	70
9176835	70
9176836	69
9176848	70
9176856	70
9176858	70
9176859	70
9176860	69
9176864	69
9176866	71
9176867	69
9176868	70
9177088	66
9177089	68
9177090	68
9177091	68
9177092	67
9177096	68
9177104	68
9177106	70
9177107	68
9177108	69
9177112	68
9177114	70
9177115	68
9177116	69
9177120	67
9177122	69
9177123	67
9177124	68
9177216	68
9177217	70
9177218	70
9177219	70
9177220	69
9177280	66
9177281	68
9177282	68
9177283	66
9177284	67
9177296	68
9177304	68
9177306	70
9177307	68
9177308	69
9177312	67
9177314	69
9177315	67
9177316	68
9177344	67
9177345	69
9177346	69
9177347	69
9177348	68
9177360	69
9177368	69
9177370	71
9177371	69
9177372	70
9177376	68
9177378	70
9177379	68
9177380	69
9179136	67
9179137	69
9179138	69
9179139	69
9179140	68
9179144	69
9179152	69
9179154	71
9179155	69
9179156	70
9179160	69
9179162	71
9179163	69
9179164	70
9179168	68
9179170	70
9179171	70
9179172	69
9179200	69
9179201	71
9179202	71
9179203	71
9179204	70
9179264	69
9179265	71
9179266	71
9179267	71
9179268	70
9179280	71
9179288	71
9179290	71
9179291	71
9179292	70
9179296	70
9179298	72
9179299	70
9179300	71
9179328	69
9179329	71
9179330	71
9179331	69
9179332	70
9179344	71
9179352	69
9179354	71
9179355	71
9179356	70
9179360	70
9179362	70
9179363	70
9179364	71
9179392	68
9179393	70
9179394	70
9179395	70
9179396	69
9179408	70
9179416	70
9179418	72
9179419	70
9179420	71
9179424	69
9179426	71
9179427	71
9179428	70
9183232	67
9183233	69
9183234	69
9183235	69
9183236	68
9183240	69
9183248	69
9183250	71
9183251	69
9183252	70
9183256	69
9183258	71
9183259	69
9183260	70
9183264	68
9183266	70
9183267	68
9183268	69
9183296	69
9183297	71
9183298	71
9183299	71
9183300	70
9183360	69
9183361	71
9183362	71
9183363	69
9183364	70
9183376	71
9183384	71
9183386	71
9183387	71
9183388	70
9183392	70
9183394	72
9183395	70
9183396	71
9183424	67
9183425	69
9183426	69
9183427	67
9183428	68
9183440	69
9183448	69
9183450	71
9183451	69
9183452	70
9183456	68
9183458	70
9183459	68
9183460	69
9183488	68
9183489	70
9183490	70
9183491	70
9183492	69
9183504	70
9183512	70
9183514	72
9183515	70
9183516	71
9183520	69
9183522	71
9183523	69
9183524	70
9184256	69
9184257	71
9184258	71
9184259	69
9184260	70
9184264	71
9184272	71
9184274	73
9184275	71
9184276	72
9184280	71
9184282	71
9184283	71
9184284	70
9184288	70
9184290	72
9184291	70
9184292	71
9184768	69
9184769	71
9184770	71
9184771	69
9184772	70
9184776	71
9184784	71
9184786	73
9184787	71
9184788	72
9184792	69
9184794	71
9184795	71
9184796	70
9184800	70
9184802	72
9184803	70
9184804	71
9184896	69
9184897	71
9184898	71
9184899	71
9184900	70
9184960	69
9184961	71
9184962	71
9184963	71
9184964	70
9184976	71
9184984	71
9184986	71
9184987	71
9184988	70
9184992	70
9184994	72
9184995	70
9184996	71
9185024	70
9185025	70
9185026	70
9185027	70
9185028	69
9185040	70
9185048	70
9185050	72
9185051	70
9185052	71
9185056	71
9185058	71
9185059	71
9185060	70
9185280	68
9185281	70
9185282	70
9185283	70
9185284	69
9185288	70
9185296	70
9185298	72
9185299	70
9185300	71
9185304	70
9185306	70
9185307	70
9185308	69
9185312	69
9185314	71
9185315	69
9185316	70
9185408	70
9185409	72
9185410	72
9185411	72
9185412	71
9185472	68
9185473	70
9185474	70
9185475	68
9185476	69
9185488	70
9185496	70
9185498	72
9185499	70
9185500	71
9185504	69
9185506	71
9185507	69
9185508	70
9185536	69
9185537	71
9185538	71
9185539	71
9185540	70
9185552	71
9185560	71
9185562	71
9185563	71
9185564	70
9185568	70
9185570	72
9185571	70
9185572	71
9187328	65
9187329	67
9187330	67
9187331	67
9187332	66
9187336	67
9187344	67
9187346	69
9187347	67
9187348	68
9187352	67
9187354	69
9187355	67
9187356	68
9187360	66
9187362	68
9187363	66
9187364	67
9187392	67
9187393	69
9187394	69
9187395	69
9187396	68
9187456	67
9187457	69
9187458	69
9187459	67
9187460	68
9187472	69
9187480	69
9187482	69
9187483	69
9187484	68
9187488	68
9187490	70
9187491	68
9187492	69
9187520	65
9187521	67
9187522	67
9187523	65
9187524	66
9187536	67
9187544	67
9187546	69
9187547	67
9187548	68
9187552	66
9187554	68
9187555	66
9187556	67
9187584	66
9187585	68
9187586	68
9187587	68
9187588	67
9187600	68
9187608	68
9187610	70
9187611	68
9187612	69
9187616	67
9187618	69
9187619	67
9187620	68
9188352	67
9188353	69
9188354	69
9188355	69
9188356	68
9188360	69
9188368	69
9188370	71
9188371	69
9188372	70
9188376	69
9188378	71
9188379	69
9188380	70
9188384	68
9188386	70
9188387	68
9188388	69
9188864	67
9188865	69
9188866	69
9188867	69
9188868	68
9188872	69
9188880	69
9188882	71
9188883	69
9188884	70
9188888	69
9188890	71
9188891	69
9188892	70
9188896	68
9188898	70
9188899	68
9188900	69
9188992	69
9188993	71
9188994	71
9188995	71
9188996	70
9189056	67
9189057	69
9189058	69
9189059	69
9189060	68
9189072	69
9189080	69
9189082	71
9189083	69
9189084	70
9189088	68
9189090	70
9189091	68
9189092	69
9189120	68
9189121	70
9189122	70
9189123	70
9189124	69
9189136	70
9189144	70
9189146	72
9189147	70
9189148	71
9189152	69
9189154	71
9189155	69
9189156	70
9189376	66
9189377	68
9189378	68
9189379	68
9189380	67
9189384	68
9189392	68
9189394	70
9189395	68
9189396	69
9189400	68
9189402	70
9189403	68
9189404	69
9189408	67
9189410	69
9189411	67
9189412	68
9189504	68
9189505	70
9189506	70
9189507	70
9189508	69
9189568	66
9189569	68
9189570	68
9189571	66
9189572	67
9189584	68
9189592	68
9189594	70
9189595	68
9189596	69
9189600	67
9189602	69
9189603	67
9189604	68
9189632	67
9189633	69
9189634	69
9189635	69
9189636	68
9189648	69
9189656	69
9189658	71
9189659	69
9189660	70
9189664	68
9189666	70
9189667	68
9189668	69
9191424	66
9191425	68
9191426	68
9191427	68
9191428	67
9191432	68
9191440	68
9191442	70
9191443	68
9191444	69
9191448	68
9191450	70
9191451	68
9191452	69
9191456	67
9191458	69
9191459	69
9191460	68
9191488	68
9191489	70
9191490	70
9191491	70
9191492	69
9191552	68
9191553	70
9191554	70
9191555	70
9191556	69
9191568	70
9191576	70
9191578	70
9191579	70
9191580	69
9191584	69
9191586	71
9191587	69
9191588	70
9191616	68
9191617	70
9191618	70
9191619	68
9191620	69
9191632	70
9191640	68
9191642	70
9191643	70
9191644	69
9191648	69
9191650	69
9191651	69
9191652	70
9191680	67
9191681	69
9191682	69
9191683	69
9191684	68
9191696	69
9191704	69
9191706	71
9191707	69
9191708	70
9191712	68
9191714	70
9191715	70
9191716	69
9192448	68
9192449	70
9192450	70
9192451	70
9192452	69
9192456	70
9192464	70
9192466	72
9192467	70
9192468	71
9192472	70
9192474	70
9192475	70
9192476	69
9192480	69
9192482	71
9192483	69
9192484	70
9192960	68
9192961	70
9192962	70
9192963	70
9192964	69
9192968	70
9192976	70
9192978	72
9192979	70
9192980	71
9192984	70
9192986	70
9192987	70
9192988	69
9192992	69
9192994	71
9192995	69
9192996	70
9193088	70
9193089	72
9193090	72
9193091	72
9193092	71
9193152	68
9193153	70
9193154	70
9193155	70
9193156	69
9193168	70
9193176	70
9193178	72
9193179	70
9193180	71
9193184	69
9193186	71
9193187	69
9193188	70
9193216	69
9193217	71
9193218	71
9193219	71
9193220	70
9193232	71
9193240	71
9193242	71
9193243	71
9193244	70
9193248	70
9193250	72
9193251	70
9193252	71
9193472	67
9193473	69
9193474	69
9193475	69
9193476	68
9193480	69
9193488	69
9193490	71
9193491	69
9193492	70
9193496	69
9193498	71
9193499	69
9193500	70
9193504	68
9193506	70
9193507	68
9193508	69
9193600	69
9193601	71
9193602	71
9193603	71
9193604	70
9193664	67
9193665	69
9193666	69
9193667	67
9193668	68
9193680	69
9193688	69
9193690	71
9193691	69
9193692	70
9193696	68
9193698	70
9193699	68
9193700	69
9193728	68
9193729	70
9193730	70
9193731	70
9193732	69
9193744	70
9193752	70
9193754	72
9193755	70
9193756	71
9193760	69
9193762	71
9193763	69
9193764	70
9240576	67
9240577	69
9240578	69
9240579	69
9240580	68
9240584	69
9240592	69
9240594	71
9240595	69
9240596	70
9240600	69
9240602	69
9240603	69
9240604	68
9240608	68
9240610	70
9240611	70
9240612	69
9240640	69
9240641	71
9240642	71
9240643	71
9240644	70
9240704	69
9240705	71
9240706	71
9240707	71
9240708	70
9240720	71
9240728	71
9240730	71
9240731	71
9240732	70
9240736	70
9240738	72
9240739	70
9240740	71
9240768	69
9240769	71
9240770	71
9240771	69
9240772	70
9240784	71
9240792	69
9240794	71
9240795	71
9240796	70
9240800	70
9240802	70
9240803	70
9240804	71
9240832	68
9240833	70
9240834	70
9240835	70
9240836	69
9240848	70
9240856	70
9240858	70
9240859	70
9240860	69
9240864	69
9240866	71
9240867	71
9240868	70
9241088	69
9241089	71
9241090	71
9241091	71
9241092	70
9241096	71
9241104	71
9241106	73
9241107	71
9241108	72
9241112	71
9241114	71
9241115	71
9241116	70
9241120	70
9241122	72
9241123	70
9241124	71
9241600	69
9241601	71
9241602	71
9241603	71
9241604	70
9241608	71
9241616	71
9241618	73
9241619	71
9241620	72
9241624	71
9241626	71
9241627	71
9241628	70
9241632	70
9241634	72
9241635	70
9241636	71
9241728	71
9241729	73
9241730	73
9241731	73
9241732	72
9241792	69
9241793	71
9241794	71
9241795	69
9241796	70
9241808	71
9241816	71
9241818	73
9241819	71
9241820	72
9241824	70
9241826	72
9241827	70
9241828	71
9241856	70
9241857	72
9241858	72
9241859	72
9241860	71
9241872	72
9241880	72
9241882	72
9241883	72
9241884	71
9241888	71
9241890	73
9241891	71
9241892	72
9242112	69
9242113	71
9242114	71
9242115	69
9242116	70
9242120	71
9242128	71
9242130	73
9242131	71
9242132	72
9242136	69
9242138	69
9242139	71
9242140	68
9242144	70
9242146	72
9242147	70
9242148	71
9242240	69
9242241	71
9242242	71
9242243	71
9242244	70
9242304	69
9242305	71
9242306	71
9242307	71
9242308	70
9242320	71
9242328	71
9242330	71
9242331	71
9242332	70
9242336	70
9242338	72
9242339	70
9242340	71
9242368	70
9242369	70
9242370	70
9242371	70
9242372	69
9242384	70
9242392	70
9242394	70
9242395	70
9242396	69
9242400	71
9242402	71
9242403	71
9242404	70
9242624	68
9242625	70
9242626	70
9242627	70
9242628	69
9242632	70
9242640	70
9242642	72
9242643	70
9242644	71
9242648	70
9242650	70
9242651	70
9242652	69
9242656	69
9242658	71
9242659	69
9242660	70
9242752	70
9242753	72
9242754	72
9242755	72
9242756	71
9242816	68
9242817	70
9242818	70
9242819	68
9242820	69
9242832	70
9242840	70
9242842	72
9242843	70
9242844	71
9242848	69
9242850	71
9242851	69
9242852	70
9242880	69
9242881	71
9242882	71
9242883	71
9242884	70
9242896	71
9242904	71
9242906	71
9242907	71
9242908	70
9242912	70
9242914	72
9242915	70
9242916	71
9273344	67
9273345	69
9273346	69
9273347	69
9273348	68
9273352	69
9273360	69
9273362	71
9273363	69
9273364	70
9273368	69
9273370	69
9273371	69
9273372	68
9273376	68
9273378	70
9273379	70
9273380	69
9273408	69
9273409	71
9273410	71
9273411	71
9273412	70
9273472	69
9273473	71
9273474	71
9273475	71
9273476	70
9273488	71
9273496	71
9273498	71
9273499	71
9273500	70
9273504	70
9273506	72
9273507	70
9273508	71
9273536	69
9273537	71
9273538	71
9273539	69
9273540	70
9273552	71
9273560	69
9273562	71
9273563	71
9273564	70
9273568	70
9273570	70
9273571	70
9273572	71
9273600	68
9273601	70
9273602	70
9273603	70
9273604	69
9273616	70
9273624	70
9273626	70
9273627	70
9273628	69
9273632	69
9273634	71
9273635	71
9273636	70
9273856	69
9273857	71
9273858	71
9273859	71
9273860	70
9273864	71
9273872	71
9273874	73
9273875	71
9273876	72
9273880	71
9273882	71
9273883	71
9273884	70
9273888	70
9273890	72
9273891	70
9273892	71
9274368	69
9274369	71
9274370	71
9274371	71
9274372	70
9274376	71
9274384	71
9274386	73
9274387	71
9274388	72
9274392	71
9274394	71
9274395	71
9274396	70
9274400	70
9274402	72
9274403	70
9274404	71
9274496	71
9274497	73
9274498	73
9274499	73
9274500	72
9274560	69
9274561	71
9274562	71
9274563	69
9274564	70
9274576	71
9274584	71
9274586	73
9274587	71
9274588	72
9274592	70
9274594	72
9274595	70
9274596	71
9274624	70
9274625	72
9274626	72
9274627	72
9274628	71
9274640	72
9274648	70
9274650	72
9274651	72
9274652	71
9274656	71
9274658	73
9274659	71
9274660	72
9274880	69
9274881	71
9274882	71
9274883	69
9274884	70
9274888	71
9274896	71
9274898	73
9274899	71
9274900	72
9274904	69
9274906	69
9274907	71
9274908	68
9274912	70
9274914	72
9274915	70
9274916	71
9275008	69
9275009	71
9275010	71
9275011	71
9275012	70
9275072	69
9275073	71
9275074	71
9275075	71
9275076	70
9275088	71
9275096	71
9275098	71
9275099	71
9275100	70
9275104	70
9275106	72
9275107	70
9275108	71
9275136	70
9275137	70
9275138	70
9275139	70
9275140	69
9275152	70
9275160	70
9275162	70
9275163	70
9275164	69
9275168	71
9275170	71
9275171	71
9275172	70
9275392	68
9275393	70
9275394	70
9275395	70
9275396	69
9275400	70
9275408	70
9275410	72
9275411	70
9275412	71
9275416	70
9275418	70
9275419	70
9275420	69
9275424	69
9275426	71
9275427	69
9275428	70
9275520	70
9275521	72
9275522	72
9275523	72
9275524	71
9275584	68
9275585	70
9275586	70
9275587	68
9275588	69
9275600	70
9275608	70
9275610	72
9275611	70
9275612	71
9275616	69
9275618	71
9275619	69
9275620	70
9275648	69
9275649	71
9275650	71
9275651	71
9275652	70
9275664	71
9275672	71
9275674	71
9275675	71
9275676	70
9275680	70
9275682	72
9275683	70
9275684	71
9281536	69
9281537	71
9281538	71
9281539	71
9281540	70
9281544	71
9281552	71
9281554	73
9281555	71
9281556	72
9281560	71
9281562	71
9281563	71
9281564	70
9281568	70
9281570	72
9281571	72
9281572	71
9281600	71
9281601	73
9281602	73
9281603	73
9281604	72
9281664	71
9281665	73
9281666	73
9281667	73
9281668	72
9281680	73
9281688	73
9281690	73
9281691	73
9281692	72
9281696	72
9281698	74
9281699	72
9281700	73
9281728	71
9281729	73
9281730	73
9281731	71
9281732	72
9281744	73
9281752	71
9281754	73
9281755	73
9281756	72
9281760	72
9281762	72
9281763	72
9281764	73
9281792	70
9281793	72
9281794	72
9281795	72
9281796	71
9281808	72
9281816	72
9281818	72
9281819	72
9281820	71
9281824	71
9281826	73
9281827	73
9281828	72
9285632	67
9285633	69
9285634	69
9285635	69
9285636	68
9285640	69
9285648	69
9285650	71
9285651	69
9285652	70
9285656	69
9285658	71
9285659	69
9285660	70
9285664	68
9285666	70
9285667	70
9285668	69
9285696	69
9285697	71
9285698	71
9285699	71
9285700	70
9285760	69
9285761	71
9285762	71
9285763	71
9285764	70
9285776	71
9285784	71
9285786	71
9285787	71
9285788	70
9285792	70
9285794	72
9285795	70
9285796	71
9285824	69
9285825	71
9285826	71
9285827	69
9285828	70
9285840	71
9285848	69
9285850	71
9285851	71
9285852	70
9285856	70
9285858	70
9285859	70
9285860	71
9285888	68
9285889	70
9285890	70
9285891	70
9285892	69
9285904	70
9285912	70
9285914	72
9285915	70
9285916	71
9285920	69
9285922	71
9285923	71
9285924	70
9286656	69
9286657	71
9286658	71
9286659	71
9286660	70
9286664	71
9286672	71
9286674	73
9286675	71
9286676	72
9286680	71
9286682	71
9286683	71
9286684	70
9286688	70
9286690	72
9286691	70
9286692	71
9287168	69
9287169	71
9287170	71
9287171	71
9287172	70
9287176	71
9287184	71
9287186	73
9287187	71
9287188	72
9287192	71
9287194	71
9287195	71
9287196	70
9287200	70
9287202	72
9287203	70
9287204	71
9287296	71
9287297	73
9287298	73
9287299	73
9287300	72
9287360	69
9287361	71
9287362	71
9287363	71
9287364	70
9287376	71
9287384	71
9287386	73
9287387	71
9287388	72
9287392	70
9287394	72
9287395	70
9287396	71
9287424	70
9287425	72
9287426	72
9287427	72
9287428	71
9287440	72
9287448	72
9287450	72
9287451	72
9287452	71
9287456	71
9287458	73
9287459	71
9287460	72
9287680	68
9287681	70
9287682	70
9287683	70
9287684	69
9287688	70
9287696	70
9287698	72
9287699	70
9287700	71
9287704	70
9287706	72
9287707	70
9287708	71
9287712	69
9287714	71
9287715	69
9287716	70
9287808	70
9287809	72
9287810	72
9287811	72
9287812	71
9287872	68
9287873	70
9287874	70
9287875	68
9287876	69
9287888	70
9287896	70
9287898	72
9287899	70
9287900	71
9287904	69
9287906	71
9287907	69
9287908	70
9287936	69
9287937	71
9287938	71
9287939	71
9287940	70
9287952	71
9287960	71
9287962	73
9287963	71
9287964	72
9287968	70
9287970	72
9287971	70
9287972	71
9289728	68
9289729	70
9289730	70
9289731	70
9289732	69
9289736	70
9289744	70
9289746	72
9289747	70
9289748	71
9289752	70
9289754	70
9289755	70
9289756	69
9289760	69
9289762	71
9289763	71
9289764	70
9289792	70
9289793	72
9289794	72
9289795	72
9289796	71
9289856	70
9289857	72
9289858	72
9289859	72
9289860	71
9289872	72
9289880	72
9289882	72
9289883	72
9289884	71
9289888	71
9289890	73
9289891	71
9289892	72
9289920	70
9289921	72
9289922	72
9289923	70
9289924	71
9289936	72
9289944	70
9289946	72
9289947	72
9289948	71
9289952	71
9289954	71
9289955	71
9289956	72
9289984	69
9289985	71
9289986	71
9289987	71
9289988	70
9290000	71
9290008	71
9290010	71
9290011	71
9290012	70
9290016	70
9290018	72
9290019	72
9290020	71
9290752	70
9290753	72
9290754	72
9290755	72
9290756	71
9290760	72
9290768	72
9290770	74
9290771	72
9290772	73
9290776	72
9290778	72
9290779	72
9290780	71
9290784	71
9290786	73
9290787	71
9290788	72
9291264	70
9291265	72
9291266	72
9291267	70
9291268	71
9291272	72
9291280	72
9291282	74
9291283	72
9291284	73
9291288	70
9291290	70
9291291	72
9291292	69
9291296	71
9291298	73
9291299	71
9291300	72
9291392	70
9291393	72
9291394	72
9291395	72
9291396	71
9291456	70
9291457	72
9291458	72
9291459	72
9291460	71
9291472	72
9291480	72
9291482	72
9291483	72
9291484	71
9291488	71
9291490	73
9291491	71
9291492	72
9291520	71
9291521	71
9291522	71
9291523	71
9291524	70
9291536	71
9291544	71
9291546	71
9291547	71
9291548	70
9291552	72
9291554	72
9291555	72
9291556	71
9291776	69
9291777	71
9291778	71
9291779	71
9291780	70
9291784	71
9291792	71
9291794	73
9291795	71
9291796	72
9291800	71
9291802	71
9291803	71
9291804	70
9291808	70
9291810	72
9291811	70
9291812	71
9291904	71
9291905	73
9291906	73
9291907	73
9291908	72
9291968	69
9291969	71
9291970	71
9291971	69
9291972	70
9291984	71
9291992	71
9291994	73
9291995	71
9291996	72
9292000	70
9292002	72
9292003	70
9292004	71
9292032	70
9292033	72
9292034	72
9292035	72
9292036	71
9292048	72
9292056	72
9292058	72
9292059	72
9292060	71
9292064	71
9292066	73
9292067	71
9292068	72
9306112	66
9306113	68
9306114	68
9306115	68
9306116	67
9306120	68
9306128	68
9306130	70
9306131	68
9306132	69
9306136	68
9306138	70
9306139	68
9306140	69
9306144	67
9306146	69
9306147	69
9306148	68
9306176	68
9306177	70
9306178	70
9306179	70
9306180	69
9306240	68
9306241	70
9306242	70
9306243	70
9306244	69
9306256	70
9306264	70
9306266	70
9306267	70
9306268	69
9306272	69
9306274	71
9306275	69
9306276	70
9306304	68
9306305	70
9306306	70
9306307	68
9306308	69
9306320	70
9306328	68
9306330	70
9306331	70
9306332	69
9306336	69
9306338	69
9306339	69
9306340	70
9306368	67
9306369	69
9306370	69
9306371	69
9306372	68
9306384	69
9306392	69
9306394	71
9306395	69
9306396	70
9306400	68
9306402	70
9306403	70
9306404	69
9306624	68
9306625	70
9306626	70
9306627	70
9306628	69
9306632	70
9306640	70
9306642	72
9306643	70
9306644	71
9306648	70
9306650	72
9306651	70
9306652	71
9306656	69
9306658	71
9306659	69
9306660	70
9307136	68
9307137	70
9307138	70
9307139	70
9307140	69
9307144	70
9307152	70
9307154	72
9307155	70
9307156	71
9307160	70
9307162	72
9307163	70
9307164	71
9307168	69
9307170	71
9307171	69
9307172	70
9307264	70
9307265	72
9307266	72
9307267	72
9307268	71
9307328	68
9307329	70
9307330	70
9307331	68
9307332	69
9307344	70
9307352	70
9307354	72
9307355	70
9307356	71
9307360	69
9307362	71
9307363	69
9307364	70
9307392	69
9307393	71
9307394	71
9307395	71
9307396	70
9307408	71
9307416	71
9307418	71
9307419	71
9307420	70
9307424	70
9307426	72
9307427	70
9307428	71
9307648	68
9307649	70
9307650	70
9307651	70
9307652	69
9307656	70
9307664	70
9307666	72
9307667	70
9307668	71
9307672	70
9307674	70
9307675	70
9307676	69
9307680	69
9307682	71
9307683	69
9307684	70
9307776	70
9307777	72
9307778	72
9307779	72
9307780	71
9307840	68
9307841	70
9307842	70
9307843	70
9307844	69
9307856	70
9307864	70
9307866	72
9307867	70
9307868	71
9307872	69
9307874	71
9307875	69
9307876	70
9307904	69
9307905	71
9307906	71
9307907	71
9307908	70
9307920	71
9307928	71
9307930	71
9307931	71
9307932	70
9307936	70
9307938	72
9307939	70
9307940	71
9308160	67
9308161	69
9308162	69
9308163	69
9308164	68
9308168	69
9308176	69
9308178	71
9308179	69
9308180	70
9308184	69
9308186	71
9308187	69
9308188	70
9308192	68
9308194	70
9308195	68
9308196	69
9308288	69
9308289	71
9308290	71
9308291	71
9308292	70
9308352	67
9308353	69
9308354	69
9308355	67
9308356	68
9308368	69
9308376	69
9308378	71
9308379	69
9308380	70
9308384	68
9308386	70
9308387	68
9308388	69
9308416	68
9308417	70
9308418	70
9308419	70
9308420	69
9308432	70
9308440	70
9308442	72
9308443	70
9308444	71
9308448	69
9308450	71
9308451	69
9308452	70
9314304	68
9314305	70
9314306	70
9314307	70
9314308	69
9314312	70
9314320	70
9314322	72
9314323	70
9314324	71
9314328	70
9314330	70
9314331	70
9314332	69
9314336	69
9314338	71
9314339	71
9314340	70
9314368	70
9314369	72
9314370	72
9314371	72
9314372	71
9314432	70
9314433	72
9314434	72
9314435	72
9314436	71
9314448	72
9314456	72
9314458	72
9314459	72
9314460	71
9314464	71
9314466	73
9314467	71
9314468	72
9314496	70
9314497	72
9314498	72
9314499	70
9314500	71
9314512	72
9314520	70
9314522	72
9314523	72
9314524	71
9314528	71
9314530	71
9314531	71
9314532	72
9314560	69
9314561	71
9314562	71
9314563	71
9314564	70
9314576	71
9314584	71
9314586	71
9314587	71
9314588	70
9314592	70
9314594	72
9314595	72
9314596	71
9318400	66
9318401	68
9318402	68
9318403	68
9318404	67
9318408	68
9318416	68
9318418	70
9318419	68
9318420	69
9318424	68
9318426	70
9318427	68
9318428	69
9318432	67
9318434	69
9318435	67
9318436	68
9318464	68
9318465	70
9318466	70
9318467	70
9318468	69
9318528	68
9318529	70
9318530	70
9318531	68
9318532	69
9318544	70
9318552	70
9318554	70
9318555	70
9318556	69
9318560	69
9318562	71
9318563	69
9318564	70
9318592	66
9318593	68
9318594	68
9318595	66
9318596	67
9318608	68
9318616	68
9318618	70
9318619	68
9318620	69
9318624	67
9318626	69
9318627	67
9318628	68
9318656	67
9318657	69
9318658	69
9318659	69
9318660	68
9318672	69
9318680	69
9318682	71
9318683	69
9318684	70
9318688	68
9318690	70
9318691	68
9318692	69
9319424	68
9319425	70
9319426	70
9319427	70
9319428	69
9319432	70
9319440	70
9319442	72
9319443	70
9319444	71
9319448	70
9319450	72
9319451	70
9319452	71
9319456	69
9319458	71
9319459	69
9319460	70
9319936	68
9319937	70
9319938	70
9319939	70
9319940	69
9319944	70
9319952	70
9319954	72
9319955	70
9319956	71
9319960	70
9319962	72
9319963	70
9319964	71
9319968	69
9319970	71
9319971	69
9319972	70
9320064	70
9320065	72
9320066	72
9320067	72
9320068	71
9320128	68
9320129	70
9320130	70
9320131	70
9320132	69
9320144	70
9320152	70
9320154	72
9320155	70
9320156	71
9320160	69
9320162	71
9320163	69
9320164	70
9320192	69
9320193	71
9320194	71
9320195	71
9320196	70
9320208	71
9320216	71
9320218	73
9320219	71
9320220	72
9320224	70
9320226	72
9320227	70
9320228	71
9320448	67
9320449	69
9320450	69
9320451	69
9320452	68
9320456	69
9320464	69
9320466	71
9320467	69
9320468	70
9320472	69
9320474	71
9320475	69
9320476	70
9320480	68
9320482	70
9320483	68
9320484	69
9320576	69
9320577	71
9320578	71
9320579	71
9320580	70
9320640	67
9320641	69
9320642	69
9320643	67
9320644	68
9320656	69
9320664	69
9320666	71
9320667	69
9320668	70
9320672	68
9320674	70
9320675	68
9320676	69
9320704	68
9320705	70
9320706	70
9320707	70
9320708	69
9320720	70
9320728	70
9320730	72
9320731	70
9320732	71
9320736	69
9320738	71
9320739	69
9320740	70
9322496	67
9322497	69
9322498	69
9322499	69
9322500	68
9322504	69
9322512	69
9322514	71
9322515	69
9322516	70
9322520	69
9322522	71
9322523	69
9322524	70
9322528	68
9322530	70
9322531	70
9322532	69
9322560	69
9322561	71
9322562	71
9322563	71
9322564	70
9322624	69
9322625	71
9322626	71
9322627	71
9322628	70
9322640	71
9322648	71
9322650	71
9322651	71
9322652	70
9322656	70
9322658	72
9322659	70
9322660	71
9322688	69
9322689	71
9322690	71
9322691	69
9322692	70
9322704	71
9322712	69
9322714	71
9322715	71
9322716	70
9322720	70
9322722	70
9322723	70
9322724	71
9322752	68
9322753	70
9322754	70
9322755	70
9322756	69
9322768	70
9322776	70
9322778	72
9322779	70
9322780	71
9322784	69
9322786	71
9322787	71
9322788	70
9323520	69
9323521	71
9323522	71
9323523	71
9323524	70
9323528	71
9323536	71
9323538	73
9323539	71
9323540	72
9323544	71
9323546	71
9323547	71
9323548	70
9323552	70
9323554	72
9323555	70
9323556	71
9324032	69
9324033	71
9324034	71
9324035	71
9324036	70
9324040	71
9324048	71
9324050	73
9324051	71
9324052	72
9324056	71
9324058	71
9324059	71
9324060	70
9324064	70
9324066	72
9324067	70
9324068	71
9324160	71
9324161	73
9324162	73
9324163	73
9324164	72
9324224	69
9324225	71
9324226	71
9324227	71
9324228	70
9324240	71
9324248	71
9324250	73
9324251	71
9324252	72
9324256	70
9324258	72
9324259	70
9324260	71
9324288	70
9324289	72
9324290	72
9324291	72
9324292	71
9324304	72
9324312	72
9324314	72
9324315	72
9324316	71
9324320	71
9324322	73
9324323	71
9324324	72
9324544	68
9324545	70
9324546	70
9324547	70
9324548	69
9324552	70
9324560	70
9324562	72
9324563	70
9324564	71
9324568	70
9324570	72
9324571	70
9324572	71
9324576	69
9324578	71
9324579	69
9324580	70
9324672	70
9324673	72
9324674	72
9324675	72
9324676	71
9324736	68
9324737	70
9324738	70
9324739	68
9324740	69
9324752	70
9324760	70
9324762	72
9324763	70
9324764	71
9324768	69
9324770	71
9324771	69
9324772	70
9324800	69
9324801	71
9324802	71
9324803	71
9324804	70
9324816	71
9324824	71
9324826	73
9324827	71
9324828	72
9324832	70
9324834	72
9324835	70
9324836	71
9437184	66
9437185	68
9437186	68
9437187	68
9437188	67
9437192	68
9437200	68
9437202	70
9437203	68
9437204	69
9437208	68
9437210	68
9437211	68
9437212	67
9437216	67
9437218	69
9437219	69
9437220	68
9437248	68
9437249	70
9437250	70
9437251	70
9437252	69
9437312	68
9437313	70
9437314	70
9437315	70
9437316	69
9437328	70
9437336	70
9437338	70
9437339	70
9437340	69
9437344	69
9437346	71
9437347	69
9437348	70
9437376	68
9437377	70
9437378	70
9437379	68
9437380	69
9437392	70
9437400	68
9437402	70
9437403	70
9437404	69
9437408	69
9437410	69
9437411	69
9437412	70
9437440	67
9437441	69
9437442	69
9437443	69
9437444	68
9437456	69
9437464	69
9437466	69
9437467	69
9437468	68
9437472	68
9437474	70
9437475	70
9437476	69
9437696	68
9437697	70
9437698	70
9437699	70
9437700	69
9437704	70
9437712	70
9437714	72
9437715	70
9437716	71
9437720	70
9437722	70
9437723	70
9437724	69
9437728	69
9437730	71
9437731	71
9437732	70
9438208	68
9438209	70
9438210	70
9438211	70
9438212	69
9438216	70
9438224	70
9438226	72
9438227	70
9438228	71
9438232	70
9438234	70
9438235	70
9438236	69
9438240	69
9438242	71
9438243	71
9438244	70
9438336	70
9438337	72
9438338	72
9438339	72
9438340	71
9438400	68
9438401	70
9438402	70
9438403	70
9438404	69
9438416	70
9438424	70
9438426	72
9438427	70
9438428	71
9438432	69
9438434	71
9438435	71
9438436	70
9438464	69
9438465	71
9438466	71
9438467	71
9438468	70
9438480	71
9438488	69
9438490	71
9438491	71
9438492	70
9438496	70
9438498	72
9438499	70
9438500	71
9438720	68
9438721	70
9438722	70
9438723	68
9438724	69
9438728	70
9438736	70
9438738	72
9438739	70
9438740	71
9438744	68
9438746	68
9438747	70
9438748	67
9438752	69
9438754	71
9438755	69
9438756	70
9438848	68
9438849	70
9438850	70
9438851	70
9438852	69
9438912	68
9438913	70
9438914	70
9438915	70
9438916	69
9438928	70
9438936	70
9438938	70
9438939	70
9438940	69
9438944	69
9438946	71
9438947	71
9438948	70
9438976	69
9438977	69
9438978	69
9438979	69
9438980	68
9438992	69
9439000	69
9439002	69
9439003	69
9439004	68
9439008	70
9439010	70
9439011	70
9439012	69
9439232	67
9439233	69
9439234	69
9439235	69
9439236	68
9439240	69
9439248	69
9439250	71
9439251	69
9439252	70
9439256	69
9439258	69
9439259	69
9439260	68
9439264	68
9439266	70
9439267	70
9439268	69
9439360	69
9439361	71
9439362	71
9439363	71
9439364	70
9439424	69
9439425	71
9439426	71
9439427	69
9439428	70
9439440	71
9439448	69
9439450	71
9439451	71
9439452	70
9439456	70
9439458	70
9439459	70
9439460	71
9439488	68
9439489	70
9439490	70
9439491	70
9439492	69
9439504	70
9439512	70
9439514	70
9439515	70
9439516	69
9439520	69
9439522	71
9439523	71
9439524	70
9441280	68
9441281	70
9441282	70
9441283	70
9441284	69
9441288	70
9441296	70
9441298	72
9441299	70
9441300	71
9441304	70
9441306	70
9441307	70
9441308	69
9441312	69
9441314	71
9441315	71
9441316	70
9441344	70
9441345	72
9441346	72
9441347	72
9441348	71
9441408	70
9441409	72
9441410	72
9441411	72
9441412	71
9441424	72
9441432	72
9441434	72
9441435	72
9441436	71
9441440	71
9441442	73
9441443	71
9441444	72
9441472	70
9441473	72
9441474	72
9441475	70
9441476	71
9441488	72
9441496	70
9441498	72
9441499	72
9441500	71
9441504	71
9441506	71
9441507	71
9441508	72
9441536	69
9441537	71
9441538	71
9441539	71
9441540	70
9441552	71
9441560	71
9441562	71
9441563	71
9441564	70
9441568	70
9441570	72
9441571	72
9441572	71
9445376	68
9445377	70
9445378	70
9445379	70
9445380	69
9445384	70
9445392	70
9445394	72
9445395	70
9445396	71
9445400	70
9445402	70
9445403	70
9445404	69
9445408	69
9445410	71
9445411	71
9445412	70
9445440	70
9445441	72
9445442	72
9445443	72
9445444	71
9445504	70
9445505	72
9445506	72
9445507	72
9445508	71
9445520	72
9445528	72
9445530	72
9445531	72
9445532	71
9445536	71
9445538	73
9445539	71
9445540	72
9445568	70
9445569	72
9445570	72
9445571	70
9445572	71
9445584	72
9445592	70
9445594	72
9445595	72
9445596	71
9445600	71
9445602	71
9445603	71
9445604	72
9445632	69
9445633	71
9445634	71
9445635	71
9445636	70
9445648	71
9445656	71
9445658	71
9445659	71
9445660	70
9445664	70
9445666	72
9445667	72
9445668	71
9446400	70
9446401	72
9446402	72
9446403	72
9446404	71
9446408	72
9446416	72
9446418	74
9446419	72
9446420	73
9446424	72
9446426	72
9446427	72
9446428	71
9446432	71
9446434	73
9446435	71
9446436	72
9446912	70
9446913	72
9446914	72
9446915	70
9446916	71
9446920	72
9446928	72
9446930	74
9446931	72
9446932	73
9446936	70
9446938	70
9446939	72
9446940	69
9446944	71
9446946	73
9446947	71
9446948	72
9447040	70
9447041	72
9447042	72
9447043	72
9447044	71
9447104	70
9447105	72
9447106	72
9447107	72
9447108	71
9447120	72
9447128	72
9447130	72
9447131	72
9447132	71
9447136	71
9447138	73
9447139	71
9447140	72
9447168	71
9447169	71
9447170	71
9447171	71
9447172	70
9447184	71
9447192	71
9447194	71
9447195	71
9447196	70
9447200	72
9447202	72
9447203	72
9447204	71
9447424	69
9447425	71
9447426	71
9447427	71
9447428	70
9447432	71
9447440	71
9447442	73
9447443	71
9447444	72
9447448	71
9447450	71
9447451	71
9447452	70
9447456	70
9447458	72
9447459	70
9447460	71
9447552	71
9447553	73
9447554	73
9447555	73
9447556	72
9447616	69
9447617	71
9447618	71
9447619	69
9447620	70
9447632	71
9447640	71
9447642	73
9447643	71
9447644	72
9447648	70
9447650	72
9447651	70
9447652	71
9447680	70
9447681	72
9447682	72
9447683	72
9447684	71
9447696	72
9447704	72
9447706	72
9447707	72
9447708	71
9447712	71
9447714	73
9447715	71
9447716	72
9449472	68
9449473	70
9449474	70
9449475	70
9449476	69
9449480	70
9449488	70
9449490	70
9449491	70
9449492	71
9449496	70
9449498	70
9449499	70
9449500	69
9449504	69
9449506	71
9449507	69
9449508	70
9449536	70
9449537	72
9449538	72
9449539	72
9449540	71
9449600	70
9449601	72
9449602	72
9449603	70
9449604	71
9449616	72
9449624	72
9449626	72
9449627	72
9449628	71
9449632	71
9449634	73
9449635	71
9449636	72
9449664	68
9449665	70
9449666	70
9449667	68
9449668	69
9449680	70
9449688	70
9449690	72
9449691	70
9449692	71
9449696	69
9449698	69
9449699	69
9449700	70
9449728	69
9449729	71
9449730	71
9449731	71
9449732	70
9449744	71
9449752	71
9449754	71
9449755	71
9449756	70
9449760	70
9449762	72
9449763	70
9449764	71
9450496	70
9450497	72
9450498	72
9450499	70
9450500	71
9450504	72
9450512	72
9450514	72
9450515	72
9450516	73
9450520	72
9450522	72
9450523	72
9450524	71
9450528	71
9450530	71
9450531	71
9450532	72
9451008	68
9451009	70
9451010	70
9451011	70
9451012	69
9451016	70
9451024	70
9451026	72
9451027	70
9451028	71
9451032	70
9451034	70
9451035	70
9451036	69
9451040	69
9451042	71
9451043	71
9451044	70
9451136	70
9451137	72
9451138	72
9451139	72
9451140	71
9451200	70
9451201	72
9451202	72
9451203	70
9451204	71
9451216	72
9451224	70
9451226	72
9451227	72
9451228	71
9451232	71
9451234	71
9451235	71
9451236	72
9451264	69
9451265	71
9451266	71
9451267	71
9451268	70
9451280	71
9451288	71
9451290	71
9451291	71
9451292	70
9451296	70
9451298	72
9451299	72
9451300	71
9451520	69
9451521	71
9451522	71
9451523	69
9451524	70
9451528	71
9451536	71
9451538	71
9451539	71
9451540	72
9451544	71
9451546	71
9451547	71
9451548	70
9451552	70
9451554	70
9451555	70
9451556	71
9451648	69
9451649	71
9451650	71
9451651	71
9451652	70
9451712	69
9451713	71
9451714	71
9451715	69
9451716	70
9451728	71
9451736	71
9451738	71
9451739	71
9451740	72
9451744	70
9451746	70
9451747	70
9451748	71
9451776	70
9451777	72
9451778	72
9451779	70
9451780	71
9451792	72
9451800	70
9451802	72
9451803	72
9451804	71
9451808	71
9451810	71
9451811	71
9451812	72
9453568	67
9453569	69
9453570	69
9453571	69
9453572	68
9453576	69
9453584	69
9453586	71
9453587	69
9453588	70
9453592	69
9453594	69
9453595	69
9453596	68
9453600	68
9453602	70
9453603	70
9453604	69
9453632	69
9453633	71
9453634	71
9453635	71
9453636	70
9453696	69
9453697	71
9453698	71
9453699	71
9453700	70
9453712	71
9453720	71
9453722	71
9453723	71
9453724	70
9453728	70
9453730	72
9453731	70
9453732	71
9453760	69
9453761	71
9453762	71
9453763	69
9453764	70
9453776	71
9453784	69
9453786	71
9453787	71
9453788	70
9453792	70
9453794	70
9453795	70
9453796	71
9453824	68
9453825	70
9453826	70
9453827	70
9453828	69
9453840	70
9453848	70
9453850	70
9453851	70
9453852	69
9453856	69
9453858	71
9453859	71
9453860	70
9454592	69
9454593	71
9454594	71
9454595	71
9454596	70
9454600	71
9454608	71
9454610	73
9454611	71
9454612	72
9454616	71
9454618	71
9454619	71
9454620	70
9454624	70
9454626	72
9454627	70
9454628	71
9455104	69
9455105	71
9455106	71
9455107	69
9455108	70
9455112	71
9455120	71
9455122	73
9455123	71
9455124	72
9455128	69
9455130	69
9455131	71
9455132	68
9455136	70
9455138	72
9455139	70
9455140	71
9455232	69
9455233	71
9455234	71
9455235	71
9455236	70
9455296	69
9455297	71
9455298	71
9455299	71
9455300	70
9455312	71
9455320	71
9455322	71
9455323	71
9455324	70
9455328	70
9455330	72
9455331	72
9455332	71
9455360	70
9455361	70
9455362	70
9455363	70
9455364	69
9455376	70
9455384	70
9455386	70
9455387	70
9455388	69
9455392	71
9455394	71
9455395	71
9455396	70
9455616	68
9455617	70
9455618	70
9455619	70
9455620	69
9455624	70
9455632	70
9455634	72
9455635	70
9455636	71
9455640	70
9455642	70
9455643	70
9455644	69
9455648	69
9455650	71
9455651	71
9455652	70
9455744	70
9455745	72
9455746	72
9455747	72
9455748	71
9455808	70
9455809	72
9455810	72
9455811	70
9455812	71
9455824	72
9455832	70
9455834	72
9455835	72
9455836	71
9455840	71
9455842	71
9455843	71
9455844	72
9455872	69
9455873	71
9455874	71
9455875	71
9455876	70
9455888	71
9455896	71
9455898	71
9455899	71
9455900	70
9455904	70
9455906	72
9455907	72
9455908	71
9502720	68
9502721	70
9502722	70
9502723	70
9502724	69
9502728	70
9502736	70
9502738	72
9502739	70
9502740	71
9502744	70
9502746	70
9502747	70
9502748	69
9502752	69
9502754	71
9502755	71
9502756	70
9502784	70
9502785	72
9502786	72
9502787	72
9502788	71
9502848	70
9502849	72
9502850	72
9502851	72
9502852	71
9502864	72
9502872	72
9502874	72
9502875	72
9502876	71
9502880	71
9502882	73
9502883	71
9502884	72
9502912	70
9502913	72
9502914	72
9502915	70
9502916	71
9502928	72
9502936	70
9502938	72
9502939	72
9502940	71
9502944	71
9502946	71
9502947	71
9502948	72
9502976	69
9502977	71
9502978	71
9502979	71
9502980	70
9502992	71
9503000	71
9503002	71
9503003	71
9503004	70
9503008	70
9503010	72
9503011	72
9503012	71
9503232	70
9503233	72
9503234	72
9503235	72
9503236	71
9503240	72
9503248	72
9503250	74
9503251	72
9503252	73
9503256	72
9503258	72
9503259	72
9503260	71
9503264	71
9503266	73
9503267	71
9503268	72
9503744	70
9503745	72
9503746	72
9503747	72
9503748	71
9503752	72
9503760	72
9503762	74
9503763	72
9503764	73
9503768	72
9503770	72
9503771	72
9503772	71
9503776	71
9503778	73
9503779	71
9503780	72
9503872	72
9503873	74
9503874	74
9503875	74
9503876	73
9503936	70
9503937	72
9503938	72
9503939	70
9503940	71
9503952	72
9503960	72
9503962	74
9503963	72
9503964	73
9503968	71
9503970	73
9503971	71
9503972	72
9504000	71
9504001	73
9504002	73
9504003	73
9504004	72
9504016	73
9504024	71
9504026	73
9504027	73
9504028	72
9504032	72
9504034	74
9504035	72
9504036	73
9504256	70
9504257	72
9504258	72
9504259	70
9504260	71
9504264	72
9504272	72
9504274	74
9504275	72
9504276	73
9504280	70
9504282	70
9504283	72
9504284	69
9504288	71
9504290	73
9504291	71
9504292	72
9504384	70
9504385	72
9504386	72
9504387	72
9504388	71
9504448	70
9504449	72
9504450	72
9504451	72
9504452	71
9504464	72
9504472	72
9504474	72
9504475	72
9504476	71
9504480	71
9504482	73
9504483	71
9504484	72
9504512	71
9504513	71
9504514	71
9504515	71
9504516	70
9504528	71
9504536	71
9504538	71
9504539	71
9504540	70
9504544	72
9504546	72
9504547	72
9504548	71
9504768	69
9504769	71
9504770	71
9504771	71
9504772	70
9504776	71
9504784	71
9504786	73
9504787	71
9504788	72
9504792	71
9504794	71
9504795	71
9504796	70
9504800	70
9504802	72
9504803	70
9504804	71
9504896	71
9504897	73
9504898	73
9504899	73
9504900	72
9504960	69
9504961	71
9504962	71
9504963	69
9504964	70
9504976	71
9504984	71
9504986	73
9504987	71
9504988	72
9504992	70
9504994	72
9504995	70
9504996	71
9505024	70
9505025	72
9505026	72
9505027	72
9505028	71
9505040	72
9505048	72
9505050	72
9505051	72
9505052	71
9505056	71
9505058	73
9505059	71
9505060	72
9535488	68
9535489	70
9535490	70
9535491	70
9535492	69
9535496	70
9535504	70
9535506	72
9535507	70
9535508	71
9535512	70
9535514	70
9535515	70
9535516	69
9535520	69
9535522	71
9535523	69
9535524	70
9535552	70
9535553	72
9535554	72
9535555	72
9535556	71
9535616	70
9535617	72
9535618	72
9535619	70
9535620	71
9535632	72
9535640	70
9535642	72
9535643	72
9535644	71
9535648	71
9535650	73
9535651	71
9535652	72
9535680	68
9535681	70
9535682	70
9535683	68
9535684	69
9535696	70
9535704	70
9535706	72
9535707	70
9535708	71
9535712	69
9535714	71
9535715	69
9535716	70
9535744	69
9535745	71
9535746	71
9535747	71
9535748	70
9535760	71
9535768	69
9535770	71
9535771	71
9535772	70
9535776	70
9535778	72
9535779	70
9535780	71
9536000	70
9536001	72
9536002	72
9536003	72
9536004	71
9536008	72
9536016	72
9536018	74
9536019	72
9536020	73
9536024	72
9536026	72
9536027	72
9536028	71
9536032	71
9536034	73
9536035	71
9536036	72
9536512	70
9536513	72
9536514	72
9536515	70
9536516	71
9536520	72
9536528	72
9536530	74
9536531	72
9536532	73
9536536	70
9536538	70
9536539	72
9536540	69
9536544	71
9536546	73
9536547	71
9536548	72
9536640	72
9536641	74
9536642	74
9536643	74
9536644	73
9536704	70
9536705	72
9536706	72
9536707	70
9536708	71
9536720	72
9536728	72
9536730	74
9536731	72
9536732	73
9536736	71
9536738	73
9536739	71
9536740	72
9536768	71
9536769	73
9536770	73
9536771	73
9536772	72
9536784	73
9536792	71
9536794	73
9536795	73
9536796	72
9536800	72
9536802	74
9536803	72
9536804	73
9537024	68
9537025	70
9537026	70
9537027	68
9537028	69
9537032	70
9537040	70
9537042	72
9537043	70
9537044	71
9537048	68
9537050	68
9537051	70
9537052	67
9537056	69
9537058	71
9537059	69
9537060	70
9537152	70
9537153	70
9537154	70
9537155	70
9537156	69
9537216	70
9537217	72
9537218	72
9537219	72
9537220	71
9537232	72
9537240	70
9537242	72
9537243	72
9537244	71
9537248	71
9537250	73
9537251	71
9537252	72
9537280	69
9537281	69
9537282	69
9537283	69
9537284	68
9537296	69
9537304	69
9537306	69
9537307	69
9537308	68
9537312	70
9537314	70
9537315	70
9537316	69
9537536	69
9537537	71
9537538	71
9537539	71
9537540	70
9537544	71
9537552	71
9537554	73
9537555	71
9537556	72
9537560	71
9537562	71
9537563	71
9537564	70
9537568	70
9537570	72
9537571	70
9537572	71
9537664	71
9537665	73
9537666	73
9537667	73
9537668	72
9537728	69
9537729	71
9537730	71
9537731	69
9537732	70
9537744	71
9537752	71
9537754	73
9537755	71
9537756	72
9537760	70
9537762	72
9537763	70
9537764	71
9537792	70
9537793	72
9537794	72
9537795	72
9537796	71
9537808	72
9537816	70
9537818	72
9537819	72
9537820	71
9537824	71
9537826	73
9537827	71
9537828	72
9543680	68
9543681	70
9543682	70
9543683	70
9543684	69
9543688	70
9543696	70
9543698	72
9543699	70
9543700	71
9543704	70
9543706	70
9543707	70
9543708	69
9543712	69
9543714	71
9543715	71
9543716	70
9543744	70
9543745	72
9543746	72
9543747	72
9543748	71
9543808	70
9543809	72
9543810	72
9543811	72
9543812	71
9543824	72
9543832	72
9543834	72
9543835	72
9543836	71
9543840	71
9543842	73
9543843	71
9543844	72
9543872	70
9543873	72
9543874	72
9543875	70
9543876	71
9543888	72
9543896	70
9543898	72
9543899	72
9543900	71
9543904	71
9543906	71
9543907	71
9543908	72
9543936	69
9543937	71
9543938	71
9543939	71
9543940	70
9543952	71
9543960	71
9543962	71
9543963	71
9543964	70
9543968	70
9543970	72
9543971	72
9543972	71
9547776	68
9547777	70
9547778	70
9547779	70
9547780	69
9547784	70
9547792	70
9547794	72
9547795	70
9547796	71
9547800	70
9547802	70
9547803	70
9547804	69
9547808	69
9547810	71
9547811	71
9547812	70
9547840	70
9547841	72
9547842	72
9547843	72
9547844	71
9547904	70
9547905	72
9547906	72
9547907	72
9547908	71
9547920	72
9547928	72
9547930	72
9547931	72
9547932	71
9547936	71
9547938	73
9547939	71
9547940	72
9547968	70
9547969	72
9547970	72
9547971	70
9547972	71
9547984	72
9547992	70
9547994	72
9547995	72
9547996	71
9548000	71
9548002	71
9548003	71
9548004	72
9548032	69
9548033	71
9548034	71
9548035	71
9548036	70
9548048	71
9548056	71
9548058	71
9548059	71
9548060	70
9548064	70
9548066	72
9548067	72
9548068	71
9548800	70
9548801	72
9548802	72
9548803	72
9548804	71
9548808	72
9548816	72
9548818	74
9548819	72
9548820	73
9548824	72
9548826	72
9548827	72
9548828	71
9548832	71
9548834	73
9548835	71
9548836	72
9549312	70
9549313	72
9549314	72
9549315	70
9549316	71
9549320	72
9549328	72
9549330	74
9549331	72
9549332	73
9549336	70
9549338	70
9549339	72
9549340	69
9549344	71
9549346	73
9549347	71
9549348	72
9549440	70
9549441	72
9549442	72
9549443	72
9549444	71
9549504	70
9549505	72
9549506	72
9549507	72
9549508	71
9549520	72
9549528	72
9549530	72
9549531	72
9549532	71
9549536	71
9549538	73
9549539	71
9549540	72
9549568	71
9549569	71
9549570	71
9549571	71
9549572	70
9549584	71
9549592	71
9549594	71
9549595	71
9549596	70
9549600	72
9549602	72
9549603	72
9549604	71
9549824	69
9549825	71
9549826	71
9549827	71
9549828	70
9549832	71
9549840	71
9549842	73
9549843	71
9549844	72
9549848	71
9549850	71
9549851	71
9549852	70
9549856	70
9549858	72
9549859	70
9549860	71
9549952	71
9549953	73
9549954	73
9549955	73
9549956	72
9550016	69
9550017	71
9550018	71
9550019	69
9550020	70
9550032	71
9550040	71
9550042	73
9550043	71
9550044	72
9550048	70
9550050	72
9550051	70
9550052	71
9550080	70
9550081	72
9550082	72
9550083	72
9550084	71
9550096	72
9550104	72
9550106	72
9550107	72
9550108	71
9550112	71
9550114	73
9550115	71
9550116	72
9551872	69
9551873	71
9551874	71
9551875	69
9551876	70
9551880	71
9551888	71
9551890	73
9551891	71
9551892	72
9551896	69
9551898	69
9551899	71
9551900	68
9551904	70
9551906	72
9551907	70
9551908	71
9551936	71
9551937	71
9551938	71
9551939	71
9551940	70
9552000	71
9552001	71
9552002	71
9552003	71
9552004	70
9552016	71
9552024	71
9552026	71
9552027	71
9552028	70
9552032	70
9552034	72
9552035	70
9552036	71
9552064	69
9552065	71
9552066	71
9552067	69
9552068	70
9552080	71
9552088	71
9552090	71
9552091	71
9552092	70
9552096	70
9552098	72
9552099	70
9552100	71
9552128	70
9552129	70
9552130	70
9552131	70
9552132	69
9552144	70
9552152	70
9552154	70
9552155	70
9552156	69
9552160	71
9552162	71
9552163	71
9552164	70
9552896	69
9552897	71
9552898	71
9552899	71
9552900	70
9552904	71
9552912	71
9552914	73
9552915	71
9552916	72
9552920	71
9552922	71
9552923	71
9552924	70
9552928	70
9552930	72
9552931	70
9552932	71
9553408	69
9553409	71
9553410	71
9553411	69
9553412	70
9553416	71
9553424	71
9553426	73
9553427	71
9553428	72
9553432	69
9553434	69
9553435	71
9553436	68
9553440	70
9553442	72
9553443	70
9553444	71
9553536	71
9553537	71
9553538	71
9553539	71
9553540	70
9553600	71
9553601	71
9553602	71
9553603	71
9553604	70
9553616	71
9553624	71
9553626	71
9553627	71
9553628	70
9553632	72
9553634	72
9553635	72
9553636	71
9553664	70
9553665	70
9553666	70
9553667	70
9553668	69
9553680	70
9553688	70
9553690	70
9553691	70
9553692	69
9553696	71
9553698	71
9553699	71
9553700	70
9553920	70
9553921	72
9553922	72
9553923	70
9553924	71
9553928	72
9553936	72
9553938	74
9553939	72
9553940	73
9553944	70
9553946	70
9553947	72
9553948	69
9553952	71
9553954	73
9553955	71
9553956	72
9554048	70
9554049	72
9554050	72
9554051	72
9554052	71
9554112	70
9554113	72
9554114	72
9554115	70
9554116	71
9554128	72
9554136	72
9554138	72
9554139	72
9554140	71
9554144	71
9554146	73
9554147	71
9554148	72
9554176	71
9554177	71
9554178	71
9554179	71
9554180	70
9554192	71
9554200	71
9554202	71
9554203	71
9554204	70
9554208	72
9554210	72
9554211	72
9554212	71
9568256	67
9568257	69
9568258	69
9568259	69
9568260	68
9568264	69
9568272	69
9568274	71
9568275	69
9568276	70
9568280	69
9568282	69
9568283	69
9568284	68
9568288	68
9568290	70
9568291	70
9568292	69
9568320	69
9568321	71
9568322	71
9568323	71
9568324	70
9568384	69
9568385	71
9568386	71
9568387	71
9568388	70
9568400	71
9568408	71
9568410	71
9568411	71
9568412	70
9568416	70
9568418	72
9568419	70
9568420	71
9568448	69
9568449	71
9568450	71
9568451	69
9568452	70
9568464	71
9568472	69
9568474	71
9568475	71
9568476	70
9568480	70
9568482	70
9568483	70
9568484	71
9568512	68
9568513	70
9568514	70
9568515	70
9568516	69
9568528	70
9568536	70
9568538	70
9568539	70
9568540	69
9568544	69
9568546	71
9568547	71
9568548	70
9568768	69
9568769	71
9568770	71
9568771	71
9568772	70
9568776	71
9568784	71
9568786	73
9568787	71
9568788	72
9568792	71
9568794	71
9568795	71
9568796	70
9568800	70
9568802	72
9568803	70
9568804	71
9569280	69
9569281	71
9569282	71
9569283	71
9569284	70
9569288	71
9569296	71
9569298	73
9569299	71
9569300	72
9569304	71
9569306	71
9569307	71
9569308	70
9569312	70
9569314	72
9569315	70
9569316	71
9569408	71
9569409	73
9569410	73
9569411	73
9569412	72
9569472	69
9569473	71
9569474	71
9569475	69
9569476	70
9569488	71
9569496	71
9569498	73
9569499	71
9569500	72
9569504	70
9569506	72
9569507	70
9569508	71
9569536	70
9569537	72
9569538	72
9569539	72
9569540	71
9569552	72
9569560	70
9569562	72
9569563	72
9569564	71
9569568	71
9569570	73
9569571	71
9569572	72
9569792	69
9569793	71
9569794	71
9569795	69
9569796	70
9569800	71
9569808	71
9569810	73
9569811	71
9569812	72
9569816	69
9569818	69
9569819	71
9569820	68
9569824	70
9569826	72
9569827	70
9569828	71
9569920	69
9569921	71
9569922	71
9569923	71
9569924	70
9569984	69
9569985	71
9569986	71
9569987	71
9569988	70
9570000	71
9570008	71
9570010	71
9570011	71
9570012	70
9570016	70
9570018	72
9570019	70
9570020	71
9570048	70
9570049	70
9570050	70
9570051	70
9570052	69
9570064	70
9570072	70
9570074	70
9570075	70
9570076	69
9570080	71
9570082	71
9570083	71
9570084	70
9570304	68
9570305	70
9570306	70
9570307	70
9570308	69
9570312	70
9570320	70
9570322	72
9570323	70
9570324	71
9570328	70
9570330	70
9570331	70
9570332	69
9570336	69
9570338	71
9570339	69
9570340	70
9570432	70
9570433	72
9570434	72
9570435	72
9570436	71
9570496	68
9570497	70
9570498	70
9570499	68
9570500	69
9570512	70
9570520	70
9570522	72
9570523	70
9570524	71
9570528	69
9570530	71
9570531	69
9570532	70
9570560	69
9570561	71
9570562	71
9570563	71
9570564	70
9570576	71
9570584	71
9570586	71
9570587	71
9570588	70
9570592	70
9570594	72
9570595	70
9570596	71
9576448	69
9576449	71
9576450	71
9576451	71
9576452	70
9576456	71
9576464	71
9576466	73
9576467	71
9576468	72
9576472	71
9576474	71
9576475	71
9576476	70
9576480	70
9576482	72
9576483	72
9576484	71
9576512	71
9576513	73
9576514	73
9576515	73
9576516	72
9576576	71
9576577	73
9576578	73
9576579	73
9576580	72
9576592	73
9576600	73
9576602	73
9576603	73
9576604	72
9576608	72
9576610	74
9576611	72
9576612	73
9576640	71
9576641	73
9576642	73
9576643	71
9576644	72
9576656	73
9576664	71
9576666	73
9576667	73
9576668	72
9576672	72
9576674	72
9576675	72
9576676	73
9576704	70
9576705	72
9576706	72
9576707	72
9576708	71
9576720	72
9576728	72
9576730	72
9576731	72
9576732	71
9576736	71
9576738	73
9576739	73
9576740	72
9580544	67
9580545	69
9580546	69
9580547	69
9580548	68
9580552	69
9580560	69
9580562	71
9580563	69
9580564	70
9580568	69
9580570	71
9580571	69
9580572	70
9580576	68
9580578	70
9580579	68
9580580	69
9580608	69
9580609	71
9580610	71
9580611	71
9580612	70
9580672	69
9580673	71
9580674	71
9580675	69
9580676	70
9580688	71
9580696	71
9580698	71
9580699	71
9580700	70
9580704	70
9580706	72
9580707	70
9580708	71
9580736	67
9580737	69
9580738	69
9580739	67
9580740	68
9580752	69
9580760	69
9580762	71
9580763	69
9580764	70
9580768	68
9580770	70
9580771	68
9580772	69
9580800	68
9580801	70
9580802	70
9580803	70
9580804	69
9580816	70
9580824	70
9580826	72
9580827	70
9580828	71
9580832	69
9580834	71
9580835	69
9580836	70
9581568	69
9581569	71
9581570	71
9581571	71
9581572	70
9581576	71
9581584	71
9581586	73
9581587	71
9581588	72
9581592	71
9581594	71
9581595	71
9581596	70
9581600	70
9581602	72
9581603	70
9581604	71
9582080	69
9582081	71
9582082	71
9582083	71
9582084	70
9582088	71
9582096	71
9582098	73
9582099	71
9582100	72
9582104	71
9582106	71
9582107	71
9582108	70
9582112	70
9582114	72
9582115	70
9582116	71
9582208	71
9582209	73
9582210	73
9582211	73
9582212	72
9582272	69
9582273	71
9582274	71
9582275	71
9582276	70
9582288	71
9582296	71
9582298	73
9582299	71
9582300	72
9582304	70
9582306	72
9582307	70
9582308	71
9582336	70
9582337	72
9582338	72
9582339	72
9582340	71
9582352	72
9582360	72
9582362	72
9582363	72
9582364	71
9582368	71
9582370	73
9582371	71
9582372	72
9582592	68
9582593	70
9582594	70
9582595	70
9582596	69
9582600	70
9582608	70
9582610	72
9582611	70
9582612	71
9582616	70
9582618	72
9582619	70
9582620	71
9582624	69
9582626	71
9582627	69
9582628	70
9582720	70
9582721	72
9582722	72
9582723	72
9582724	71
9582784	68
9582785	70
9582786	70
9582787	68
9582788	69
9582800	70
9582808	70
9582810	72
9582811	70
9582812	71
9582816	69
9582818	71
9582819	69
9582820	70
9582848	69
9582849	71
9582850	71
9582851	71
9582852	70
9582864	71
9582872	71
9582874	73
9582875	71
9582876	72
9582880	70
9582882	72
9582883	70
9582884	71
9584640	68
9584641	70
9584642	70
9584643	70
9584644	69
9584648	70
9584656	70
9584658	72
9584659	70
9584660	71
9584664	70
9584666	70
9584667	70
9584668	69
9584672	69
9584674	71
9584675	71
9584676	70
9584704	70
9584705	72
9584706	72
9584707	72
9584708	71
9584768	70
9584769	72
9584770	72
9584771	72
9584772	71
9584784	72
9584792	72
9584794	72
9584795	72
9584796	71
9584800	71
9584802	73
9584803	71
9584804	72
9584832	70
9584833	72
9584834	72
9584835	70
9584836	71
9584848	72
9584856	70
9584858	72
9584859	72
9584860	71
9584864	71
9584866	71
9584867	71
9584868	72
9584896	69
9584897	71
9584898	71
9584899	71
9584900	70
9584912	71
9584920	71
9584922	71
9584923	71
9584924	70
9584928	70
9584930	72
9584931	72
9584932	71
9585664	70
9585665	72
9585666	72
9585667	72
9585668	71
9585672	72
9585680	72
9585682	74
9585683	72
9585684	73
9585688	72
9585690	72
9585691	72
9585692	71
9585696	71
9585698	73
9585699	71
9585700	72
9586176	70
9586177	72
9586178	72
9586179	70
9586180	71
9586184	72
9586192	72
9586194	74
9586195	72
9586196	73
9586200	70
9586202	70
9586203	72
9586204	69
9586208	71
9586210	73
9586211	71
9586212	72
9586304	70
9586305	72
9586306	72
9586307	72
9586308	71
9586368	70
9586369	72
9586370	72
9586371	72
9586372	71
9586384	72
9586392	72
9586394	72
9586395	72
9586396	71
9586400	71
9586402	73
9586403	71
9586404	72
9586432	71
9586433	71
9586434	71
9586435	71
9586436	70
9586448	71
9586456	71
9586458	71
9586459	71
9586460	70
9586464	72
9586466	72
9586467	72
9586468	71
9586688	69
9586689	71
9586690	71
9586691	71
9586692	70
9586696	71
9586704	71
9586706	73
9586707	71
9586708	72
9586712	71
9586714	71
9586715	71
9586716	70
9586720	70
9586722	72
9586723	70
9586724	71
9586816	71
9586817	73
9586818	73
9586819	73
9586820	72
9586880	69
9586881	71
9586882	71
9586883	69
9586884	70
9586896	71
9586904	71
9586906	73
9586907	71
9586908	72
9586912	70
9586914	72
9586915	70
9586916	71
9586944	70
9586945	72
9586946	72
9586947	72
9586948	71
9586960	72
9586968	72
9586970	72
9586971	72
9586972	71
9586976	71
9586978	73
9586979	71
9586980	72
