0	88
1	90
2	90
3	88
4	89
8	90
16	90
18	90
19	90
20	91
24	90
26	90
27	90
28	89
32	89
34	91
35	89
36	90
64	90
65	92
66	92
67	90
68	91
128	90
129	92
130	92
131	90
132	91
144	90
152	90
154	92
155	92
156	91
160	91
162	93
163	89
164	92
192	88
193	90
194	90
195	88
196	89
208	90
216	90
218	92
219	90
220	91
224	89
226	89
227	89
228	90
256	89
257	91
258	91
259	89
260	90
272	91
280	91
282	91
283	91
284	90
288	90
290	92
291	90
292	91
512	90
513	92
514	92
515	90
516	91
520	92
528	92
530	92
531	92
532	93
536	92
538	92
539	92
540	91
544	91
546	91
547	91
548	92
1024	90
1025	92
1026	92
1027	90
1028	91
1032	92
1040	92
1042	92
1043	92
1044	93
1048	92
1050	92
1051	92
1052	91
1056	91
1058	93
1059	91
1060	92
1152	90
1153	92
1154	92
1155	92
1156	91
1216	90
1217	92
1218	92
1219	90
1220	91
1232	92
1240	92
1242	92
1243	92
1244	93
1248	91
1250	91
1251	91
1252	92
1280	91
1281	93
1282	93
1283	91
1284	92
1296	93
1304	91
1306	93
1307	93
1308	92
1312	92
1314	92
1315	92
1316	93
1536	90
1537	90
1538	92
1539	90
1540	91
1544	92
1552	92
1554	92
1555	92
1556	93
1560	90
1562	90
1563	92
1564	89
1568	91
1570	91
1571	91
1572	92
1664	90
1665	92
1666	92
1667	92
1668	91
1728	90
1729	92
1730	92
1731	90
1732	91
1744	92
1752	92
1754	92
1755	92
1756	91
1760	91
1762	93
1763	91
1764	92
1792	91
1793	91
1794	91
1795	91
1796	90
1808	91
1816	91
1818	91
1819	91
1820	90
1824	92
1826	92
1827	92
1828	91
2048	89
2049	91
2050	91
2051	89
2052	90
2056	91
2064	91
2066	91
2067	91
2068	92
2072	91
2074	91
2075	91
2076	90
2080	90
2082	92
2083	90
2084	91
2176	91
2177	93
2178	93
2179	91
2180	92
2240	89
2241	91
2242	91
2243	89
2244	90
2256	91
2264	91
2266	93
2267	91
2268	92
2272	90
2274	90
2275	90
2276	91
2304	90
2305	92
2306	92
2307	90
2308	91
2320	92
2328	92
2330	92
2331	92
2332	91
2336	91
2338	93
2339	91
2340	92
4096	90
4097	92
4098	92
4099	90
4100	91
4104	92
4112	92
4114	92
4115	92
4116	93
4120	92
4122	92
4123	92
4124	91
4128	91
4130	93
4131	91
4132	92
4160	92
4161	94
4162	94
4163	92
4164	93
4224	92
4225	94
4226	94
4227	92
4228	93
4240	92
4248	92
4250	94
4251	94
4252	93
4256	93
4258	95
4259	91
4260	94
4288	90
4289	92
4290	92
4291	90
4292	91
4304	92
4312	92
4314	94
4315	92
4316	93
4320	91
4322	91
4323	91
4324	92
4352	91
4353	93
4354	93
4355	91
4356	92
4368	93
4376	93
4378	93
4379	93
4380	92
4384	92
4386	94
4387	92
4388	93
8192	90
8193	92
8194	92
8195	90
8196	91
8200	92
8208	92
8210	92
8211	92
8212	93
8216	92
8218	92
8219	92
8220	91
8224	91
8226	93
8227	91
8228	92
8256	92
8257	94
8258	94
8259	92
8260	93
8320	92
8321	94
8322	94
8323	92
8324	93
8336	92
8344	92
8346	94
8347	94
8348	93
8352	93
8354	95
8355	91
8356	94
8384	90
8385	92
8386	92
8387	90
8388	91
8400	92
8408	92
8410	94
8411	92
8412	93
8416	91
8418	91
8419	91
8420	92
8448	91
8449	93
8450	93
8451	91
8452	92
8464	93
8472	93
8474	93
8475	93
8476	92
8480	92
8482	94
8483	92
8484	93
9216	90
9217	92
9218	92
9219	90
9220	91
9224	92
9232	92
9234	92
9235	92
9236	93
9240	92
9242	92
9243	92
9244	91
9248	91
9250	93
9251	91
9252	92
9728	90
9729	92
9730	92
9731	90
9732	91
9736	92
9744	92
9746	92
9747	92
9748	93
9752	92
9754	92
9755	92
9756	91
9760	91
9762	93
9763	91
9764	92
9856	92
9857	94
9858	94
9859	92
9860	93
9920	92
9921	94
9922	94
9923	92
9924	93
9936	92
9944	92
9946	94
9947	94
9948	93
9952	93
9954	95
9955	91
9956	94
9984	91
9985	93
9986	93
9987	91
9988	92
10000	93
10008	93
10010	93
10011	93
10012	92
10016	92
10018	94
10019	92
10020	93
10240	91
10241	93
10242	93
10243	91
10244	92
10248	91
10256	93
10258	93
10259	91
10260	92
10264	91
10266	93
10267	93
10268	92
10272	92
10274	94
10275	90
10276	93
10368	93
10369	95
10370	95
10371	93
10372	94
10432	89
10433	91
10434	91
10435	89
10436	90
10448	91
10456	93
10458	95
10459	91
10460	94
10464	90
10466	92
10467	90
10468	91
10496	92
10497	94
10498	94
10499	92
10500	93
10512	92
10520	92
10522	94
10523	94
10524	93
10528	93
10530	95
10531	91
10532	94
12288	88
12289	90
12290	90
12291	90
12292	89
12296	90
12304	90
12306	90
12307	90
12308	91
12312	90
12314	90
12315	90
12316	91
12320	89
12322	91
12323	89
12324	90
12352	90
12353	92
12354	92
12355	92
12356	91
12416	90
12417	92
12418	92
12419	90
12420	91
12432	92
12440	92
12442	92
12443	92
12444	91
12448	91
12450	93
12451	91
12452	92
12480	88
12481	90
12482	90
12483	88
12484	89
12496	90
12504	90
12506	92
12507	90
12508	91
12512	89
12514	89
12515	89
12516	90
12544	89
12545	91
12546	91
12547	91
12548	90
12560	91
12568	91
12570	91
12571	91
12572	92
12576	90
12578	92
12579	90
12580	91
13312	90
13313	92
13314	92
13315	90
13316	91
13320	92
13328	92
13330	92
13331	92
13332	93
13336	92
13338	92
13339	92
13340	91
13344	91
13346	91
13347	91
13348	92
13824	90
13825	92
13826	92
13827	90
13828	91
13832	92
13840	92
13842	92
13843	92
13844	93
13848	92
13850	92
13851	92
13852	91
13856	91
13858	93
13859	91
13860	92
13952	92
13953	94
13954	94
13955	92
13956	93
14016	90
14017	92
14018	92
14019	90
14020	91
14032	92
14040	92
14042	94
14043	92
14044	93
14048	91
14050	91
14051	91
14052	92
14080	91
14081	93
14082	93
14083	91
14084	92
14096	93
14104	93
14106	93
14107	93
14108	92
14112	92
14114	94
14115	92
14116	93
14336	89
14337	91
14338	91
14339	89
14340	90
14344	91
14352	91
14354	91
14355	91
14356	92
14360	91
14362	91
14363	91
14364	92
14368	90
14370	90
14371	90
14372	91
14464	89
14465	91
14466	91
14467	91
14468	90
14528	89
14529	91
14530	91
14531	89
14532	90
14544	91
14552	91
14554	91
14555	91
14556	92
14560	90
14562	90
14563	90
14564	91
14592	90
14593	92
14594	92
14595	90
14596	91
14608	92
14616	92
14618	92
14619	92
14620	93
14624	91
14626	91
14627	91
14628	92
16384	89
16385	91
16386	91
16387	89
16388	90
16392	91
16400	91
16402	91
16403	91
16404	92
16408	91
16410	91
16411	91
16412	90
16416	90
16418	92
16419	90
16420	91
16448	91
16449	93
16450	93
16451	91
16452	92
16512	91
16513	93
16514	93
16515	91
16516	92
16528	91
16536	91
16538	93
16539	93
16540	92
16544	92
16546	94
16547	90
16548	93
16576	89
16577	91
16578	91
16579	89
16580	90
16592	91
16600	91
16602	93
16603	91
16604	92
16608	90
16610	90
16611	90
16612	91
16640	90
16641	92
16642	92
16643	90
16644	91
16656	92
16664	92
16666	92
16667	92
16668	91
16672	91
16674	93
16675	91
16676	92
17408	91
17409	93
17410	93
17411	91
17412	92
17416	93
17424	93
17426	93
17427	93
17428	94
17432	93
17434	93
17435	93
17436	92
17440	92
17442	92
17443	92
17444	93
17920	91
17921	91
17922	93
17923	91
17924	92
17928	93
17936	93
17938	93
17939	93
17940	94
17944	91
17946	91
17947	93
17948	90
17952	92
17954	92
17955	92
17956	93
18048	91
18049	93
18050	93
18051	93
18052	92
18112	91
18113	93
18114	93
18115	91
18116	92
18128	93
18136	93
18138	93
18139	93
18140	92
18144	92
18146	94
18147	92
18148	93
18176	92
18177	92
18178	92
18179	92
18180	91
18192	92
18200	92
18202	92
18203	92
18204	91
18208	93
18210	93
18211	93
18212	92
18432	90
18433	92
18434	92
18435	90
18436	91
18440	92
18448	92
18450	92
18451	92
18452	93
18456	92
18458	92
18459	92
18460	91
18464	91
18466	93
18467	91
18468	92
18560	92
18561	94
18562	94
18563	92
18564	93
18624	90
18625	92
18626	92
18627	90
18628	91
18640	92
18648	92
18650	94
18651	92
18652	93
18656	91
18658	91
18659	91
18660	92
18688	91
18689	93
18690	93
18691	91
18692	92
18704	93
18712	93
18714	93
18715	93
18716	92
18720	92
18722	94
18723	92
18724	93
32768	90
32769	92
32770	92
32771	90
32772	91
32776	92
32784	92
32786	92
32787	92
32788	93
32792	92
32794	92
32795	92
32796	91
32800	91
32802	93
32803	91
32804	92
32832	92
32833	94
32834	94
32835	92
32836	93
32896	92
32897	94
32898	94
32899	92
32900	93
32912	92
32920	92
32922	94
32923	94
32924	93
32928	93
32930	95
32931	91
32932	94
32960	90
32961	92
32962	92
32963	90
32964	91
32976	92
32984	92
32986	94
32987	92
32988	93
32992	91
32994	91
32995	91
32996	92
33024	91
33025	93
33026	93
33027	91
33028	92
33040	93
33048	93
33050	93
33051	93
33052	92
33056	92
33058	94
33059	92
33060	93
33280	92
33281	94
33282	94
33283	92
33284	93
33288	94
33296	94
33298	94
33299	94
33300	95
33304	94
33306	94
33307	94
33308	93
33312	93
33314	93
33315	93
33316	94
33792	92
33793	94
33794	94
33795	92
33796	93
33800	94
33808	94
33810	94
33811	94
33812	95
33816	94
33818	94
33819	94
33820	93
33824	93
33826	93
33827	93
33828	94
33920	92
33921	94
33922	94
33923	94
33924	93
33984	92
33985	94
33986	94
33987	92
33988	93
34000	94
34008	94
34010	94
34011	94
34012	95
34016	93
34018	93
34019	93
34020	94
34048	93
34049	95
34050	95
34051	93
34052	94
34064	95
34072	93
34074	95
34075	95
34076	94
34080	94
34082	94
34083	94
34084	95
34304	92
34305	92
34306	94
34307	92
34308	93
34312	94
34320	94
34322	94
34323	94
34324	95
34328	92
34330	92
34331	94
34332	91
34336	93
34338	93
34339	93
34340	94
34432	92
34433	94
34434	94
34435	94
34436	93
34496	92
34497	94
34498	94
34499	92
34500	93
34512	94
34520	94
34522	94
34523	94
34524	93
34528	93
34530	93
34531	93
34532	94
34560	93
34561	93
34562	93
34563	93
34564	92
34576	93
34584	93
34586	93
34587	93
34588	92
34592	94
34594	94
34595	94
34596	93
34816	91
34817	93
34818	93
34819	91
34820	92
34824	93
34832	93
34834	93
34835	93
34836	94
34840	93
34842	93
34843	93
34844	92
34848	92
34850	92
34851	92
34852	93
34944	91
34945	93
34946	93
34947	93
34948	92
35008	91
35009	93
35010	93
35011	91
35012	92
35024	93
35032	93
35034	93
35035	93
35036	94
35040	92
35042	92
35043	92
35044	93
35072	92
35073	94
35074	94
35075	92
35076	93
35088	94
35096	94
35098	94
35099	94
35100	93
35104	93
35106	93
35107	93
35108	94
65536	90
65537	92
65538	92
65539	90
65540	91
65544	92
65552	92
65554	92
65555	92
65556	93
65560	92
65562	92
65563	92
65564	91
65568	91
65570	93
65571	91
65572	92
65600	92
65601	94
65602	94
65603	92
65604	93
65664	92
65665	94
65666	94
65667	92
65668	93
65680	92
65688	92
65690	94
65691	94
65692	93
65696	93
65698	95
65699	91
65700	94
65728	90
65729	92
65730	92
65731	90
65732	91
65744	92
65752	92
65754	94
65755	92
65756	93
65760	91
65762	91
65763	91
65764	92
65792	91
65793	93
65794	93
65795	91
65796	92
65808	93
65816	93
65818	93
65819	93
65820	92
65824	92
65826	94
65827	92
65828	93
66048	92
66049	94
66050	94
66051	92
66052	93
66056	94
66064	94
66066	94
66067	94
66068	95
66072	94
66074	94
66075	94
66076	93
66080	93
66082	93
66083	93
66084	94
66560	92
66561	94
66562	94
66563	92
66564	93
66568	94
66576	94
66578	94
66579	94
66580	95
66584	94
66586	94
66587	94
66588	93
66592	93
66594	95
66595	93
66596	94
66688	92
66689	94
66690	94
66691	94
66692	93
66752	92
66753	94
66754	94
66755	92
66756	93
66768	94
66776	94
66778	94
66779	94
66780	95
66784	93
66786	93
66787	93
66788	94
66816	93
66817	95
66818	95
66819	93
66820	94
66832	95
66840	93
66842	95
66843	95
66844	94
66848	94
66850	94
66851	94
66852	95
67072	92
67073	92
67074	94
67075	92
67076	93
67080	94
67088	94
67090	94
67091	94
67092	95
67096	92
67098	92
67099	94
67100	91
67104	93
67106	93
67107	93
67108	94
67200	92
67201	94
67202	94
67203	94
67204	93
67264	92
67265	94
67266	94
67267	92
67268	93
67280	94
67288	94
67290	94
67291	94
67292	93
67296	93
67298	95
67299	93
67300	94
67328	93
67329	93
67330	93
67331	93
67332	92
67344	93
67352	93
67354	93
67355	93
67356	92
67360	94
67362	94
67363	94
67364	93
67584	91
67585	93
67586	93
67587	91
67588	92
67592	93
67600	93
67602	93
67603	93
67604	94
67608	93
67610	93
67611	93
67612	92
67616	92
67618	94
67619	92
67620	93
67712	93
67713	95
67714	95
67715	93
67716	94
67776	91
67777	93
67778	93
67779	91
67780	92
67792	93
67800	93
67802	95
67803	93
67804	94
67808	92
67810	92
67811	92
67812	93
67840	92
67841	94
67842	94
67843	92
67844	93
67856	94
67864	94
67866	94
67867	94
67868	93
67872	93
67874	95
67875	93
67876	94
73728	90
73729	92
73730	92
73731	92
73732	91
73736	92
73744	92
73746	92
73747	92
73748	93
73752	92
73754	92
73755	92
73756	93
73760	91
73762	93
73763	93
73764	92
73792	92
73793	94
73794	94
73795	94
73796	93
73856	92
73857	94
73858	94
73859	94
73860	93
73872	94
73880	94
73882	94
73883	94
73884	95
73888	93
73890	95
73891	93
73892	94
73920	92
73921	94
73922	94
73923	92
73924	93
73936	94
73944	92
73946	94
73947	94
73948	93
73952	93
73954	93
73955	93
73956	94
73984	91
73985	93
73986	93
73987	93
73988	92
74000	93
74008	93
74010	93
74011	93
74012	94
74016	92
74018	94
74019	94
74020	93
77824	90
77825	92
77826	92
77827	92
77828	91
77832	92
77840	92
77842	92
77843	92
77844	93
77848	92
77850	92
77851	92
77852	93
77856	91
77858	93
77859	91
77860	92
77888	92
77889	94
77890	94
77891	94
77892	93
77952	92
77953	94
77954	94
77955	92
77956	93
77968	94
77976	94
77978	94
77979	94
77980	93
77984	93
77986	95
77987	93
77988	94
78016	90
78017	92
78018	92
78019	90
78020	91
78032	92
78040	92
78042	94
78043	92
78044	93
78048	91
78050	91
78051	91
78052	92
78080	91
78081	93
78082	93
78083	93
78084	92
78096	93
78104	93
78106	93
78107	93
78108	94
78112	92
78114	94
78115	92
78116	93
78848	92
78849	94
78850	94
78851	92
78852	93
78856	94
78864	94
78866	94
78867	94
78868	95
78872	94
78874	94
78875	94
78876	93
78880	93
78882	93
78883	93
78884	94
79360	92
79361	94
79362	94
79363	92
79364	93
79368	94
79376	94
79378	94
79379	94
79380	95
79384	94
79386	94
79387	94
79388	93
79392	93
79394	93
79395	93
79396	94
79488	92
79489	94
79490	94
79491	94
79492	93
79552	92
79553	94
79554	94
79555	92
79556	93
79568	94
79576	94
79578	94
79579	94
79580	95
79584	93
79586	93
79587	93
79588	94
79616	93
79617	95
79618	95
79619	93
79620	94
79632	95
79640	93
79642	95
79643	95
79644	94
79648	94
79650	94
79651	94
79652	95
79872	91
79873	93
79874	93
79875	91
79876	92
79880	93
79888	93
79890	93
79891	93
79892	94
79896	93
79898	93
79899	93
79900	94
79904	92
79906	92
79907	92
79908	93
80000	91
80001	93
80002	93
80003	93
80004	92
80064	91
80065	93
80066	93
80067	91
80068	92
80080	93
80088	93
80090	93
80091	93
80092	94
80096	92
80098	92
80099	92
80100	93
80128	92
80129	94
80130	94
80131	92
80132	93
80144	94
80152	94
80154	94
80155	94
80156	95
80160	93
80162	93
80163	93
80164	94
81920	91
81921	93
81922	93
81923	91
81924	92
81928	93
81936	93
81938	93
81939	93
81940	94
81944	93
81946	93
81947	93
81948	92
81952	92
81954	94
81955	92
81956	93
81984	93
81985	95
81986	95
81987	93
81988	94
82048	93
82049	95
82050	95
82051	93
82052	94
82064	93
82072	93
82074	95
82075	95
82076	94
82080	94
82082	96
82083	92
82084	95
82112	91
82113	93
82114	93
82115	91
82116	92
82128	93
82136	93
82138	95
82139	93
82140	94
82144	92
82146	92
82147	92
82148	93
82176	92
82177	94
82178	94
82179	92
82180	93
82192	94
82200	92
82202	94
82203	94
82204	93
82208	93
82210	95
82211	93
82212	94
82944	93
82945	95
82946	95
82947	93
82948	94
82952	95
82960	95
82962	95
82963	95
82964	96
82968	95
82970	95
82971	95
82972	94
82976	94
82978	94
82979	94
82980	95
83456	91
83457	93
83458	93
83459	93
83460	92
83464	93
83472	93
83474	93
83475	93
83476	94
83480	91
83482	93
83483	93
83484	92
83488	92
83490	94
83491	94
83492	93
83584	93
83585	95
83586	95
83587	93
83588	94
83648	93
83649	95
83650	95
83651	93
83652	94
83664	95
83672	93
83674	95
83675	95
83676	94
83680	94
83682	94
83683	94
83684	95
83712	92
83713	94
83714	94
83715	94
83716	93
83728	94
83736	92
83738	94
83739	94
83740	93
83744	93
83746	95
83747	95
83748	94
83968	92
83969	94
83970	94
83971	92
83972	93
83976	94
83984	94
83986	94
83987	94
83988	95
83992	94
83994	94
83995	94
83996	93
84000	93
84002	93
84003	93
84004	94
84096	92
84097	94
84098	94
84099	94
84100	93
84160	92
84161	94
84162	94
84163	92
84164	93
84176	94
84184	94
84186	94
84187	94
84188	95
84192	93
84194	93
84195	93
84196	94
84224	93
84225	95
84226	95
84227	93
84228	94
84240	95
84248	93
84250	95
84251	95
84252	94
84256	94
84258	94
84259	94
84260	95
98304	90
98305	92
98306	92
98307	90
98308	91
98312	92
98320	92
98322	92
98323	92
98324	93
98328	92
98330	92
98331	92
98332	91
98336	91
98338	91
98339	91
98340	92
98368	92
98369	92
98370	92
98371	92
98372	91
98432	92
98433	94
98434	94
98435	92
98436	93
98448	92
98456	92
98458	92
98459	92
98460	93
98464	91
98466	93
98467	91
98468	92
98496	90
98497	92
98498	92
98499	90
98500	91
98512	92
98520	92
98522	92
98523	92
98524	93
98528	91
98530	91
98531	91
98532	92
98560	91
98561	93
98562	93
98563	91
98564	92
98576	93
98584	91
98586	93
98587	93
98588	92
98592	92
98594	92
98595	92
98596	93
98816	92
98817	94
98818	94
98819	92
98820	93
98824	94
98832	94
98834	94
98835	94
98836	95
98840	94
98842	94
98843	94
98844	93
98848	93
98850	93
98851	93
98852	94
99328	92
99329	92
99330	94
99331	92
99332	93
99336	94
99344	94
99346	94
99347	94
99348	95
99352	92
99354	92
99355	94
99356	91
99360	93
99362	93
99363	93
99364	94
99456	92
99457	94
99458	94
99459	94
99460	93
99520	92
99521	94
99522	94
99523	92
99524	93
99536	94
99544	94
99546	94
99547	94
99548	95
99552	93
99554	93
99555	93
99556	94
99584	93
99585	95
99586	95
99587	93
99588	94
99600	95
99608	93
99610	95
99611	95
99612	94
99616	94
99618	94
99619	94
99620	95
99840	90
99841	90
99842	92
99843	90
99844	91
99848	92
99856	92
99858	92
99859	92
99860	93
99864	90
99866	90
99867	92
99868	89
99872	91
99874	91
99875	91
99876	92
99968	92
99969	92
99970	92
99971	92
99972	91
100032	92
100033	94
100034	94
100035	92
100036	93
100048	94
100056	92
100058	94
100059	94
100060	93
100064	93
100066	93
100067	93
100068	94
100096	91
100097	91
100098	91
100099	91
100100	90
100112	91
100120	91
100122	91
100123	91
100124	90
100128	92
100130	92
100131	92
100132	91
100352	91
100353	93
100354	93
100355	91
100356	92
100360	93
100368	93
100370	93
100371	93
100372	94
100376	93
100378	93
100379	93
100380	92
100384	92
100386	92
100387	92
100388	93
100480	91
100481	93
100482	93
100483	93
100484	92
100544	91
100545	93
100546	93
100547	91
100548	92
100560	93
100568	93
100570	93
100571	93
100572	94
100576	92
100578	92
100579	92
100580	93
100608	92
100609	94
100610	94
100611	92
100612	93
100624	94
100632	92
100634	94
100635	94
100636	93
100640	93
100642	93
100643	93
100644	94
106496	90
106497	92
106498	92
106499	92
106500	91
106504	92
106512	92
106514	92
106515	92
106516	93
106520	92
106522	92
106523	92
106524	91
106528	91
106530	93
106531	93
106532	92
106560	92
106561	94
106562	94
106563	94
106564	93
106624	92
106625	94
106626	94
106627	94
106628	93
106640	94
106648	94
106650	94
106651	94
106652	93
106656	93
106658	95
106659	93
106660	94
106688	92
106689	94
106690	94
106691	92
106692	93
106704	94
106712	92
106714	94
106715	94
106716	93
106720	93
106722	93
106723	93
106724	94
106752	91
106753	93
106754	93
106755	93
106756	92
106768	93
106776	93
106778	93
106779	93
106780	92
106784	92
106786	94
106787	94
106788	93
110592	90
110593	92
110594	92
110595	90
110596	91
110600	92
110608	92
110610	92
110611	92
110612	93
110616	92
110618	92
110619	92
110620	91
110624	91
110626	93
110627	91
110628	92
110656	92
110657	94
110658	94
110659	92
110660	93
110720	92
110721	94
110722	94
110723	92
110724	93
110736	92
110744	92
110746	94
110747	94
110748	93
110752	93
110754	95
110755	91
110756	94
110784	90
110785	92
110786	92
110787	90
110788	91
110800	92
110808	92
110810	94
110811	92
110812	93
110816	91
110818	91
110819	91
110820	92
110848	91
110849	93
110850	93
110851	91
110852	92
110864	93
110872	93
110874	93
110875	93
110876	92
110880	92
110882	94
110883	92
110884	93
111616	92
111617	94
111618	94
111619	92
111620	93
111624	94
111632	94
111634	94
111635	94
111636	95
111640	94
111642	94
111643	94
111644	93
111648	93
111650	93
111651	93
111652	94
112128	92
112129	92
112130	94
112131	92
112132	93
112136	94
112144	94
112146	94
112147	94
112148	95
112152	92
112154	92
112155	94
112156	91
112160	93
112162	93
112163	93
112164	94
112256	92
112257	94
112258	94
112259	94
112260	93
112320	92
112321	94
112322	94
112323	92
112324	93
112336	94
112344	94
112346	94
112347	94
112348	93
112352	93
112354	95
112355	93
112356	94
112384	93
112385	93
112386	93
112387	93
112388	92
112400	93
112408	93
112410	93
112411	93
112412	92
112416	94
112418	94
112419	94
112420	93
112640	91
112641	93
112642	93
112643	91
112644	92
112648	93
112656	93
112658	93
112659	93
112660	94
112664	93
112666	93
112667	93
112668	92
112672	92
112674	94
112675	92
112676	93
112768	93
112769	95
112770	95
112771	93
112772	94
112832	91
112833	93
112834	93
112835	91
112836	92
112848	93
112856	93
112858	95
112859	93
112860	94
112864	92
112866	92
112867	92
112868	93
112896	92
112897	94
112898	94
112899	92
112900	93
112912	94
112920	94
112922	94
112923	94
112924	93
112928	93
112930	95
112931	93
112932	94
114688	91
114689	91
114690	93
114691	91
114692	92
114696	93
114704	93
114706	93
114707	93
114708	94
114712	91
114714	91
114715	93
114716	90
114720	92
114722	92
114723	92
114724	93
114752	93
114753	93
114754	93
114755	93
114756	92
114816	93
114817	93
114818	93
114819	93
114820	92
114832	93
114840	93
114842	93
114843	93
114844	92
114848	92
114850	94
114851	92
114852	93
114880	91
114881	93
114882	93
114883	91
114884	92
114896	93
114904	93
114906	93
114907	93
114908	92
114912	92
114914	92
114915	92
114916	93
114944	92
114945	92
114946	92
114947	92
114948	91
114960	92
114968	92
114970	92
114971	92
114972	91
114976	93
114978	93
114979	93
114980	92
115712	91
115713	93
115714	93
115715	91
115716	92
115720	93
115728	93
115730	93
115731	93
115732	94
115736	93
115738	93
115739	93
115740	92
115744	92
115746	92
115747	92
115748	93
116224	91
116225	91
116226	93
116227	91
116228	92
116232	93
116240	93
116242	93
116243	93
116244	94
116248	91
116250	91
116251	93
116252	90
116256	92
116258	92
116259	92
116260	93
116352	93
116353	93
116354	93
116355	93
116356	92
116416	93
116417	93
116418	93
116419	93
116420	92
116432	93
116440	93
116442	93
116443	93
116444	92
116448	94
116450	94
116451	94
116452	93
116480	92
116481	92
116482	92
116483	92
116484	91
116496	92
116504	92
116506	92
116507	92
116508	91
116512	93
116514	93
116515	93
116516	92
116736	92
116737	92
116738	94
116739	92
116740	93
116744	94
116752	94
116754	94
116755	94
116756	95
116760	92
116762	92
116763	94
116764	91
116768	93
116770	93
116771	93
116772	94
116864	92
116865	94
116866	94
116867	94
116868	93
116928	92
116929	94
116930	94
116931	92
116932	93
116944	94
116952	94
116954	94
116955	94
116956	93
116960	93
116962	93
116963	93
116964	94
116992	93
116993	93
116994	93
116995	93
116996	92
117008	93
117016	93
117018	93
117019	93
117020	92
117024	94
117026	94
117027	94
117028	93
131072	89
131073	91
131074	91
131075	89
131076	90
131080	91
131088	91
131090	91
131091	91
131092	92
131096	91
131098	91
131099	91
131100	90
131104	90
131106	92
131107	90
131108	91
131136	91
131137	93
131138	93
131139	91
131140	92
131200	91
131201	93
131202	93
131203	91
131204	92
131216	91
131224	91
131226	93
131227	93
131228	92
131232	92
131234	94
131235	90
131236	93
131264	89
131265	91
131266	91
131267	89
131268	90
131280	91
131288	91
131290	93
131291	91
131292	92
131296	90
131298	90
131299	90
131300	91
131328	90
131329	92
131330	92
131331	90
131332	91
131344	92
131352	92
131354	92
131355	92
131356	91
131360	91
131362	93
131363	91
131364	92
131584	91
131585	93
131586	93
131587	91
131588	92
131592	93
131600	93
131602	93
131603	93
131604	94
131608	93
131610	93
131611	93
131612	92
131616	92
131618	92
131619	92
131620	93
132096	91
132097	93
132098	93
132099	91
132100	92
132104	93
132112	93
132114	93
132115	93
132116	94
132120	93
132122	93
132123	93
132124	92
132128	92
132130	94
132131	92
132132	93
132224	91
132225	93
132226	93
132227	93
132228	92
132288	91
132289	93
132290	93
132291	91
132292	92
132304	93
132312	93
132314	93
132315	93
132316	94
132320	92
132322	92
132323	92
132324	93
132352	92
132353	94
132354	94
132355	92
132356	93
132368	94
132376	92
132378	94
132379	94
132380	93
132384	93
132386	93
132387	93
132388	94
132608	91
132609	91
132610	93
132611	91
132612	92
132616	93
132624	93
132626	93
132627	93
132628	94
132632	91
132634	91
132635	93
132636	90
132640	92
132642	92
132643	92
132644	93
132736	91
132737	93
132738	93
132739	93
132740	92
132800	91
132801	93
132802	93
132803	91
132804	92
132816	93
132824	93
132826	93
132827	93
132828	92
132832	92
132834	94
132835	92
132836	93
132864	92
132865	92
132866	92
132867	92
132868	91
132880	92
132888	92
132890	92
132891	92
132892	91
132896	93
132898	93
132899	93
132900	92
133120	90
133121	92
133122	92
133123	90
133124	91
133128	92
133136	92
133138	92
133139	92
133140	93
133144	92
133146	92
133147	92
133148	91
133152	91
133154	93
133155	91
133156	92
133248	92
133249	94
133250	94
133251	92
133252	93
133312	90
133313	92
133314	92
133315	90
133316	91
133328	92
133336	92
133338	94
133339	92
133340	93
133344	91
133346	91
133347	91
133348	92
133376	91
133377	93
133378	93
133379	91
133380	92
133392	93
133400	93
133402	93
133403	93
133404	92
133408	92
133410	94
133411	92
133412	93
139264	91
139265	93
139266	93
139267	91
139268	92
139272	93
139280	93
139282	93
139283	93
139284	94
139288	91
139290	93
139291	93
139292	92
139296	92
139298	94
139299	92
139300	93
139328	93
139329	95
139330	95
139331	93
139332	94
139392	93
139393	95
139394	95
139395	93
139396	94
139408	93
139416	93
139418	95
139419	95
139420	94
139424	94
139426	96
139427	92
139428	95
139456	91
139457	93
139458	93
139459	91
139460	92
139472	93
139480	93
139482	95
139483	93
139484	94
139488	92
139490	92
139491	92
139492	93
139520	92
139521	94
139522	94
139523	92
139524	93
139536	94
139544	92
139546	94
139547	94
139548	93
139552	93
139554	95
139555	93
139556	94
143360	89
143361	91
143362	91
143363	91
143364	90
143368	91
143376	91
143378	91
143379	91
143380	92
143384	91
143386	91
143387	91
143388	92
143392	90
143394	92
143395	90
143396	91
143424	91
143425	93
143426	93
143427	93
143428	92
143488	91
143489	93
143490	93
143491	91
143492	92
143504	93
143512	93
143514	93
143515	93
143516	92
143520	92
143522	94
143523	92
143524	93
143552	89
143553	91
143554	91
143555	89
143556	90
143568	91
143576	91
143578	93
143579	91
143580	92
143584	90
143586	90
143587	90
143588	91
143616	90
143617	92
143618	92
143619	92
143620	91
143632	92
143640	92
143642	92
143643	92
143644	93
143648	91
143650	93
143651	91
143652	92
144384	91
144385	93
144386	93
144387	91
144388	92
144392	93
144400	93
144402	93
144403	93
144404	94
144408	93
144410	93
144411	93
144412	92
144416	92
144418	92
144419	92
144420	93
144896	91
144897	93
144898	93
144899	91
144900	92
144904	93
144912	93
144914	93
144915	93
144916	94
144920	93
144922	93
144923	93
144924	92
144928	92
144930	94
144931	92
144932	93
145024	93
145025	95
145026	95
145027	93
145028	94
145088	91
145089	93
145090	93
145091	91
145092	92
145104	93
145112	93
145114	95
145115	93
145116	94
145120	92
145122	92
145123	92
145124	93
145152	92
145153	94
145154	94
145155	92
145156	93
145168	94
145176	94
145178	94
145179	94
145180	93
145184	93
145186	95
145187	93
145188	94
145408	90
145409	92
145410	92
145411	90
145412	91
145416	92
145424	92
145426	92
145427	92
145428	93
145432	92
145434	92
145435	92
145436	93
145440	91
145442	91
145443	91
145444	92
145536	90
145537	92
145538	92
145539	92
145540	91
145600	90
145601	92
145602	92
145603	90
145604	91
145616	92
145624	92
145626	92
145627	92
145628	93
145632	91
145634	91
145635	91
145636	92
145664	91
145665	93
145666	93
145667	91
145668	92
145680	93
145688	93
145690	93
145691	93
145692	94
145696	92
145698	92
145699	92
145700	93
147456	90
147457	92
147458	92
147459	90
147460	91
147464	92
147472	92
147474	92
147475	92
147476	93
147480	92
147482	92
147483	92
147484	91
147488	91
147490	93
147491	91
147492	92
147520	92
147521	94
147522	94
147523	92
147524	93
147584	92
147585	94
147586	94
147587	92
147588	93
147600	92
147608	92
147610	94
147611	94
147612	93
147616	93
147618	95
147619	91
147620	94
147648	90
147649	92
147650	92
147651	90
147652	91
147664	92
147672	92
147674	94
147675	92
147676	93
147680	91
147682	91
147683	91
147684	92
147712	91
147713	93
147714	93
147715	91
147716	92
147728	93
147736	93
147738	93
147739	93
147740	92
147744	92
147746	94
147747	92
147748	93
148480	92
148481	94
148482	94
148483	92
148484	93
148488	94
148496	94
148498	94
148499	94
148500	95
148504	94
148506	94
148507	94
148508	93
148512	93
148514	93
148515	93
148516	94
148992	92
148993	92
148994	94
148995	92
148996	93
149000	94
149008	94
149010	94
149011	94
149012	95
149016	92
149018	92
149019	94
149020	91
149024	93
149026	93
149027	93
149028	94
149120	92
149121	94
149122	94
149123	94
149124	93
149184	92
149185	94
149186	94
149187	92
149188	93
149200	94
149208	94
149210	94
149211	94
149212	93
149216	93
149218	95
149219	93
149220	94
149248	93
149249	93
149250	93
149251	93
149252	92
149264	93
149272	93
149274	93
149275	93
149276	92
149280	94
149282	94
149283	94
149284	93
149504	91
149505	93
149506	93
149507	91
149508	92
149512	93
149520	93
149522	93
149523	93
149524	94
149528	93
149530	93
149531	93
149532	92
149536	92
149538	94
149539	92
149540	93
149632	93
149633	95
149634	95
149635	93
149636	94
149696	91
149697	93
149698	93
149699	91
149700	92
149712	93
149720	93
149722	95
149723	93
149724	94
149728	92
149730	92
149731	92
149732	93
149760	92
149761	94
149762	94
149763	92
149764	93
149776	94
149784	94
149786	94
149787	94
149788	93
149792	93
149794	95
149795	93
149796	94
262144	90
262145	92
262146	92
262147	90
262148	91
262152	92
262160	92
262162	92
262163	92
262164	93
262168	92
262170	92
262171	92
262172	91
262176	91
262178	93
262179	91
262180	92
262208	92
262209	94
262210	94
262211	92
262212	93
262272	92
262273	94
262274	94
262275	92
262276	93
262288	92
262296	92
262298	94
262299	94
262300	93
262304	93
262306	95
262307	91
262308	94
262336	90
262337	92
262338	92
262339	90
262340	91
262352	92
262360	92
262362	94
262363	92
262364	93
262368	91
262370	91
262371	91
262372	92
262400	91
262401	93
262402	93
262403	91
262404	92
262416	93
262424	91
262426	93
262427	93
262428	92
262432	92
262434	94
262435	92
262436	93
262656	92
262657	94
262658	94
262659	92
262660	93
262664	94
262672	94
262674	94
262675	94
262676	95
262680	94
262682	94
262683	94
262684	93
262688	93
262690	93
262691	93
262692	94
263168	92
263169	94
263170	94
263171	92
263172	93
263176	94
263184	94
263186	94
263187	94
263188	95
263192	92
263194	94
263195	94
263196	93
263200	93
263202	95
263203	93
263204	94
263296	92
263297	94
263298	94
263299	94
263300	93
263360	92
263361	94
263362	94
263363	92
263364	93
263376	94
263384	94
263386	94
263387	94
263388	95
263392	93
263394	93
263395	93
263396	94
263424	93
263425	95
263426	95
263427	93
263428	94
263440	95
263448	93
263450	95
263451	95
263452	94
263456	94
263458	94
263459	94
263460	95
263680	90
263681	92
263682	92
263683	92
263684	91
263688	92
263696	92
263698	92
263699	92
263700	93
263704	90
263706	92
263707	92
263708	91
263712	91
263714	93
263715	93
263716	92
263808	92
263809	94
263810	94
263811	92
263812	93
263872	92
263873	94
263874	94
263875	92
263876	93
263888	94
263896	92
263898	94
263899	94
263900	93
263904	93
263906	95
263907	93
263908	94
263936	91
263937	93
263938	93
263939	93
263940	92
263952	93
263960	91
263962	93
263963	93
263964	92
263968	92
263970	94
263971	94
263972	93
264192	91
264193	93
264194	93
264195	91
264196	92
264200	93
264208	93
264210	93
264211	93
264212	94
264216	93
264218	93
264219	93
264220	92
264224	92
264226	94
264227	92
264228	93
264320	93
264321	95
264322	95
264323	93
264324	94
264384	91
264385	93
264386	93
264387	91
264388	92
264400	93
264408	93
264410	95
264411	93
264412	94
264416	92
264418	92
264419	92
264420	93
264448	92
264449	94
264450	94
264451	92
264452	93
264464	94
264472	92
264474	94
264475	94
264476	93
264480	93
264482	95
264483	93
264484	94
266240	92
266241	94
266242	94
266243	92
266244	93
266248	94
266256	94
266258	94
266259	94
266260	95
266264	92
266266	94
266267	94
266268	93
266272	93
266274	95
266275	93
266276	94
266304	94
266305	96
266306	96
266307	94
266308	95
266368	94
266369	96
266370	96
266371	94
266372	95
266384	94
266392	94
266394	96
266395	96
266396	95
266400	95
266402	97
266403	93
266404	96
266432	92
266433	94
266434	94
266435	92
266436	93
266448	94
266456	94
266458	96
266459	94
266460	95
266464	93
266466	93
266467	93
266468	94
266496	93
266497	95
266498	95
266499	93
266500	94
266512	95
266520	93
266522	95
266523	95
266524	94
266528	94
266530	96
266531	94
266532	95
270336	92
270337	94
270338	94
270339	92
270340	93
270344	94
270352	94
270354	94
270355	94
270356	95
270360	94
270362	94
270363	94
270364	93
270368	93
270370	95
270371	93
270372	94
270400	94
270401	96
270402	96
270403	94
270404	95
270464	94
270465	96
270466	96
270467	94
270468	95
270480	94
270488	94
270490	96
270491	96
270492	95
270496	95
270498	97
270499	93
270500	96
270528	92
270529	94
270530	94
270531	92
270532	93
270544	94
270552	94
270554	96
270555	94
270556	95
270560	93
270562	93
270563	93
270564	94
270592	93
270593	95
270594	95
270595	93
270596	94
270608	95
270616	93
270618	95
270619	95
270620	94
270624	94
270626	96
270627	94
270628	95
271360	92
271361	94
271362	94
271363	92
271364	93
271368	94
271376	94
271378	94
271379	94
271380	95
271384	94
271386	94
271387	94
271388	93
271392	93
271394	95
271395	93
271396	94
271872	92
271873	94
271874	94
271875	92
271876	93
271880	94
271888	94
271890	94
271891	94
271892	95
271896	92
271898	94
271899	94
271900	93
271904	93
271906	95
271907	93
271908	94
272000	94
272001	96
272002	96
272003	94
272004	95
272064	94
272065	96
272066	96
272067	94
272068	95
272080	94
272088	94
272090	96
272091	96
272092	95
272096	95
272098	97
272099	93
272100	96
272128	93
272129	95
272130	95
272131	93
272132	94
272144	95
272152	93
272154	95
272155	95
272156	94
272160	94
272162	96
272163	94
272164	95
272384	93
272385	95
272386	95
272387	93
272388	94
272392	93
272400	95
272402	95
272403	93
272404	94
272408	93
272410	95
272411	95
272412	94
272416	94
272418	96
272419	92
272420	95
272512	95
272513	97
272514	97
272515	95
272516	96
272576	91
272577	93
272578	93
272579	91
272580	92
272592	93
272600	95
272602	97
272603	93
272604	96
272608	92
272610	94
272611	92
272612	93
272640	94
272641	96
272642	96
272643	94
272644	95
272656	94
272664	94
272666	96
272667	96
272668	95
272672	95
272674	97
272675	93
272676	96
274432	90
274433	92
274434	92
274435	92
274436	91
274440	92
274448	92
274450	92
274451	92
274452	93
274456	92
274458	92
274459	92
274460	93
274464	91
274466	93
274467	91
274468	92
274496	92
274497	94
274498	94
274499	94
274500	93
274560	92
274561	94
274562	94
274563	92
274564	93
274576	94
274584	94
274586	94
274587	94
274588	93
274592	93
274594	95
274595	93
274596	94
274624	90
274625	92
274626	92
274627	90
274628	91
274640	92
274648	92
274650	94
274651	92
274652	93
274656	91
274658	91
274659	91
274660	92
274688	91
274689	93
274690	93
274691	93
274692	92
274704	93
274712	93
274714	93
274715	93
274716	94
274720	92
274722	94
274723	92
274724	93
275456	92
275457	94
275458	94
275459	92
275460	93
275464	94
275472	94
275474	94
275475	94
275476	95
275480	94
275482	94
275483	94
275484	93
275488	93
275490	93
275491	93
275492	94
275968	92
275969	94
275970	94
275971	92
275972	93
275976	94
275984	94
275986	94
275987	94
275988	95
275992	94
275994	94
275995	94
275996	93
276000	93
276002	95
276003	93
276004	94
276096	94
276097	96
276098	96
276099	94
276100	95
276160	92
276161	94
276162	94
276163	92
276164	93
276176	94
276184	94
276186	96
276187	94
276188	95
276192	93
276194	93
276195	93
276196	94
276224	93
276225	95
276226	95
276227	93
276228	94
276240	95
276248	93
276250	95
276251	95
276252	94
276256	94
276258	96
276259	94
276260	95
276480	91
276481	93
276482	93
276483	91
276484	92
276488	93
276496	93
276498	93
276499	93
276500	94
276504	93
276506	93
276507	93
276508	94
276512	92
276514	92
276515	92
276516	93
276608	91
276609	93
276610	93
276611	93
276612	92
276672	91
276673	93
276674	93
276675	91
276676	92
276688	93
276696	93
276698	93
276699	93
276700	94
276704	92
276706	92
276707	92
276708	93
276736	92
276737	94
276738	94
276739	92
276740	93
276752	94
276760	94
276762	94
276763	94
276764	95
276768	93
276770	93
276771	93
276772	94
278528	91
278529	93
278530	93
278531	91
278532	92
278536	93
278544	93
278546	93
278547	93
278548	94
278552	93
278554	93
278555	93
278556	92
278560	92
278562	94
278563	92
278564	93
278592	93
278593	95
278594	95
278595	93
278596	94
278656	93
278657	95
278658	95
278659	93
278660	94
278672	93
278680	93
278682	95
278683	95
278684	94
278688	94
278690	96
278691	92
278692	95
278720	91
278721	93
278722	93
278723	91
278724	92
278736	93
278744	93
278746	95
278747	93
278748	94
278752	92
278754	92
278755	92
278756	93
278784	92
278785	94
278786	94
278787	92
278788	93
278800	94
278808	92
278810	94
278811	94
278812	93
278816	93
278818	95
278819	93
278820	94
279552	93
279553	95
279554	95
279555	93
279556	94
279560	95
279568	95
279570	95
279571	95
279572	96
279576	95
279578	95
279579	95
279580	94
279584	94
279586	94
279587	94
279588	95
280064	91
280065	93
280066	93
280067	93
280068	92
280072	93
280080	93
280082	93
280083	93
280084	94
280088	91
280090	93
280091	93
280092	92
280096	92
280098	94
280099	94
280100	93
280192	93
280193	95
280194	95
280195	93
280196	94
280256	93
280257	95
280258	95
280259	93
280260	94
280272	95
280280	93
280282	95
280283	95
280284	94
280288	94
280290	96
280291	94
280292	95
280320	92
280321	94
280322	94
280323	94
280324	93
280336	94
280344	92
280346	94
280347	94
280348	93
280352	93
280354	95
280355	95
280356	94
280576	92
280577	94
280578	94
280579	92
280580	93
280584	94
280592	94
280594	94
280595	94
280596	95
280600	94
280602	94
280603	94
280604	93
280608	93
280610	95
280611	93
280612	94
280704	94
280705	96
280706	96
280707	94
280708	95
280768	92
280769	94
280770	94
280771	92
280772	93
280784	94
280792	94
280794	96
280795	94
280796	95
280800	93
280802	93
280803	93
280804	94
280832	93
280833	95
280834	95
280835	93
280836	94
280848	95
280856	93
280858	95
280859	95
280860	94
280864	94
280866	96
280867	94
280868	95
524288	90
524289	92
524290	92
524291	90
524292	91
524296	92
524304	92
524306	92
524307	92
524308	93
524312	92
524314	92
524315	92
524316	91
524320	91
524322	93
524323	91
524324	92
524352	92
524353	94
524354	94
524355	92
524356	93
524416	92
524417	94
524418	94
524419	92
524420	93
524432	92
524440	92
524442	94
524443	94
524444	93
524448	93
524450	95
524451	91
524452	94
524480	90
524481	92
524482	92
524483	90
524484	91
524496	92
524504	92
524506	94
524507	92
524508	93
524512	91
524514	91
524515	91
524516	92
524544	91
524545	93
524546	93
524547	91
524548	92
524560	93
524568	93
524570	93
524571	93
524572	92
524576	92
524578	94
524579	92
524580	93
524800	92
524801	94
524802	94
524803	92
524804	93
524808	94
524816	94
524818	94
524819	94
524820	95
524824	94
524826	94
524827	94
524828	93
524832	93
524834	93
524835	93
524836	94
525312	92
525313	94
525314	94
525315	92
525316	93
525320	94
525328	94
525330	94
525331	94
525332	95
525336	94
525338	94
525339	94
525340	93
525344	93
525346	95
525347	93
525348	94
525440	92
525441	94
525442	94
525443	94
525444	93
525504	92
525505	94
525506	94
525507	92
525508	93
525520	94
525528	94
525530	94
525531	94
525532	95
525536	93
525538	93
525539	93
525540	94
525568	93
525569	95
525570	95
525571	93
525572	94
525584	95
525592	93
525594	95
525595	95
525596	94
525600	94
525602	94
525603	94
525604	95
525824	92
525825	92
525826	94
525827	92
525828	93
525832	94
525840	94
525842	94
525843	94
525844	95
525848	92
525850	92
525851	94
525852	91
525856	93
525858	93
525859	93
525860	94
525952	92
525953	94
525954	94
525955	94
525956	93
526016	92
526017	94
526018	94
526019	92
526020	93
526032	94
526040	94
526042	94
526043	94
526044	93
526048	93
526050	95
526051	93
526052	94
526080	93
526081	93
526082	93
526083	93
526084	92
526096	93
526104	93
526106	93
526107	93
526108	92
526112	94
526114	94
526115	94
526116	93
526336	91
526337	93
526338	93
526339	91
526340	92
526344	93
526352	93
526354	93
526355	93
526356	94
526360	93
526362	93
526363	93
526364	92
526368	92
526370	94
526371	92
526372	93
526464	93
526465	95
526466	95
526467	93
526468	94
526528	91
526529	93
526530	93
526531	91
526532	92
526544	93
526552	93
526554	95
526555	93
526556	94
526560	92
526562	92
526563	92
526564	93
526592	92
526593	94
526594	94
526595	92
526596	93
526608	94
526616	94
526618	94
526619	94
526620	93
526624	93
526626	95
526627	93
526628	94
528384	92
528385	94
528386	94
528387	92
528388	93
528392	94
528400	94
528402	94
528403	94
528404	95
528408	92
528410	94
528411	94
528412	93
528416	93
528418	95
528419	93
528420	94
528448	94
528449	96
528450	96
528451	94
528452	95
528512	94
528513	96
528514	96
528515	94
528516	95
528528	94
528536	94
528538	96
528539	96
528540	95
528544	95
528546	97
528547	93
528548	96
528576	92
528577	94
528578	94
528579	92
528580	93
528592	94
528600	94
528602	96
528603	94
528604	95
528608	93
528610	93
528611	93
528612	94
528640	93
528641	95
528642	95
528643	93
528644	94
528656	95
528664	93
528666	95
528667	95
528668	94
528672	94
528674	96
528675	94
528676	95
532480	92
532481	94
532482	94
532483	92
532484	93
532488	94
532496	94
532498	94
532499	94
532500	95
532504	94
532506	94
532507	94
532508	93
532512	93
532514	95
532515	93
532516	94
532544	94
532545	96
532546	96
532547	94
532548	95
532608	94
532609	96
532610	96
532611	94
532612	95
532624	94
532632	94
532634	96
532635	96
532636	95
532640	95
532642	97
532643	93
532644	96
532672	92
532673	94
532674	94
532675	92
532676	93
532688	94
532696	94
532698	96
532699	94
532700	95
532704	93
532706	93
532707	93
532708	94
532736	93
532737	95
532738	95
532739	93
532740	94
532752	95
532760	93
532762	95
532763	95
532764	94
532768	94
532770	96
532771	94
532772	95
533504	92
533505	94
533506	94
533507	92
533508	93
533512	94
533520	94
533522	94
533523	94
533524	95
533528	94
533530	94
533531	94
533532	93
533536	93
533538	95
533539	93
533540	94
534016	92
534017	94
534018	94
534019	92
534020	93
534024	94
534032	94
534034	94
534035	94
534036	95
534040	92
534042	94
534043	94
534044	93
534048	93
534050	95
534051	93
534052	94
534144	94
534145	96
534146	96
534147	94
534148	95
534208	94
534209	96
534210	96
534211	94
534212	95
534224	94
534232	94
534234	96
534235	96
534236	95
534240	95
534242	97
534243	93
534244	96
534272	93
534273	95
534274	95
534275	93
534276	94
534288	95
534296	93
534298	95
534299	95
534300	94
534304	94
534306	96
534307	94
534308	95
534528	93
534529	95
534530	95
534531	93
534532	94
534536	93
534544	95
534546	95
534547	93
534548	94
534552	93
534554	95
534555	95
534556	94
534560	94
534562	96
534563	92
534564	95
534656	95
534657	97
534658	97
534659	95
534660	96
534720	91
534721	93
534722	93
534723	91
534724	92
534736	93
534744	95
534746	97
534747	93
534748	96
534752	92
534754	94
534755	92
534756	93
534784	94
534785	96
534786	96
534787	94
534788	95
534800	94
534808	94
534810	96
534811	96
534812	95
534816	95
534818	97
534819	93
534820	96
536576	90
536577	92
536578	92
536579	92
536580	91
536584	92
536592	92
536594	92
536595	92
536596	93
536600	92
536602	92
536603	92
536604	93
536608	91
536610	93
536611	91
536612	92
536640	92
536641	94
536642	94
536643	94
536644	93
536704	92
536705	94
536706	94
536707	92
536708	93
536720	94
536728	94
536730	94
536731	94
536732	93
536736	93
536738	95
536739	93
536740	94
536768	90
536769	92
536770	92
536771	90
536772	91
536784	92
536792	92
536794	94
536795	92
536796	93
536800	91
536802	91
536803	91
536804	92
536832	91
536833	93
536834	93
536835	93
536836	92
536848	93
536856	93
536858	93
536859	93
536860	94
536864	92
536866	94
536867	92
536868	93
537600	92
537601	94
537602	94
537603	92
537604	93
537608	94
537616	94
537618	94
537619	94
537620	95
537624	94
537626	94
537627	94
537628	93
537632	93
537634	93
537635	93
537636	94
538112	92
538113	94
538114	94
538115	92
538116	93
538120	94
538128	94
538130	94
538131	94
538132	95
538136	94
538138	94
538139	94
538140	93
538144	93
538146	95
538147	93
538148	94
538240	94
538241	96
538242	96
538243	94
538244	95
538304	92
538305	94
538306	94
538307	92
538308	93
538320	94
538328	94
538330	96
538331	94
538332	95
538336	93
538338	93
538339	93
538340	94
538368	93
538369	95
538370	95
538371	93
538372	94
538384	95
538392	93
538394	95
538395	95
538396	94
538400	94
538402	96
538403	94
538404	95
538624	91
538625	93
538626	93
538627	91
538628	92
538632	93
538640	93
538642	93
538643	93
538644	94
538648	93
538650	93
538651	93
538652	94
538656	92
538658	92
538659	92
538660	93
538752	91
538753	93
538754	93
538755	93
538756	92
538816	91
538817	93
538818	93
538819	91
538820	92
538832	93
538840	93
538842	93
538843	93
538844	94
538848	92
538850	92
538851	92
538852	93
538880	92
538881	94
538882	94
538883	92
538884	93
538896	94
538904	94
538906	94
538907	94
538908	95
538912	93
538914	93
538915	93
538916	94
540672	91
540673	93
540674	93
540675	91
540676	92
540680	93
540688	93
540690	93
540691	93
540692	94
540696	93
540698	93
540699	93
540700	92
540704	92
540706	94
540707	92
540708	93
540736	93
540737	95
540738	95
540739	93
540740	94
540800	93
540801	95
540802	95
540803	93
540804	94
540816	93
540824	93
540826	95
540827	95
540828	94
540832	94
540834	96
540835	92
540836	95
540864	91
540865	93
540866	93
540867	91
540868	92
540880	93
540888	93
540890	95
540891	93
540892	94
540896	92
540898	92
540899	92
540900	93
540928	92
540929	94
540930	94
540931	92
540932	93
540944	94
540952	92
540954	94
540955	94
540956	93
540960	93
540962	95
540963	93
540964	94
541696	93
541697	95
541698	95
541699	93
541700	94
541704	95
541712	95
541714	95
541715	95
541716	96
541720	95
541722	95
541723	95
541724	94
541728	94
541730	94
541731	94
541732	95
542208	91
542209	93
542210	93
542211	93
542212	92
542216	93
542224	93
542226	93
542227	93
542228	94
542232	91
542234	93
542235	93
542236	92
542240	92
542242	94
542243	94
542244	93
542336	93
542337	95
542338	95
542339	93
542340	94
542400	93
542401	95
542402	95
542403	93
542404	94
542416	95
542424	93
542426	95
542427	95
542428	94
542432	94
542434	96
542435	94
542436	95
542464	92
542465	94
542466	94
542467	94
542468	93
542480	94
542488	92
542490	94
542491	94
542492	93
542496	93
542498	95
542499	95
542500	94
542720	92
542721	94
542722	94
542723	92
542724	93
542728	94
542736	94
542738	94
542739	94
542740	95
542744	94
542746	94
542747	94
542748	93
542752	93
542754	95
542755	93
542756	94
542848	94
542849	96
542850	96
542851	94
542852	95
542912	92
542913	94
542914	94
542915	92
542916	93
542928	94
542936	94
542938	96
542939	94
542940	95
542944	93
542946	93
542947	93
542948	94
542976	93
542977	95
542978	95
542979	93
542980	94
542992	95
543000	93
543002	95
543003	95
543004	94
543008	94
543010	96
543011	94
543012	95
589824	90
589825	92
589826	92
589827	90
589828	91
589832	92
589840	92
589842	92
589843	92
589844	93
589848	92
589850	92
589851	92
589852	91
589856	91
589858	93
589859	91
589860	92
589888	92
589889	94
589890	94
589891	92
589892	93
589952	92
589953	94
589954	94
589955	92
589956	93
589968	92
589976	92
589978	94
589979	94
589980	93
589984	93
589986	95
589987	91
589988	94
590016	90
590017	92
590018	92
590019	90
590020	91
590032	92
590040	92
590042	94
590043	92
590044	93
590048	91
590050	93
590051	91
590052	92
590080	91
590081	93
590082	93
590083	91
590084	92
590096	93
590104	93
590106	93
590107	93
590108	92
590112	92
590114	94
590115	92
590116	93
590336	92
590337	94
590338	94
590339	92
590340	93
590344	94
590352	94
590354	94
590355	94
590356	95
590360	94
590362	94
590363	94
590364	93
590368	93
590370	93
590371	93
590372	94
590848	92
590849	94
590850	94
590851	92
590852	93
590856	94
590864	94
590866	94
590867	94
590868	95
590872	94
590874	94
590875	94
590876	93
590880	93
590882	95
590883	93
590884	94
590976	92
590977	94
590978	94
590979	94
590980	93
591040	92
591041	94
591042	94
591043	92
591044	93
591056	94
591064	94
591066	94
591067	94
591068	95
591072	93
591074	95
591075	93
591076	94
591104	93
591105	95
591106	95
591107	93
591108	94
591120	95
591128	93
591130	95
591131	95
591132	94
591136	94
591138	94
591139	94
591140	95
591360	92
591361	92
591362	94
591363	92
591364	93
591368	94
591376	94
591378	94
591379	94
591380	95
591384	92
591386	92
591387	94
591388	91
591392	93
591394	93
591395	93
591396	94
591488	92
591489	94
591490	94
591491	94
591492	93
591552	92
591553	94
591554	94
591555	92
591556	93
591568	94
591576	94
591578	94
591579	94
591580	93
591584	93
591586	95
591587	93
591588	94
591616	93
591617	93
591618	93
591619	93
591620	92
591632	93
591640	93
591642	93
591643	93
591644	92
591648	94
591650	94
591651	94
591652	93
591872	91
591873	93
591874	93
591875	91
591876	92
591880	93
591888	93
591890	93
591891	93
591892	94
591896	93
591898	93
591899	93
591900	92
591904	92
591906	94
591907	92
591908	93
592000	93
592001	95
592002	95
592003	93
592004	94
592064	91
592065	93
592066	93
592067	91
592068	92
592080	93
592088	93
592090	95
592091	93
592092	94
592096	92
592098	94
592099	92
592100	93
592128	92
592129	94
592130	94
592131	92
592132	93
592144	94
592152	94
592154	94
592155	94
592156	93
592160	93
592162	95
592163	93
592164	94
622592	90
622593	92
622594	92
622595	90
622596	91
622600	92
622608	92
622610	92
622611	92
622612	93
622616	92
622618	92
622619	92
622620	91
622624	91
622626	93
622627	91
622628	92
622656	92
622657	94
622658	94
622659	92
622660	93
622720	92
622721	94
622722	94
622723	92
622724	93
622736	92
622744	92
622746	94
622747	94
622748	93
622752	93
622754	95
622755	91
622756	94
622784	90
622785	92
622786	92
622787	90
622788	91
622800	92
622808	92
622810	94
622811	92
622812	93
622816	91
622818	93
622819	91
622820	92
622848	91
622849	93
622850	93
622851	91
622852	92
622864	93
622872	91
622874	93
622875	93
622876	92
622880	92
622882	94
622883	92
622884	93
623104	92
623105	94
623106	94
623107	92
623108	93
623112	94
623120	94
623122	94
623123	94
623124	95
623128	94
623130	94
623131	94
623132	93
623136	93
623138	93
623139	93
623140	94
623616	92
623617	94
623618	94
623619	92
623620	93
623624	94
623632	94
623634	94
623635	94
623636	95
623640	92
623642	94
623643	94
623644	93
623648	93
623650	95
623651	93
623652	94
623744	92
623745	94
623746	94
623747	94
623748	93
623808	92
623809	94
623810	94
623811	92
623812	93
623824	94
623832	94
623834	94
623835	94
623836	95
623840	93
623842	93
623843	93
623844	94
623872	93
623873	95
623874	95
623875	93
623876	94
623888	95
623896	93
623898	95
623899	95
623900	94
623904	94
623906	94
623907	94
623908	95
624128	90
624129	92
624130	92
624131	92
624132	91
624136	92
624144	92
624146	92
624147	92
624148	93
624152	90
624154	92
624155	92
624156	91
624160	91
624162	93
624163	93
624164	92
624256	92
624257	94
624258	94
624259	92
624260	93
624320	92
624321	94
624322	94
624323	92
624324	93
624336	94
624344	92
624346	94
624347	94
624348	93
624352	93
624354	95
624355	93
624356	94
624384	91
624385	93
624386	93
624387	93
624388	92
624400	93
624408	91
624410	93
624411	93
624412	92
624416	92
624418	94
624419	94
624420	93
624640	91
624641	93
624642	93
624643	91
624644	92
624648	93
624656	93
624658	93
624659	93
624660	94
624664	93
624666	93
624667	93
624668	92
624672	92
624674	94
624675	92
624676	93
624768	93
624769	95
624770	95
624771	93
624772	94
624832	91
624833	93
624834	93
624835	91
624836	92
624848	93
624856	93
624858	95
624859	93
624860	94
624864	92
624866	94
624867	92
624868	93
624896	92
624897	94
624898	94
624899	92
624900	93
624912	94
624920	92
624922	94
624923	94
624924	93
624928	93
624930	95
624931	93
624932	94
630784	92
630785	94
630786	94
630787	92
630788	93
630792	94
630800	94
630802	94
630803	94
630804	95
630808	92
630810	94
630811	94
630812	93
630816	93
630818	95
630819	93
630820	94
630848	94
630849	96
630850	96
630851	94
630852	95
630912	94
630913	96
630914	96
630915	94
630916	95
630928	94
630936	94
630938	96
630939	96
630940	95
630944	95
630946	97
630947	93
630948	96
630976	92
630977	94
630978	94
630979	92
630980	93
630992	94
631000	94
631002	96
631003	94
631004	95
631008	93
631010	93
631011	93
631012	94
631040	93
631041	95
631042	95
631043	93
631044	94
631056	95
631064	93
631066	95
631067	95
631068	94
631072	94
631074	96
631075	94
631076	95
634880	92
634881	94
634882	94
634883	92
634884	93
634888	94
634896	94
634898	94
634899	94
634900	95
634904	92
634906	94
634907	94
634908	93
634912	93
634914	95
634915	93
634916	94
634944	94
634945	96
634946	96
634947	94
634948	95
635008	94
635009	96
635010	96
635011	94
635012	95
635024	94
635032	94
635034	96
635035	96
635036	95
635040	95
635042	97
635043	93
635044	96
635072	92
635073	94
635074	94
635075	92
635076	93
635088	94
635096	94
635098	96
635099	94
635100	95
635104	93
635106	93
635107	93
635108	94
635136	93
635137	95
635138	95
635139	93
635140	94
635152	95
635160	93
635162	95
635163	95
635164	94
635168	94
635170	96
635171	94
635172	95
635904	92
635905	94
635906	94
635907	92
635908	93
635912	94
635920	94
635922	94
635923	94
635924	95
635928	94
635930	94
635931	94
635932	93
635936	93
635938	95
635939	93
635940	94
636416	92
636417	94
636418	94
636419	92
636420	93
636424	94
636432	94
636434	94
636435	94
636436	95
636440	94
636442	94
636443	94
636444	93
636448	93
636450	95
636451	93
636452	94
636544	94
636545	96
636546	96
636547	94
636548	95
636608	94
636609	96
636610	96
636611	94
636612	95
636624	94
636632	94
636634	96
636635	96
636636	95
636640	95
636642	97
636643	93
636644	96
636672	93
636673	95
636674	95
636675	93
636676	94
636688	95
636696	93
636698	95
636699	95
636700	94
636704	94
636706	96
636707	94
636708	95
636928	93
636929	95
636930	95
636931	93
636932	94
636936	93
636944	95
636946	95
636947	93
636948	94
636952	93
636954	95
636955	95
636956	94
636960	94
636962	96
636963	92
636964	95
637056	95
637057	97
637058	97
637059	95
637060	96
637120	91
637121	93
637122	93
637123	91
637124	92
637136	93
637144	95
637146	97
637147	93
637148	96
637152	92
637154	94
637155	92
637156	93
637184	94
637185	96
637186	96
637187	94
637188	95
637200	94
637208	94
637210	96
637211	96
637212	95
637216	95
637218	97
637219	93
637220	96
638976	91
638977	93
638978	93
638979	91
638980	92
638984	93
638992	93
638994	93
638995	93
638996	94
639000	93
639002	93
639003	93
639004	92
639008	92
639010	94
639011	92
639012	93
639040	93
639041	95
639042	95
639043	93
639044	94
639104	93
639105	95
639106	95
639107	93
639108	94
639120	93
639128	93
639130	95
639131	95
639132	94
639136	94
639138	96
639139	92
639140	95
639168	91
639169	93
639170	93
639171	91
639172	92
639184	93
639192	93
639194	95
639195	93
639196	94
639200	92
639202	94
639203	92
639204	93
639232	92
639233	94
639234	94
639235	92
639236	93
639248	94
639256	92
639258	94
639259	94
639260	93
639264	93
639266	95
639267	93
639268	94
640000	93
640001	95
640002	95
640003	93
640004	94
640008	95
640016	95
640018	95
640019	95
640020	96
640024	95
640026	95
640027	95
640028	94
640032	94
640034	94
640035	94
640036	95
640512	91
640513	93
640514	93
640515	93
640516	92
640520	93
640528	93
640530	93
640531	93
640532	94
640536	91
640538	93
640539	93
640540	92
640544	92
640546	94
640547	94
640548	93
640640	93
640641	95
640642	95
640643	93
640644	94
640704	93
640705	95
640706	95
640707	93
640708	94
640720	95
640728	93
640730	95
640731	95
640732	94
640736	94
640738	96
640739	94
640740	95
640768	92
640769	94
640770	94
640771	94
640772	93
640784	94
640792	92
640794	94
640795	94
640796	93
640800	93
640802	95
640803	95
640804	94
641024	92
641025	94
641026	94
641027	92
641028	93
641032	94
641040	94
641042	94
641043	94
641044	95
641048	94
641050	94
641051	94
641052	93
641056	93
641058	95
641059	93
641060	94
641152	94
641153	96
641154	96
641155	94
641156	95
641216	92
641217	94
641218	94
641219	92
641220	93
641232	94
641240	94
641242	96
641243	94
641244	95
641248	93
641250	95
641251	93
641252	94
641280	93
641281	95
641282	95
641283	93
641284	94
641296	95
641304	93
641306	95
641307	95
641308	94
641312	94
641314	96
641315	94
641316	95
655360	91
655361	93
655362	93
655363	91
655364	92
655368	93
655376	93
655378	93
655379	93
655380	94
655384	91
655386	93
655387	93
655388	92
655392	92
655394	94
655395	92
655396	93
655424	93
655425	95
655426	95
655427	93
655428	94
655488	93
655489	95
655490	95
655491	93
655492	94
655504	93
655512	93
655514	95
655515	95
655516	94
655520	94
655522	96
655523	92
655524	95
655552	91
655553	93
655554	93
655555	91
655556	92
655568	93
655576	93
655578	95
655579	93
655580	94
655584	92
655586	92
655587	92
655588	93
655616	92
655617	94
655618	94
655619	92
655620	93
655632	94
655640	92
655642	94
655643	94
655644	93
655648	93
655650	95
655651	93
655652	94
655872	91
655873	93
655874	93
655875	91
655876	92
655880	93
655888	93
655890	93
655891	93
655892	94
655896	93
655898	93
655899	93
655900	92
655904	92
655906	94
655907	92
655908	93
656384	93
656385	95
656386	95
656387	93
656388	94
656392	93
656400	95
656402	95
656403	93
656404	94
656408	93
656410	95
656411	95
656412	94
656416	94
656418	96
656419	92
656420	95
656512	93
656513	95
656514	95
656515	93
656516	94
656576	91
656577	93
656578	93
656579	91
656580	92
656592	93
656600	93
656602	95
656603	93
656604	94
656608	92
656610	94
656611	92
656612	93
656640	92
656641	94
656642	94
656643	92
656644	93
656656	94
656664	92
656666	94
656667	94
656668	93
656672	93
656674	95
656675	93
656676	94
656896	91
656897	93
656898	93
656899	91
656900	92
656904	93
656912	93
656914	93
656915	93
656916	94
656920	91
656922	93
656923	93
656924	92
656928	92
656930	94
656931	92
656932	93
657024	93
657025	95
657026	95
657027	93
657028	94
657088	93
657089	95
657090	95
657091	93
657092	94
657104	93
657112	93
657114	95
657115	95
657116	94
657120	94
657122	96
657123	92
657124	95
657152	92
657153	94
657154	94
657155	92
657156	93
657168	94
657176	92
657178	94
657179	94
657180	93
657184	93
657186	95
657187	93
657188	94
657408	92
657409	94
657410	94
657411	92
657412	93
657416	92
657424	94
657426	94
657427	92
657428	93
657432	92
657434	94
657435	94
657436	93
657440	93
657442	95
657443	91
657444	94
657536	94
657537	96
657538	96
657539	94
657540	95
657600	90
657601	92
657602	92
657603	90
657604	91
657616	92
657624	94
657626	96
657627	92
657628	95
657632	91
657634	93
657635	91
657636	92
657664	93
657665	95
657666	95
657667	93
657668	94
657680	93
657688	93
657690	95
657691	95
657692	94
657696	94
657698	96
657699	92
657700	95
663552	93
663553	95
663554	95
663555	93
663556	94
663560	95
663568	95
663570	95
663571	95
663572	96
663576	93
663578	95
663579	95
663580	94
663584	94
663586	96
663587	94
663588	95
663616	95
663617	97
663618	97
663619	95
663620	96
663680	95
663681	97
663682	97
663683	95
663684	96
663696	95
663704	95
663706	97
663707	97
663708	96
663712	96
663714	98
663715	94
663716	97
663744	93
663745	95
663746	95
663747	93
663748	94
663760	95
663768	95
663770	97
663771	95
663772	96
663776	94
663778	94
663779	94
663780	95
663808	94
663809	96
663810	96
663811	94
663812	95
663824	96
663832	94
663834	96
663835	96
663836	95
663840	95
663842	97
663843	95
663844	96
667648	89
667649	91
667650	91
667651	91
667652	90
667656	91
667664	91
667666	93
667667	91
667668	92
667672	91
667674	93
667675	91
667676	92
667680	90
667682	92
667683	90
667684	91
667712	91
667713	93
667714	93
667715	93
667716	92
667776	91
667777	93
667778	93
667779	91
667780	92
667792	93
667800	93
667802	93
667803	93
667804	92
667808	92
667810	94
667811	92
667812	93
667840	89
667841	91
667842	91
667843	89
667844	90
667856	91
667864	91
667866	93
667867	91
667868	92
667872	90
667874	92
667875	90
667876	91
667904	90
667905	92
667906	92
667907	92
667908	91
667920	92
667928	92
667930	94
667931	92
667932	93
667936	91
667938	93
667939	91
667940	92
668672	91
668673	93
668674	93
668675	93
668676	92
668680	93
668688	93
668690	95
668691	93
668692	94
668696	93
668698	93
668699	93
668700	92
668704	92
668706	94
668707	92
668708	93
669184	93
669185	95
669186	95
669187	93
669188	94
669192	93
669200	95
669202	95
669203	93
669204	94
669208	93
669210	95
669211	95
669212	94
669216	94
669218	96
669219	92
669220	95
669312	95
669313	97
669314	97
669315	95
669316	96
669376	91
669377	93
669378	93
669379	93
669380	92
669392	93
669400	95
669402	97
669403	93
669404	96
669408	92
669410	94
669411	92
669412	93
669440	94
669441	96
669442	96
669443	94
669444	95
669456	94
669464	94
669466	96
669467	96
669468	95
669472	95
669474	97
669475	93
669476	96
669696	90
669697	92
669698	92
669699	92
669700	91
669704	92
669712	92
669714	94
669715	92
669716	93
669720	92
669722	94
669723	92
669724	93
669728	91
669730	93
669731	91
669732	92
669824	92
669825	94
669826	94
669827	94
669828	93
669888	90
669889	92
669890	92
669891	90
669892	91
669904	92
669912	92
669914	94
669915	92
669916	93
669920	91
669922	93
669923	91
669924	92
669952	91
669953	93
669954	93
669955	93
669956	92
669968	93
669976	93
669978	95
669979	93
669980	94
669984	92
669986	94
669987	92
669988	93
671744	92
671745	94
671746	94
671747	92
671748	93
671752	94
671760	94
671762	94
671763	94
671764	95
671768	92
671770	94
671771	94
671772	93
671776	93
671778	95
671779	93
671780	94
671808	94
671809	96
671810	96
671811	94
671812	95
671872	94
671873	96
671874	96
671875	94
671876	95
671888	94
671896	94
671898	96
671899	96
671900	95
671904	95
671906	97
671907	93
671908	96
671936	92
671937	94
671938	94
671939	92
671940	93
671952	94
671960	94
671962	96
671963	94
671964	95
671968	93
671970	93
671971	93
671972	94
672000	93
672001	95
672002	95
672003	93
672004	94
672016	95
672024	93
672026	95
672027	95
672028	94
672032	94
672034	96
672035	94
672036	95
672768	92
672769	94
672770	94
672771	92
672772	93
672776	94
672784	94
672786	94
672787	94
672788	95
672792	94
672794	94
672795	94
672796	93
672800	93
672802	95
672803	93
672804	94
673280	92
673281	94
673282	94
673283	92
673284	93
673288	94
673296	94
673298	94
673299	94
673300	95
673304	92
673306	94
673307	94
673308	93
673312	93
673314	95
673315	93
673316	94
673408	94
673409	96
673410	96
673411	94
673412	95
673472	94
673473	96
673474	96
673475	94
673476	95
673488	94
673496	94
673498	96
673499	96
673500	95
673504	95
673506	97
673507	93
673508	96
673536	93
673537	95
673538	95
673539	93
673540	94
673552	95
673560	93
673562	95
673563	95
673564	94
673568	94
673570	96
673571	94
673572	95
673792	93
673793	95
673794	95
673795	93
673796	94
673800	93
673808	95
673810	95
673811	93
673812	94
673816	93
673818	95
673819	95
673820	94
673824	94
673826	96
673827	92
673828	95
673920	95
673921	97
673922	97
673923	95
673924	96
673984	91
673985	93
673986	93
673987	91
673988	92
674000	93
674008	95
674010	97
674011	93
674012	96
674016	92
674018	94
674019	92
674020	93
674048	94
674049	96
674050	96
674051	94
674052	95
674064	94
674072	94
674074	96
674075	96
674076	95
674080	95
674082	97
674083	93
674084	96
786432	88
786433	90
786434	90
786435	90
786436	89
786440	90
786448	90
786450	90
786451	90
786452	91
786456	90
786458	90
786459	90
786460	91
786464	89
786466	91
786467	91
786468	90
786496	90
786497	92
786498	92
786499	92
786500	91
786560	90
786561	92
786562	92
786563	92
786564	91
786576	92
786584	92
786586	92
786587	92
786588	91
786592	91
786594	93
786595	91
786596	92
786624	90
786625	92
786626	92
786627	90
786628	91
786640	92
786648	90
786650	92
786651	92
786652	91
786656	91
786658	91
786659	91
786660	92
786688	89
786689	91
786690	91
786691	91
786692	90
786704	91
786712	91
786714	91
786715	91
786716	92
786720	90
786722	92
786723	92
786724	91
786944	90
786945	92
786946	92
786947	90
786948	91
786952	92
786960	92
786962	92
786963	92
786964	93
786968	92
786970	92
786971	92
786972	91
786976	91
786978	91
786979	91
786980	92
787456	90
787457	92
787458	92
787459	92
787460	91
787464	92
787472	92
787474	92
787475	92
787476	93
787480	92
787482	92
787483	92
787484	93
787488	91
787490	93
787491	91
787492	92
787584	90
787585	92
787586	92
787587	92
787588	91
787648	90
787649	92
787650	92
787651	90
787652	91
787664	92
787672	92
787674	92
787675	92
787676	93
787680	91
787682	93
787683	91
787684	92
787712	91
787713	93
787714	93
787715	91
787716	92
787728	93
787736	91
787738	93
787739	93
787740	92
787744	92
787746	92
787747	92
787748	93
787968	90
787969	92
787970	92
787971	90
787972	91
787976	92
787984	92
787986	92
787987	92
787988	93
787992	90
787994	92
787995	92
787996	91
788000	91
788002	91
788003	91
788004	92
788096	90
788097	92
788098	92
788099	92
788100	91
788160	90
788161	92
788162	92
788163	92
788164	91
788176	92
788184	92
788186	92
788187	92
788188	93
788192	91
788194	93
788195	91
788196	92
788224	91
788225	93
788226	93
788227	91
788228	92
788240	93
788248	91
788250	93
788251	93
788252	92
788256	92
788258	92
788259	92
788260	93
788480	89
788481	91
788482	91
788483	91
788484	90
788488	91
788496	91
788498	91
788499	91
788500	92
788504	91
788506	91
788507	91
788508	92
788512	90
788514	92
788515	90
788516	91
788608	91
788609	93
788610	93
788611	93
788612	92
788672	89
788673	91
788674	91
788675	89
788676	90
788688	91
788696	91
788698	93
788699	91
788700	92
788704	90
788706	92
788707	90
788708	91
788736	90
788737	92
788738	92
788739	92
788740	91
788752	92
788760	92
788762	92
788763	92
788764	93
788768	91
788770	93
788771	91
788772	92
790528	90
790529	92
790530	92
790531	92
790532	91
790536	92
790544	92
790546	92
790547	92
790548	93
790552	92
790554	92
790555	92
790556	91
790560	91
790562	93
790563	93
790564	92
790592	92
790593	94
790594	94
790595	94
790596	93
790656	92
790657	94
790658	94
790659	94
790660	93
790672	94
790680	94
790682	94
790683	94
790684	93
790688	93
790690	95
790691	93
790692	94
790720	92
790721	94
790722	94
790723	92
790724	93
790736	94
790744	92
790746	94
790747	94
790748	93
790752	93
790754	93
790755	93
790756	94
790784	91
790785	93
790786	93
790787	93
790788	92
790800	93
790808	93
790810	93
790811	93
790812	92
790816	92
790818	94
790819	94
790820	93
794624	90
794625	92
794626	92
794627	92
794628	91
794632	92
794640	92
794642	92
794643	92
794644	93
794648	92
794650	92
794651	92
794652	93
794656	91
794658	93
794659	91
794660	92
794688	92
794689	94
794690	94
794691	94
794692	93
794752	92
794753	94
794754	94
794755	92
794756	93
794768	94
794776	94
794778	94
794779	94
794780	93
794784	93
794786	95
794787	93
794788	94
794816	90
794817	92
794818	92
794819	90
794820	91
794832	92
794840	92
794842	94
794843	92
794844	93
794848	91
794850	91
794851	91
794852	92
794880	91
794881	93
794882	93
794883	93
794884	92
794896	93
794904	93
794906	93
794907	93
794908	94
794912	92
794914	94
794915	92
794916	93
795648	92
795649	94
795650	94
795651	92
795652	93
795656	94
795664	94
795666	94
795667	94
795668	95
795672	94
795674	94
795675	94
795676	93
795680	93
795682	93
795683	93
795684	94
796160	92
796161	92
796162	94
796163	92
796164	93
796168	94
796176	94
796178	94
796179	94
796180	95
796184	92
796186	92
796187	94
796188	91
796192	93
796194	93
796195	93
796196	94
796288	92
796289	94
796290	94
796291	94
796292	93
796352	92
796353	94
796354	94
796355	94
796356	93
796368	94
796376	94
796378	94
796379	94
796380	93
796384	93
796386	95
796387	93
796388	94
796416	93
796417	93
796418	93
796419	93
796420	92
796432	93
796440	93
796442	93
796443	93
796444	92
796448	94
796450	94
796451	94
796452	93
796672	91
796673	93
796674	93
796675	93
796676	92
796680	93
796688	93
796690	93
796691	93
796692	94
796696	93
796698	93
796699	93
796700	92
796704	92
796706	94
796707	92
796708	93
796800	93
796801	95
796802	95
796803	95
796804	94
796864	91
796865	93
796866	93
796867	91
796868	92
796880	93
796888	93
796890	95
796891	93
796892	94
796896	92
796898	94
796899	92
796900	93
796928	92
796929	94
796930	94
796931	94
796932	93
796944	94
796952	94
796954	94
796955	94
796956	93
796960	93
796962	95
796963	93
796964	94
798720	88
798721	90
798722	90
798723	90
798724	89
798728	90
798736	90
798738	90
798739	90
798740	91
798744	90
798746	90
798747	90
798748	91
798752	89
798754	91
798755	89
798756	90
798784	90
798785	92
798786	92
798787	92
798788	91
798848	90
798849	92
798850	92
798851	90
798852	91
798864	92
798872	92
798874	92
798875	92
798876	91
798880	91
798882	93
798883	91
798884	92
798912	88
798913	90
798914	90
798915	88
798916	89
798928	90
798936	90
798938	92
798939	90
798940	91
798944	89
798946	89
798947	89
798948	90
798976	89
798977	91
798978	91
798979	91
798980	90
798992	91
799000	91
799002	91
799003	91
799004	92
799008	90
799010	92
799011	90
799012	91
799744	90
799745	92
799746	92
799747	90
799748	91
799752	92
799760	92
799762	92
799763	92
799764	93
799768	92
799770	92
799771	92
799772	91
799776	91
799778	91
799779	91
799780	92
800256	90
800257	92
800258	92
800259	92
800260	91
800264	92
800272	92
800274	92
800275	92
800276	93
800280	92
800282	92
800283	92
800284	93
800288	91
800290	93
800291	91
800292	92
800384	92
800385	94
800386	94
800387	94
800388	93
800448	90
800449	92
800450	92
800451	90
800452	91
800464	92
800472	92
800474	94
800475	92
800476	93
800480	91
800482	93
800483	91
800484	92
800512	91
800513	93
800514	93
800515	93
800516	92
800528	93
800536	93
800538	93
800539	93
800540	94
800544	92
800546	94
800547	92
800548	93
800768	89
800769	91
800770	91
800771	89
800772	90
800776	91
800784	91
800786	91
800787	91
800788	92
800792	91
800794	91
800795	91
800796	92
800800	90
800802	90
800803	90
800804	91
800896	89
800897	91
800898	91
800899	91
800900	90
800960	89
800961	91
800962	91
800963	89
800964	90
800976	91
800984	91
800986	91
800987	91
800988	92
800992	90
800994	90
800995	90
800996	91
801024	90
801025	92
801026	92
801027	90
801028	91
801040	92
801048	92
801050	92
801051	92
801052	93
801056	91
801058	91
801059	91
801060	92
802816	89
802817	91
802818	91
802819	91
802820	90
802824	91
802832	91
802834	91
802835	91
802836	92
802840	91
802842	91
802843	91
802844	92
802848	90
802850	92
802851	92
802852	91
802880	91
802881	93
802882	93
802883	93
802884	92
802944	91
802945	93
802946	93
802947	93
802948	92
802960	93
802968	93
802970	93
802971	93
802972	92
802976	92
802978	94
802979	92
802980	93
803008	91
803009	93
803010	93
803011	91
803012	92
803024	93
803032	91
803034	93
803035	93
803036	92
803040	92
803042	92
803043	92
803044	93
803072	90
803073	92
803074	92
803075	92
803076	91
803088	92
803096	92
803098	92
803099	92
803100	93
803104	91
803106	93
803107	93
803108	92
803840	91
803841	93
803842	93
803843	91
803844	92
803848	93
803856	93
803858	93
803859	93
803860	94
803864	93
803866	93
803867	93
803868	92
803872	92
803874	92
803875	92
803876	93
804352	91
804353	93
804354	93
804355	91
804356	92
804360	93
804368	93
804370	93
804371	93
804372	94
804376	91
804378	93
804379	93
804380	92
804384	92
804386	92
804387	92
804388	93
804480	91
804481	93
804482	93
804483	93
804484	92
804544	91
804545	93
804546	93
804547	93
804548	92
804560	93
804568	93
804570	93
804571	93
804572	94
804576	92
804578	94
804579	92
804580	93
804608	92
804609	94
804610	94
804611	92
804612	93
804624	94
804632	92
804634	94
804635	94
804636	93
804640	93
804642	93
804643	93
804644	94
804864	90
804865	92
804866	92
804867	92
804868	91
804872	92
804880	92
804882	92
804883	92
804884	93
804888	92
804890	92
804891	92
804892	93
804896	91
804898	93
804899	91
804900	92
804992	92
804993	94
804994	94
804995	94
804996	93
805056	90
805057	92
805058	92
805059	90
805060	91
805072	92
805080	92
805082	94
805083	92
805084	93
805088	91
805090	93
805091	91
805092	92
805120	91
805121	93
805122	93
805123	93
805124	92
805136	93
805144	93
805146	93
805147	93
805148	94
805152	92
805154	94
805155	92
805156	93
851968	90
851969	92
851970	92
851971	90
851972	91
851976	92
851984	92
851986	92
851987	92
851988	93
851992	92
851994	92
851995	92
851996	91
852000	91
852002	93
852003	91
852004	92
852032	92
852033	94
852034	94
852035	92
852036	93
852096	92
852097	94
852098	94
852099	92
852100	93
852112	92
852120	92
852122	94
852123	94
852124	93
852128	93
852130	95
852131	91
852132	94
852160	90
852161	92
852162	92
852163	90
852164	91
852176	92
852184	92
852186	94
852187	92
852188	93
852192	91
852194	91
852195	91
852196	92
852224	91
852225	93
852226	93
852227	91
852228	92
852240	93
852248	93
852250	93
852251	93
852252	92
852256	92
852258	94
852259	92
852260	93
852480	92
852481	94
852482	94
852483	92
852484	93
852488	94
852496	94
852498	94
852499	94
852500	95
852504	94
852506	94
852507	94
852508	93
852512	93
852514	93
852515	93
852516	94
852992	92
852993	94
852994	94
852995	92
852996	93
853000	94
853008	94
853010	94
853011	94
853012	95
853016	94
853018	94
853019	94
853020	93
853024	93
853026	93
853027	93
853028	94
853120	92
853121	94
853122	94
853123	94
853124	93
853184	92
853185	94
853186	94
853187	92
853188	93
853200	94
853208	94
853210	94
853211	94
853212	95
853216	93
853218	93
853219	93
853220	94
853248	93
853249	95
853250	95
853251	93
853252	94
853264	95
853272	93
853274	95
853275	95
853276	94
853280	94
853282	94
853283	94
853284	95
853504	92
853505	92
853506	94
853507	92
853508	93
853512	94
853520	94
853522	94
853523	94
853524	95
853528	92
853530	92
853531	94
853532	91
853536	93
853538	93
853539	93
853540	94
853632	92
853633	94
853634	94
853635	94
853636	93
853696	92
853697	94
853698	94
853699	92
853700	93
853712	94
853720	94
853722	94
853723	94
853724	93
853728	93
853730	93
853731	93
853732	94
853760	93
853761	93
853762	93
853763	93
853764	92
853776	93
853784	93
853786	93
853787	93
853788	92
853792	94
853794	94
853795	94
853796	93
854016	91
854017	93
854018	93
854019	91
854020	92
854024	93
854032	93
854034	93
854035	93
854036	94
854040	93
854042	93
854043	93
854044	92
854048	92
854050	92
854051	92
854052	93
854144	91
854145	93
854146	93
854147	93
854148	92
854208	91
854209	93
854210	93
854211	91
854212	92
854224	93
854232	93
854234	93
854235	93
854236	94
854240	92
854242	92
854243	92
854244	93
854272	92
854273	94
854274	94
854275	92
854276	93
854288	94
854296	94
854298	94
854299	94
854300	93
854304	93
854306	93
854307	93
854308	94
884736	90
884737	92
884738	92
884739	90
884740	91
884744	92
884752	92
884754	92
884755	92
884756	93
884760	92
884762	92
884763	92
884764	91
884768	91
884770	93
884771	91
884772	92
884800	92
884801	94
884802	94
884803	92
884804	93
884864	92
884865	94
884866	94
884867	92
884868	93
884880	92
884888	92
884890	94
884891	94
884892	93
884896	93
884898	95
884899	91
884900	94
884928	90
884929	92
884930	92
884931	90
884932	91
884944	92
884952	92
884954	94
884955	92
884956	93
884960	91
884962	91
884963	91
884964	92
884992	91
884993	93
884994	93
884995	91
884996	92
885008	93
885016	93
885018	93
885019	93
885020	92
885024	92
885026	94
885027	92
885028	93
885248	92
885249	94
885250	94
885251	92
885252	93
885256	94
885264	94
885266	94
885267	94
885268	95
885272	94
885274	94
885275	94
885276	93
885280	93
885282	93
885283	93
885284	94
885760	92
885761	94
885762	94
885763	92
885764	93
885768	94
885776	94
885778	94
885779	94
885780	95
885784	94
885786	94
885787	94
885788	93
885792	93
885794	95
885795	93
885796	94
885888	92
885889	94
885890	94
885891	94
885892	93
885952	92
885953	94
885954	94
885955	92
885956	93
885968	94
885976	94
885978	94
885979	94
885980	95
885984	93
885986	93
885987	93
885988	94
886016	93
886017	95
886018	95
886019	93
886020	94
886032	95
886040	93
886042	95
886043	95
886044	94
886048	94
886050	94
886051	94
886052	95
886272	92
886273	92
886274	94
886275	92
886276	93
886280	94
886288	94
886290	94
886291	94
886292	95
886296	92
886298	92
886299	94
886300	91
886304	93
886306	93
886307	93
886308	94
886400	92
886401	94
886402	94
886403	94
886404	93
886464	92
886465	94
886466	94
886467	92
886468	93
886480	94
886488	94
886490	94
886491	94
886492	93
886496	93
886498	95
886499	93
886500	94
886528	93
886529	93
886530	93
886531	93
886532	92
886544	93
886552	93
886554	93
886555	93
886556	92
886560	94
886562	94
886563	94
886564	93
886784	91
886785	93
886786	93
886787	91
886788	92
886792	93
886800	93
886802	93
886803	93
886804	94
886808	93
886810	93
886811	93
886812	92
886816	92
886818	94
886819	92
886820	93
886912	93
886913	95
886914	95
886915	93
886916	94
886976	91
886977	93
886978	93
886979	91
886980	92
886992	93
887000	93
887002	95
887003	93
887004	94
887008	92
887010	92
887011	92
887012	93
887040	92
887041	94
887042	94
887043	92
887044	93
887056	94
887064	94
887066	94
887067	94
887068	93
887072	93
887074	95
887075	93
887076	94
892928	92
892929	94
892930	94
892931	92
892932	93
892936	94
892944	94
892946	94
892947	94
892948	95
892952	92
892954	94
892955	94
892956	93
892960	93
892962	95
892963	93
892964	94
892992	94
892993	96
892994	96
892995	94
892996	95
893056	94
893057	96
893058	96
893059	94
893060	95
893072	94
893080	94
893082	96
893083	96
893084	95
893088	95
893090	97
893091	93
893092	96
893120	92
893121	94
893122	94
893123	92
893124	93
893136	94
893144	94
893146	96
893147	94
893148	95
893152	93
893154	93
893155	93
893156	94
893184	93
893185	95
893186	95
893187	93
893188	94
893200	95
893208	93
893210	95
893211	95
893212	94
893216	94
893218	96
893219	94
893220	95
897024	90
897025	92
897026	92
897027	92
897028	91
897032	92
897040	92
897042	92
897043	92
897044	93
897048	92
897050	92
897051	92
897052	93
897056	91
897058	93
897059	91
897060	92
897088	92
897089	94
897090	94
897091	94
897092	93
897152	92
897153	94
897154	94
897155	92
897156	93
897168	94
897176	94
897178	94
897179	94
897180	93
897184	93
897186	95
897187	93
897188	94
897216	90
897217	92
897218	92
897219	90
897220	91
897232	92
897240	92
897242	94
897243	92
897244	93
897248	91
897250	91
897251	91
897252	92
897280	91
897281	93
897282	93
897283	93
897284	92
897296	93
897304	93
897306	93
897307	93
897308	94
897312	92
897314	94
897315	92
897316	93
898048	92
898049	94
898050	94
898051	92
898052	93
898056	94
898064	94
898066	94
898067	94
898068	95
898072	94
898074	94
898075	94
898076	93
898080	93
898082	93
898083	93
898084	94
898560	92
898561	94
898562	94
898563	92
898564	93
898568	94
898576	94
898578	94
898579	94
898580	95
898584	94
898586	94
898587	94
898588	93
898592	93
898594	95
898595	93
898596	94
898688	94
898689	96
898690	96
898691	94
898692	95
898752	92
898753	94
898754	94
898755	92
898756	93
898768	94
898776	94
898778	96
898779	94
898780	95
898784	93
898786	93
898787	93
898788	94
898816	93
898817	95
898818	95
898819	93
898820	94
898832	95
898840	93
898842	95
898843	95
898844	94
898848	94
898850	96
898851	94
898852	95
899072	91
899073	93
899074	93
899075	91
899076	92
899080	93
899088	93
899090	93
899091	93
899092	94
899096	93
899098	93
899099	93
899100	94
899104	92
899106	92
899107	92
899108	93
899200	91
899201	93
899202	93
899203	93
899204	92
899264	91
899265	93
899266	93
899267	91
899268	92
899280	93
899288	93
899290	93
899291	93
899292	94
899296	92
899298	92
899299	92
899300	93
899328	92
899329	94
899330	94
899331	92
899332	93
899344	94
899352	94
899354	94
899355	94
899356	95
899360	93
899362	93
899363	93
899364	94
901120	91
901121	93
901122	93
901123	91
901124	92
901128	93
901136	93
901138	93
901139	93
901140	94
901144	93
901146	93
901147	93
901148	92
901152	92
901154	94
901155	92
901156	93
901184	93
901185	95
901186	95
901187	93
901188	94
901248	93
901249	95
901250	95
901251	93
901252	94
901264	93
901272	93
901274	95
901275	95
901276	94
901280	94
901282	96
901283	92
901284	95
901312	91
901313	93
901314	93
901315	91
901316	92
901328	93
901336	93
901338	95
901339	93
901340	94
901344	92
901346	92
901347	92
901348	93
901376	92
901377	94
901378	94
901379	92
901380	93
901392	94
901400	92
901402	94
901403	94
901404	93
901408	93
901410	95
901411	93
901412	94
902144	93
902145	95
902146	95
902147	93
902148	94
902152	95
902160	95
902162	95
902163	95
902164	96
902168	95
902170	95
902171	95
902172	94
902176	94
902178	94
902179	94
902180	95
902656	91
902657	93
902658	93
902659	93
902660	92
902664	93
902672	93
902674	93
902675	93
902676	94
902680	91
902682	93
902683	93
902684	92
902688	92
902690	94
902691	94
902692	93
902784	93
902785	95
902786	95
902787	93
902788	94
902848	93
902849	95
902850	95
902851	93
902852	94
902864	95
902872	93
902874	95
902875	95
902876	94
902880	94
902882	96
902883	94
902884	95
902912	92
902913	94
902914	94
902915	94
902916	93
902928	94
902936	92
902938	94
902939	94
902940	93
902944	93
902946	95
902947	95
902948	94
903168	92
903169	94
903170	94
903171	92
903172	93
903176	94
903184	94
903186	94
903187	94
903188	95
903192	94
903194	94
903195	94
903196	93
903200	93
903202	95
903203	93
903204	94
903296	94
903297	96
903298	96
903299	94
903300	95
903360	92
903361	94
903362	94
903363	92
903364	93
903376	94
903384	94
903386	96
903387	94
903388	95
903392	93
903394	93
903395	93
903396	94
903424	93
903425	95
903426	95
903427	93
903428	94
903440	95
903448	93
903450	95
903451	95
903452	94
903456	94
903458	96
903459	94
903460	95
917504	89
917505	91
917506	91
917507	91
917508	90
917512	91
917520	91
917522	91
917523	91
917524	92
917528	91
917530	91
917531	91
917532	92
917536	90
917538	92
917539	90
917540	91
917568	91
917569	93
917570	93
917571	93
917572	92
917632	91
917633	93
917634	93
917635	91
917636	92
917648	93
917656	93
917658	93
917659	93
917660	92
917664	92
917666	94
917667	92
917668	93
917696	89
917697	91
917698	91
917699	89
917700	90
917712	91
917720	91
917722	93
917723	91
917724	92
917728	90
917730	90
917731	90
917732	91
917760	90
917761	92
917762	92
917763	92
917764	91
917776	92
917784	92
917786	92
917787	92
917788	93
917792	91
917794	93
917795	91
917796	92
918016	91
918017	93
918018	93
918019	91
918020	92
918024	93
918032	93
918034	93
918035	93
918036	94
918040	93
918042	93
918043	93
918044	92
918048	92
918050	92
918051	92
918052	93
918528	91
918529	93
918530	93
918531	91
918532	92
918536	93
918544	93
918546	93
918547	93
918548	94
918552	93
918554	93
918555	93
918556	94
918560	92
918562	92
918563	92
918564	93
918656	91
918657	93
918658	93
918659	93
918660	92
918720	91
918721	93
918722	93
918723	91
918724	92
918736	93
918744	93
918746	93
918747	93
918748	94
918752	92
918754	92
918755	92
918756	93
918784	92
918785	94
918786	94
918787	92
918788	93
918800	94
918808	92
918810	94
918811	94
918812	93
918816	93
918818	93
918819	93
918820	94
919040	91
919041	93
919042	93
919043	91
919044	92
919048	93
919056	93
919058	93
919059	93
919060	94
919064	91
919066	93
919067	93
919068	92
919072	92
919074	92
919075	92
919076	93
919168	91
919169	93
919170	93
919171	93
919172	92
919232	91
919233	93
919234	93
919235	91
919236	92
919248	93
919256	93
919258	93
919259	93
919260	94
919264	92
919266	92
919267	92
919268	93
919296	92
919297	94
919298	94
919299	92
919300	93
919312	94
919320	92
919322	94
919323	94
919324	93
919328	93
919330	93
919331	93
919332	94
919552	90
919553	92
919554	92
919555	90
919556	91
919560	92
919568	92
919570	92
919571	92
919572	93
919576	92
919578	92
919579	92
919580	93
919584	91
919586	91
919587	91
919588	92
919680	90
919681	92
919682	92
919683	92
919684	91
919744	90
919745	92
919746	92
919747	90
919748	91
919760	92
919768	92
919770	92
919771	92
919772	93
919776	91
919778	91
919779	91
919780	92
919808	91
919809	93
919810	93
919811	91
919812	92
919824	93
919832	93
919834	93
919835	93
919836	94
919840	92
919842	92
919843	92
919844	93
925696	89
925697	91
925698	91
925699	91
925700	90
925704	91
925712	91
925714	91
925715	91
925716	92
925720	91
925722	91
925723	91
925724	92
925728	90
925730	92
925731	92
925732	91
925760	91
925761	93
925762	93
925763	93
925764	92
925824	91
925825	93
925826	93
925827	93
925828	92
925840	93
925848	93
925850	93
925851	93
925852	94
925856	92
925858	94
925859	92
925860	93
925888	91
925889	93
925890	93
925891	91
925892	92
925904	93
925912	91
925914	93
925915	93
925916	92
925920	92
925922	92
925923	92
925924	93
925952	90
925953	92
925954	92
925955	92
925956	91
925968	92
925976	92
925978	92
925979	92
925980	93
925984	91
925986	93
925987	93
925988	92
929792	89
929793	91
929794	91
929795	91
929796	90
929800	91
929808	91
929810	91
929811	91
929812	92
929816	91
929818	91
929819	91
929820	92
929824	90
929826	92
929827	90
929828	91
929856	91
929857	93
929858	93
929859	93
929860	92
929920	91
929921	93
929922	93
929923	91
929924	92
929936	93
929944	93
929946	93
929947	93
929948	92
929952	92
929954	94
929955	92
929956	93
929984	89
929985	91
929986	91
929987	89
929988	90
930000	91
930008	91
930010	93
930011	91
930012	92
930016	90
930018	90
930019	90
930020	91
930048	90
930049	92
930050	92
930051	92
930052	91
930064	92
930072	92
930074	92
930075	92
930076	93
930080	91
930082	93
930083	91
930084	92
930816	91
930817	93
930818	93
930819	91
930820	92
930824	93
930832	93
930834	93
930835	93
930836	94
930840	93
930842	93
930843	93
930844	92
930848	92
930850	92
930851	92
930852	93
931328	91
931329	93
931330	93
931331	91
931332	92
931336	93
931344	93
931346	93
931347	93
931348	94
931352	93
931354	93
931355	93
931356	94
931360	92
931362	92
931363	92
931364	93
931456	91
931457	93
931458	93
931459	93
931460	92
931520	91
931521	93
931522	93
931523	91
931524	92
931536	93
931544	93
931546	93
931547	93
931548	94
931552	92
931554	92
931555	92
931556	93
931584	92
931585	94
931586	94
931587	92
931588	93
931600	94
931608	94
931610	94
931611	94
931612	95
931616	93
931618	93
931619	93
931620	94
931840	90
931841	92
931842	92
931843	90
931844	91
931848	92
931856	92
931858	92
931859	92
931860	93
931864	92
931866	92
931867	92
931868	93
931872	91
931874	91
931875	91
931876	92
931968	90
931969	92
931970	92
931971	92
931972	91
932032	90
932033	92
932034	92
932035	90
932036	91
932048	92
932056	92
932058	92
932059	92
932060	93
932064	91
932066	91
932067	91
932068	92
932096	91
932097	93
932098	93
932099	91
932100	92
932112	93
932120	93
932122	93
932123	93
932124	94
932128	92
932130	92
932131	92
932132	93
933888	90
933889	92
933890	92
933891	92
933892	91
933896	92
933904	92
933906	92
933907	92
933908	93
933912	92
933914	92
933915	92
933916	93
933920	91
933922	93
933923	91
933924	92
933952	92
933953	94
933954	94
933955	94
933956	93
934016	92
934017	94
934018	94
934019	92
934020	93
934032	94
934040	94
934042	94
934043	94
934044	93
934048	93
934050	95
934051	93
934052	94
934080	90
934081	92
934082	92
934083	90
934084	91
934096	92
934104	92
934106	94
934107	92
934108	93
934112	91
934114	91
934115	91
934116	92
934144	91
934145	93
934146	93
934147	93
934148	92
934160	93
934168	93
934170	93
934171	93
934172	94
934176	92
934178	94
934179	92
934180	93
934912	92
934913	94
934914	94
934915	92
934916	93
934920	94
934928	94
934930	94
934931	94
934932	95
934936	94
934938	94
934939	94
934940	93
934944	93
934946	93
934947	93
934948	94
935424	92
935425	94
935426	94
935427	92
935428	93
935432	94
935440	94
935442	94
935443	94
935444	95
935448	92
935450	94
935451	94
935452	93
935456	93
935458	93
935459	93
935460	94
935552	92
935553	94
935554	94
935555	94
935556	93
935616	92
935617	94
935618	94
935619	92
935620	93
935632	94
935640	94
935642	94
935643	94
935644	95
935648	93
935650	93
935651	93
935652	94
935680	93
935681	95
935682	95
935683	93
935684	94
935696	95
935704	93
935706	95
935707	95
935708	94
935712	94
935714	94
935715	94
935716	95
935936	91
935937	93
935938	93
935939	91
935940	92
935944	93
935952	93
935954	93
935955	93
935956	94
935960	93
935962	93
935963	93
935964	94
935968	92
935970	92
935971	92
935972	93
936064	91
936065	93
936066	93
936067	93
936068	92
936128	91
936129	93
936130	93
936131	91
936132	92
936144	93
936152	93
936154	93
936155	93
936156	94
936160	92
936162	92
936163	92
936164	93
936192	92
936193	94
936194	94
936195	92
936196	93
936208	94
936216	94
936218	94
936219	94
936220	95
936224	93
936226	93
936227	93
936228	94
1048576	89
1048577	91
1048578	91
1048579	89
1048580	90
1048584	91
1048592	91
1048594	91
1048595	91
1048596	92
1048600	91
1048602	91
1048603	91
1048604	90
1048608	90
1048610	92
1048611	90
1048612	91
1048640	91
1048641	93
1048642	93
1048643	91
1048644	92
1048704	91
1048705	93
1048706	93
1048707	91
1048708	92
1048720	91
1048728	91
1048730	93
1048731	93
1048732	92
1048736	92
1048738	94
1048739	90
1048740	93
1048768	89
1048769	91
1048770	91
1048771	89
1048772	90
1048784	91
1048792	91
1048794	93
1048795	91
1048796	92
1048800	90
1048802	90
1048803	90
1048804	91
1048832	90
1048833	92
1048834	92
1048835	90
1048836	91
1048848	92
1048856	92
1048858	92
1048859	92
1048860	91
1048864	91
1048866	93
1048867	91
1048868	92
1049088	91
1049089	93
1049090	93
1049091	91
1049092	92
1049096	93
1049104	93
1049106	93
1049107	93
1049108	94
1049112	93
1049114	93
1049115	93
1049116	92
1049120	92
1049122	92
1049123	92
1049124	93
1049600	91
1049601	93
1049602	93
1049603	91
1049604	92
1049608	93
1049616	93
1049618	93
1049619	93
1049620	94
1049624	93
1049626	93
1049627	93
1049628	92
1049632	92
1049634	94
1049635	92
1049636	93
1049728	91
1049729	93
1049730	93
1049731	93
1049732	92
1049792	91
1049793	93
1049794	93
1049795	91
1049796	92
1049808	93
1049816	93
1049818	93
1049819	93
1049820	94
1049824	92
1049826	92
1049827	92
1049828	93
1049856	92
1049857	94
1049858	94
1049859	92
1049860	93
1049872	94
1049880	92
1049882	94
1049883	94
1049884	93
1049888	93
1049890	93
1049891	93
1049892	94
1050112	91
1050113	91
1050114	93
1050115	91
1050116	92
1050120	93
1050128	93
1050130	93
1050131	93
1050132	94
1050136	91
1050138	91
1050139	93
1050140	90
1050144	92
1050146	92
1050147	92
1050148	93
1050240	91
1050241	93
1050242	93
1050243	93
1050244	92
1050304	91
1050305	93
1050306	93
1050307	91
1050308	92
1050320	93
1050328	93
1050330	93
1050331	93
1050332	92
1050336	92
1050338	94
1050339	92
1050340	93
1050368	92
1050369	92
1050370	92
1050371	92
1050372	91
1050384	92
1050392	92
1050394	92
1050395	92
1050396	91
1050400	93
1050402	93
1050403	93
1050404	92
1050624	90
1050625	92
1050626	92
1050627	90
1050628	91
1050632	92
1050640	92
1050642	92
1050643	92
1050644	93
1050648	92
1050650	92
1050651	92
1050652	91
1050656	91
1050658	93
1050659	91
1050660	92
1050752	92
1050753	94
1050754	94
1050755	92
1050756	93
1050816	90
1050817	92
1050818	92
1050819	90
1050820	91
1050832	92
1050840	92
1050842	94
1050843	92
1050844	93
1050848	91
1050850	91
1050851	91
1050852	92
1050880	91
1050881	93
1050882	93
1050883	91
1050884	92
1050896	93
1050904	93
1050906	93
1050907	93
1050908	92
1050912	92
1050914	94
1050915	92
1050916	93
1052672	91
1052673	93
1052674	93
1052675	91
1052676	92
1052680	93
1052688	93
1052690	93
1052691	93
1052692	94
1052696	91
1052698	93
1052699	93
1052700	92
1052704	92
1052706	94
1052707	92
1052708	93
1052736	93
1052737	95
1052738	95
1052739	93
1052740	94
1052800	93
1052801	95
1052802	95
1052803	93
1052804	94
1052816	93
1052824	93
1052826	95
1052827	95
1052828	94
1052832	94
1052834	96
1052835	92
1052836	95
1052864	91
1052865	93
1052866	93
1052867	91
1052868	92
1052880	93
1052888	93
1052890	95
1052891	93
1052892	94
1052896	92
1052898	92
1052899	92
1052900	93
1052928	92
1052929	94
1052930	94
1052931	92
1052932	93
1052944	94
1052952	92
1052954	94
1052955	94
1052956	93
1052960	93
1052962	95
1052963	93
1052964	94
1056768	91
1056769	93
1056770	93
1056771	91
1056772	92
1056776	93
1056784	93
1056786	93
1056787	93
1056788	94
1056792	93
1056794	93
1056795	93
1056796	92
1056800	92
1056802	94
1056803	92
1056804	93
1056832	93
1056833	95
1056834	95
1056835	93
1056836	94
1056896	93
1056897	95
1056898	95
1056899	93
1056900	94
1056912	93
1056920	93
1056922	95
1056923	95
1056924	94
1056928	94
1056930	96
1056931	92
1056932	95
1056960	91
1056961	93
1056962	93
1056963	91
1056964	92
1056976	93
1056984	93
1056986	95
1056987	93
1056988	94
1056992	92
1056994	92
1056995	92
1056996	93
1057024	92
1057025	94
1057026	94
1057027	92
1057028	93
1057040	94
1057048	92
1057050	94
1057051	94
1057052	93
1057056	93
1057058	95
1057059	93
1057060	94
1057792	91
1057793	93
1057794	93
1057795	91
1057796	92
1057800	93
1057808	93
1057810	93
1057811	93
1057812	94
1057816	93
1057818	93
1057819	93
1057820	92
1057824	92
1057826	94
1057827	92
1057828	93
1058304	91
1058305	93
1058306	93
1058307	91
1058308	92
1058312	93
1058320	93
1058322	93
1058323	93
1058324	94
1058328	91
1058330	93
1058331	93
1058332	92
1058336	92
1058338	94
1058339	92
1058340	93
1058432	93
1058433	95
1058434	95
1058435	93
1058436	94
1058496	93
1058497	95
1058498	95
1058499	93
1058500	94
1058512	93
1058520	93
1058522	95
1058523	95
1058524	94
1058528	94
1058530	96
1058531	92
1058532	95
1058560	92
1058561	94
1058562	94
1058563	92
1058564	93
1058576	94
1058584	92
1058586	94
1058587	94
1058588	93
1058592	93
1058594	95
1058595	93
1058596	94
1058816	92
1058817	94
1058818	94
1058819	92
1058820	93
1058824	92
1058832	94
1058834	94
1058835	92
1058836	93
1058840	92
1058842	94
1058843	94
1058844	93
1058848	93
1058850	95
1058851	91
1058852	94
1058944	94
1058945	96
1058946	96
1058947	94
1058948	95
1059008	90
1059009	92
1059010	92
1059011	90
1059012	91
1059024	92
1059032	94
1059034	96
1059035	92
1059036	95
1059040	91
1059042	93
1059043	91
1059044	92
1059072	93
1059073	95
1059074	95
1059075	93
1059076	94
1059088	93
1059096	93
1059098	95
1059099	95
1059100	94
1059104	94
1059106	96
1059107	92
1059108	95
1060864	89
1060865	91
1060866	91
1060867	91
1060868	90
1060872	91
1060880	91
1060882	91
1060883	91
1060884	92
1060888	91
1060890	91
1060891	91
1060892	92
1060896	90
1060898	92
1060899	90
1060900	91
1060928	91
1060929	93
1060930	93
1060931	93
1060932	92
1060992	91
1060993	93
1060994	93
1060995	91
1060996	92
1061008	93
1061016	93
1061018	93
1061019	93
1061020	92
1061024	92
1061026	94
1061027	92
1061028	93
1061056	89
1061057	91
1061058	91
1061059	89
1061060	90
1061072	91
1061080	91
1061082	93
1061083	91
1061084	92
1061088	90
1061090	90
1061091	90
1061092	91
1061120	90
1061121	92
1061122	92
1061123	92
1061124	91
1061136	92
1061144	92
1061146	92
1061147	92
1061148	93
1061152	91
1061154	93
1061155	91
1061156	92
1061888	91
1061889	93
1061890	93
1061891	91
1061892	92
1061896	93
1061904	93
1061906	93
1061907	93
1061908	94
1061912	93
1061914	93
1061915	93
1061916	92
1061920	92
1061922	92
1061923	92
1061924	93
1062400	91
1062401	93
1062402	93
1062403	91
1062404	92
1062408	93
1062416	93
1062418	93
1062419	93
1062420	94
1062424	93
1062426	93
1062427	93
1062428	92
1062432	92
1062434	94
1062435	92
1062436	93
1062528	93
1062529	95
1062530	95
1062531	93
1062532	94
1062592	91
1062593	93
1062594	93
1062595	91
1062596	92
1062608	93
1062616	93
1062618	95
1062619	93
1062620	94
1062624	92
1062626	92
1062627	92
1062628	93
1062656	92
1062657	94
1062658	94
1062659	92
1062660	93
1062672	94
1062680	92
1062682	94
1062683	94
1062684	93
1062688	93
1062690	95
1062691	93
1062692	94
1062912	90
1062913	92
1062914	92
1062915	90
1062916	91
1062920	92
1062928	92
1062930	92
1062931	92
1062932	93
1062936	92
1062938	92
1062939	92
1062940	93
1062944	91
1062946	91
1062947	91
1062948	92
1063040	90
1063041	92
1063042	92
1063043	92
1063044	91
1063104	90
1063105	92
1063106	92
1063107	90
1063108	91
1063120	92
1063128	92
1063130	92
1063131	92
1063132	93
1063136	91
1063138	91
1063139	91
1063140	92
1063168	91
1063169	93
1063170	93
1063171	91
1063172	92
1063184	93
1063192	93
1063194	93
1063195	93
1063196	94
1063200	92
1063202	92
1063203	92
1063204	93
1064960	90
1064961	92
1064962	92
1064963	90
1064964	91
1064968	92
1064976	92
1064978	92
1064979	92
1064980	93
1064984	92
1064986	92
1064987	92
1064988	91
1064992	91
1064994	93
1064995	91
1064996	92
1065024	92
1065025	94
1065026	94
1065027	92
1065028	93
1065088	92
1065089	94
1065090	94
1065091	92
1065092	93
1065104	92
1065112	92
1065114	94
1065115	94
1065116	93
1065120	93
1065122	95
1065123	91
1065124	94
1065152	90
1065153	92
1065154	92
1065155	90
1065156	91
1065168	92
1065176	92
1065178	94
1065179	92
1065180	93
1065184	91
1065186	91
1065187	91
1065188	92
1065216	91
1065217	93
1065218	93
1065219	91
1065220	92
1065232	93
1065240	91
1065242	93
1065243	93
1065244	92
1065248	92
1065250	94
1065251	92
1065252	93
1065984	92
1065985	94
1065986	94
1065987	92
1065988	93
1065992	94
1066000	94
1066002	94
1066003	94
1066004	95
1066008	94
1066010	94
1066011	94
1066012	93
1066016	93
1066018	93
1066019	93
1066020	94
1066496	90
1066497	92
1066498	92
1066499	92
1066500	91
1066504	92
1066512	92
1066514	92
1066515	92
1066516	93
1066520	90
1066522	92
1066523	92
1066524	91
1066528	91
1066530	93
1066531	93
1066532	92
1066624	92
1066625	94
1066626	94
1066627	92
1066628	93
1066688	92
1066689	94
1066690	94
1066691	92
1066692	93
1066704	94
1066712	92
1066714	94
1066715	94
1066716	93
1066720	93
1066722	95
1066723	93
1066724	94
1066752	91
1066753	93
1066754	93
1066755	93
1066756	92
1066768	93
1066776	91
1066778	93
1066779	93
1066780	92
1066784	92
1066786	94
1066787	94
1066788	93
1067008	91
1067009	93
1067010	93
1067011	91
1067012	92
1067016	93
1067024	93
1067026	93
1067027	93
1067028	94
1067032	93
1067034	93
1067035	93
1067036	92
1067040	92
1067042	94
1067043	92
1067044	93
1067136	93
1067137	95
1067138	95
1067139	93
1067140	94
1067200	91
1067201	93
1067202	93
1067203	91
1067204	92
1067216	93
1067224	93
1067226	95
1067227	93
1067228	94
1067232	92
1067234	92
1067235	92
1067236	93
1067264	92
1067265	94
1067266	94
1067267	92
1067268	93
1067280	94
1067288	92
1067290	94
1067291	94
1067292	93
1067296	93
1067298	95
1067299	93
1067300	94
1114112	91
1114113	93
1114114	93
1114115	91
1114116	92
1114120	93
1114128	93
1114130	93
1114131	93
1114132	94
1114136	93
1114138	93
1114139	93
1114140	92
1114144	92
1114146	94
1114147	92
1114148	93
1114176	93
1114177	95
1114178	95
1114179	93
1114180	94
1114240	93
1114241	95
1114242	95
1114243	93
1114244	94
1114256	93
1114264	93
1114266	95
1114267	95
1114268	94
1114272	94
1114274	96
1114275	92
1114276	95
1114304	91
1114305	93
1114306	93
1114307	91
1114308	92
1114320	93
1114328	93
1114330	95
1114331	93
1114332	94
1114336	92
1114338	92
1114339	92
1114340	93
1114368	92
1114369	94
1114370	94
1114371	92
1114372	93
1114384	94
1114392	94
1114394	94
1114395	94
1114396	93
1114400	93
1114402	95
1114403	93
1114404	94
1114624	93
1114625	95
1114626	95
1114627	93
1114628	94
1114632	95
1114640	95
1114642	95
1114643	95
1114644	96
1114648	95
1114650	95
1114651	95
1114652	94
1114656	94
1114658	94
1114659	94
1114660	95
1115136	93
1115137	95
1115138	95
1115139	93
1115140	94
1115144	95
1115152	95
1115154	95
1115155	95
1115156	96
1115160	95
1115162	95
1115163	95
1115164	94
1115168	94
1115170	94
1115171	94
1115172	95
1115264	93
1115265	95
1115266	95
1115267	95
1115268	94
1115328	93
1115329	95
1115330	95
1115331	93
1115332	94
1115344	95
1115352	95
1115354	95
1115355	95
1115356	96
1115360	94
1115362	94
1115363	94
1115364	95
1115392	94
1115393	96
1115394	96
1115395	94
1115396	95
1115408	96
1115416	94
1115418	96
1115419	96
1115420	95
1115424	95
1115426	95
1115427	95
1115428	96
1115648	93
1115649	93
1115650	95
1115651	93
1115652	94
1115656	95
1115664	95
1115666	95
1115667	95
1115668	96
1115672	93
1115674	93
1115675	95
1115676	92
1115680	94
1115682	94
1115683	94
1115684	95
1115776	93
1115777	95
1115778	95
1115779	95
1115780	94
1115840	93
1115841	95
1115842	95
1115843	93
1115844	94
1115856	95
1115864	95
1115866	95
1115867	95
1115868	94
1115872	94
1115874	94
1115875	94
1115876	95
1115904	94
1115905	94
1115906	94
1115907	94
1115908	93
1115920	94
1115928	94
1115930	94
1115931	94
1115932	93
1115936	95
1115938	95
1115939	95
1115940	94
1116160	92
1116161	94
1116162	94
1116163	92
1116164	93
1116168	94
1116176	94
1116178	94
1116179	94
1116180	95
1116184	94
1116186	94
1116187	94
1116188	93
1116192	93
1116194	93
1116195	93
1116196	94
1116288	92
1116289	94
1116290	94
1116291	94
1116292	93
1116352	92
1116353	94
1116354	94
1116355	92
1116356	93
1116368	94
1116376	94
1116378	94
1116379	94
1116380	95
1116384	93
1116386	93
1116387	93
1116388	94
1116416	93
1116417	95
1116418	95
1116419	93
1116420	94
1116432	95
1116440	95
1116442	95
1116443	95
1116444	94
1116448	94
1116450	94
1116451	94
1116452	95
1146880	89
1146881	91
1146882	91
1146883	91
1146884	90
1146888	91
1146896	91
1146898	91
1146899	91
1146900	92
1146904	91
1146906	91
1146907	91
1146908	90
1146912	90
1146914	92
1146915	92
1146916	91
1146944	91
1146945	93
1146946	93
1146947	91
1146948	92
1147008	91
1147009	93
1147010	93
1147011	93
1147012	92
1147024	93
1147032	91
1147034	93
1147035	93
1147036	92
1147040	92
1147042	94
1147043	92
1147044	93
1147072	91
1147073	93
1147074	93
1147075	91
1147076	92
1147088	93
1147096	91
1147098	93
1147099	93
1147100	92
1147104	92
1147106	92
1147107	92
1147108	93
1147136	90
1147137	92
1147138	92
1147139	92
1147140	91
1147152	92
1147160	90
1147162	92
1147163	92
1147164	91
1147168	91
1147170	93
1147171	93
1147172	92
1147392	91
1147393	93
1147394	93
1147395	91
1147396	92
1147400	93
1147408	93
1147410	93
1147411	93
1147412	94
1147416	93
1147418	93
1147419	93
1147420	92
1147424	92
1147426	92
1147427	92
1147428	93
1147904	91
1147905	93
1147906	93
1147907	93
1147908	92
1147912	93
1147920	93
1147922	93
1147923	93
1147924	94
1147928	91
1147930	93
1147931	93
1147932	92
1147936	92
1147938	94
1147939	94
1147940	93
1148032	91
1148033	93
1148034	93
1148035	93
1148036	92
1148096	91
1148097	93
1148098	93
1148099	91
1148100	92
1148112	93
1148120	93
1148122	93
1148123	93
1148124	94
1148128	92
1148130	92
1148131	92
1148132	93
1148160	92
1148161	94
1148162	94
1148163	92
1148164	93
1148176	94
1148184	92
1148186	94
1148187	94
1148188	93
1148192	93
1148194	93
1148195	93
1148196	94
1148416	89
1148417	91
1148418	91
1148419	91
1148420	90
1148424	91
1148432	91
1148434	91
1148435	91
1148436	92
1148440	89
1148442	91
1148443	91
1148444	90
1148448	90
1148450	92
1148451	92
1148452	91
1148544	91
1148545	93
1148546	93
1148547	91
1148548	92
1148608	91
1148609	93
1148610	93
1148611	93
1148612	92
1148624	93
1148632	91
1148634	93
1148635	93
1148636	92
1148640	92
1148642	94
1148643	94
1148644	93
1148672	90
1148673	92
1148674	92
1148675	92
1148676	91
1148688	92
1148696	90
1148698	92
1148699	92
1148700	91
1148704	91
1148706	93
1148707	93
1148708	92
1148928	90
1148929	92
1148930	92
1148931	92
1148932	91
1148936	92
1148944	92
1148946	92
1148947	92
1148948	93
1148952	92
1148954	92
1148955	92
1148956	91
1148960	91
1148962	93
1148963	93
1148964	92
1149056	92
1149057	94
1149058	94
1149059	92
1149060	93
1149120	92
1149121	94
1149122	94
1149123	92
1149124	93
1149136	94
1149144	92
1149146	94
1149147	94
1149148	93
1149152	93
1149154	93
1149155	93
1149156	94
1149184	91
1149185	93
1149186	93
1149187	93
1149188	92
1149200	93
1149208	91
1149210	93
1149211	93
1149212	92
1149216	92
1149218	94
1149219	94
1149220	93
1155072	91
1155073	93
1155074	93
1155075	91
1155076	92
1155080	93
1155088	93
1155090	93
1155091	93
1155092	94
1155096	93
1155098	93
1155099	93
1155100	92
1155104	92
1155106	94
1155107	92
1155108	93
1155136	93
1155137	95
1155138	95
1155139	93
1155140	94
1155200	93
1155201	95
1155202	95
1155203	93
1155204	94
1155216	95
1155224	93
1155226	95
1155227	95
1155228	94
1155232	94
1155234	96
1155235	94
1155236	95
1155264	91
1155265	93
1155266	93
1155267	91
1155268	92
1155280	93
1155288	93
1155290	95
1155291	93
1155292	94
1155296	92
1155298	92
1155299	92
1155300	93
1155328	92
1155329	94
1155330	94
1155331	92
1155332	93
1155344	94
1155352	92
1155354	94
1155355	94
1155356	93
1155360	93
1155362	95
1155363	93
1155364	94
1159168	91
1159169	93
1159170	93
1159171	91
1159172	92
1159176	93
1159184	93
1159186	93
1159187	93
1159188	94
1159192	93
1159194	93
1159195	93
1159196	92
1159200	92
1159202	94
1159203	92
1159204	93
1159232	93
1159233	95
1159234	95
1159235	93
1159236	94
1159296	93
1159297	95
1159298	95
1159299	93
1159300	94
1159312	93
1159320	93
1159322	95
1159323	95
1159324	94
1159328	94
1159330	96
1159331	92
1159332	95
1159360	91
1159361	93
1159362	93
1159363	91
1159364	92
1159376	93
1159384	93
1159386	95
1159387	93
1159388	94
1159392	92
1159394	92
1159395	92
1159396	93
1159424	92
1159425	94
1159426	94
1159427	92
1159428	93
1159440	94
1159448	92
1159450	94
1159451	94
1159452	93
1159456	93
1159458	95
1159459	93
1159460	94
1160192	93
1160193	95
1160194	95
1160195	93
1160196	94
1160200	95
1160208	95
1160210	95
1160211	95
1160212	96
1160216	95
1160218	95
1160219	95
1160220	94
1160224	94
1160226	94
1160227	94
1160228	95
1160704	91
1160705	93
1160706	93
1160707	93
1160708	92
1160712	93
1160720	93
1160722	93
1160723	93
1160724	94
1160728	93
1160730	93
1160731	93
1160732	92
1160736	92
1160738	94
1160739	94
1160740	93
1160832	93
1160833	95
1160834	95
1160835	93
1160836	94
1160896	93
1160897	95
1160898	95
1160899	93
1160900	94
1160912	95
1160920	93
1160922	95
1160923	95
1160924	94
1160928	94
1160930	96
1160931	94
1160932	95
1160960	92
1160961	94
1160962	94
1160963	94
1160964	93
1160976	94
1160984	92
1160986	94
1160987	94
1160988	93
1160992	93
1160994	95
1160995	95
1160996	94
1161216	92
1161217	94
1161218	94
1161219	92
1161220	93
1161224	94
1161232	94
1161234	94
1161235	94
1161236	95
1161240	94
1161242	94
1161243	94
1161244	93
1161248	93
1161250	95
1161251	93
1161252	94
1161344	94
1161345	96
1161346	96
1161347	94
1161348	95
1161408	92
1161409	94
1161410	94
1161411	92
1161412	93
1161424	94
1161432	94
1161434	96
1161435	94
1161436	95
1161440	93
1161442	93
1161443	93
1161444	94
1161472	93
1161473	95
1161474	95
1161475	93
1161476	94
1161488	95
1161496	93
1161498	95
1161499	95
1161500	94
1161504	94
1161506	96
1161507	94
1161508	95
1163264	90
1163265	92
1163266	92
1163267	92
1163268	91
1163272	92
1163280	92
1163282	92
1163283	92
1163284	93
1163288	92
1163290	92
1163291	92
1163292	91
1163296	91
1163298	93
1163299	93
1163300	92
1163328	92
1163329	94
1163330	94
1163331	92
1163332	93
1163392	92
1163393	94
1163394	94
1163395	94
1163396	93
1163408	94
1163416	92
1163418	94
1163419	94
1163420	93
1163424	93
1163426	95
1163427	93
1163428	94
1163456	92
1163457	94
1163458	94
1163459	92
1163460	93
1163472	94
1163480	92
1163482	94
1163483	94
1163484	93
1163488	93
1163490	93
1163491	93
1163492	94
1163520	91
1163521	93
1163522	93
1163523	93
1163524	92
1163536	93
1163544	91
1163546	93
1163547	93
1163548	92
1163552	92
1163554	94
1163555	94
1163556	93
1164288	92
1164289	94
1164290	94
1164291	92
1164292	93
1164296	94
1164304	94
1164306	94
1164307	94
1164308	95
1164312	94
1164314	94
1164315	94
1164316	93
1164320	93
1164322	93
1164323	93
1164324	94
1164800	90
1164801	92
1164802	92
1164803	92
1164804	91
1164808	92
1164816	92
1164818	92
1164819	92
1164820	93
1164824	90
1164826	92
1164827	92
1164828	91
1164832	91
1164834	93
1164835	93
1164836	92
1164928	92
1164929	94
1164930	94
1164931	92
1164932	93
1164992	92
1164993	94
1164994	94
1164995	94
1164996	93
1165008	94
1165016	92
1165018	94
1165019	94
1165020	93
1165024	93
1165026	95
1165027	95
1165028	94
1165056	91
1165057	93
1165058	93
1165059	93
1165060	92
1165072	93
1165080	91
1165082	93
1165083	93
1165084	92
1165088	92
1165090	94
1165091	94
1165092	93
1165312	91
1165313	93
1165314	93
1165315	93
1165316	92
1165320	93
1165328	93
1165330	93
1165331	93
1165332	94
1165336	93
1165338	93
1165339	93
1165340	92
1165344	92
1165346	94
1165347	94
1165348	93
1165440	93
1165441	95
1165442	95
1165443	93
1165444	94
1165504	93
1165505	95
1165506	95
1165507	93
1165508	94
1165520	95
1165528	93
1165530	95
1165531	95
1165532	94
1165536	94
1165538	94
1165539	94
1165540	95
1165568	92
1165569	94
1165570	94
1165571	94
1165572	93
1165584	94
1165592	92
1165594	94
1165595	94
1165596	93
1165600	93
1165602	95
1165603	95
1165604	94
1179648	90
1179649	92
1179650	92
1179651	90
1179652	91
1179656	92
1179664	92
1179666	92
1179667	92
1179668	93
1179672	92
1179674	92
1179675	92
1179676	91
1179680	91
1179682	93
1179683	91
1179684	92
1179712	92
1179713	94
1179714	94
1179715	92
1179716	93
1179776	92
1179777	94
1179778	94
1179779	92
1179780	93
1179792	92
1179800	92
1179802	94
1179803	94
1179804	93
1179808	93
1179810	95
1179811	91
1179812	94
1179840	90
1179841	92
1179842	92
1179843	90
1179844	91
1179856	92
1179864	92
1179866	94
1179867	92
1179868	93
1179872	91
1179874	91
1179875	91
1179876	92
1179904	91
1179905	93
1179906	93
1179907	91
1179908	92
1179920	93
1179928	93
1179930	93
1179931	93
1179932	92
1179936	92
1179938	94
1179939	92
1179940	93
1180160	92
1180161	94
1180162	94
1180163	92
1180164	93
1180168	94
1180176	94
1180178	94
1180179	94
1180180	95
1180184	94
1180186	94
1180187	94
1180188	93
1180192	93
1180194	93
1180195	93
1180196	94
1180672	92
1180673	94
1180674	94
1180675	92
1180676	93
1180680	94
1180688	94
1180690	94
1180691	94
1180692	95
1180696	94
1180698	94
1180699	94
1180700	93
1180704	93
1180706	95
1180707	93
1180708	94
1180800	92
1180801	94
1180802	94
1180803	94
1180804	93
1180864	92
1180865	94
1180866	94
1180867	92
1180868	93
1180880	94
1180888	94
1180890	94
1180891	94
1180892	95
1180896	93
1180898	93
1180899	93
1180900	94
1180928	93
1180929	95
1180930	95
1180931	93
1180932	94
1180944	95
1180952	93
1180954	95
1180955	95
1180956	94
1180960	94
1180962	94
1180963	94
1180964	95
1181184	92
1181185	92
1181186	94
1181187	92
1181188	93
1181192	94
1181200	94
1181202	94
1181203	94
1181204	95
1181208	92
1181210	92
1181211	94
1181212	91
1181216	93
1181218	93
1181219	93
1181220	94
1181312	92
1181313	94
1181314	94
1181315	94
1181316	93
1181376	92
1181377	94
1181378	94
1181379	92
1181380	93
1181392	94
1181400	94
1181402	94
1181403	94
1181404	93
1181408	93
1181410	95
1181411	93
1181412	94
1181440	93
1181441	93
1181442	93
1181443	93
1181444	92
1181456	93
1181464	93
1181466	93
1181467	93
1181468	92
1181472	94
1181474	94
1181475	94
1181476	93
1181696	91
1181697	93
1181698	93
1181699	91
1181700	92
1181704	93
1181712	93
1181714	93
1181715	93
1181716	94
1181720	93
1181722	93
1181723	93
1181724	92
1181728	92
1181730	94
1181731	92
1181732	93
1181824	93
1181825	95
1181826	95
1181827	93
1181828	94
1181888	91
1181889	93
1181890	93
1181891	91
1181892	92
1181904	93
1181912	93
1181914	95
1181915	93
1181916	94
1181920	92
1181922	92
1181923	92
1181924	93
1181952	92
1181953	94
1181954	94
1181955	92
1181956	93
1181968	94
1181976	94
1181978	94
1181979	94
1181980	93
1181984	93
1181986	95
1181987	93
1181988	94
1187840	92
1187841	94
1187842	94
1187843	92
1187844	93
1187848	94
1187856	94
1187858	94
1187859	94
1187860	95
1187864	92
1187866	94
1187867	94
1187868	93
1187872	93
1187874	95
1187875	93
1187876	94
1187904	94
1187905	96
1187906	96
1187907	94
1187908	95
1187968	94
1187969	96
1187970	96
1187971	94
1187972	95
1187984	94
1187992	94
1187994	96
1187995	96
1187996	95
1188000	95
1188002	97
1188003	93
1188004	96
1188032	92
1188033	94
1188034	94
1188035	92
1188036	93
1188048	94
1188056	94
1188058	96
1188059	94
1188060	95
1188064	93
1188066	93
1188067	93
1188068	94
1188096	93
1188097	95
1188098	95
1188099	93
1188100	94
1188112	95
1188120	93
1188122	95
1188123	95
1188124	94
1188128	94
1188130	96
1188131	94
1188132	95
1191936	90
1191937	92
1191938	92
1191939	92
1191940	91
1191944	92
1191952	92
1191954	92
1191955	92
1191956	93
1191960	92
1191962	92
1191963	92
1191964	93
1191968	91
1191970	93
1191971	91
1191972	92
1192000	92
1192001	94
1192002	94
1192003	94
1192004	93
1192064	92
1192065	94
1192066	94
1192067	92
1192068	93
1192080	94
1192088	94
1192090	94
1192091	94
1192092	93
1192096	93
1192098	95
1192099	93
1192100	94
1192128	90
1192129	92
1192130	92
1192131	90
1192132	91
1192144	92
1192152	92
1192154	94
1192155	92
1192156	93
1192160	91
1192162	91
1192163	91
1192164	92
1192192	91
1192193	93
1192194	93
1192195	93
1192196	92
1192208	93
1192216	93
1192218	93
1192219	93
1192220	94
1192224	92
1192226	94
1192227	92
1192228	93
1192960	92
1192961	94
1192962	94
1192963	92
1192964	93
1192968	94
1192976	94
1192978	94
1192979	94
1192980	95
1192984	94
1192986	94
1192987	94
1192988	93
1192992	93
1192994	93
1192995	93
1192996	94
1193472	92
1193473	94
1193474	94
1193475	92
1193476	93
1193480	94
1193488	94
1193490	94
1193491	94
1193492	95
1193496	94
1193498	94
1193499	94
1193500	93
1193504	93
1193506	95
1193507	93
1193508	94
1193600	94
1193601	96
1193602	96
1193603	94
1193604	95
1193664	92
1193665	94
1193666	94
1193667	92
1193668	93
1193680	94
1193688	94
1193690	96
1193691	94
1193692	95
1193696	93
1193698	93
1193699	93
1193700	94
1193728	93
1193729	95
1193730	95
1193731	93
1193732	94
1193744	95
1193752	93
1193754	95
1193755	95
1193756	94
1193760	94
1193762	96
1193763	94
1193764	95
1193984	91
1193985	93
1193986	93
1193987	91
1193988	92
1193992	93
1194000	93
1194002	93
1194003	93
1194004	94
1194008	93
1194010	93
1194011	93
1194012	94
1194016	92
1194018	92
1194019	92
1194020	93
1194112	91
1194113	93
1194114	93
1194115	93
1194116	92
1194176	91
1194177	93
1194178	93
1194179	91
1194180	92
1194192	93
1194200	93
1194202	93
1194203	93
1194204	94
1194208	92
1194210	92
1194211	92
1194212	93
1194240	92
1194241	94
1194242	94
1194243	92
1194244	93
1194256	94
1194264	94
1194266	94
1194267	94
1194268	95
1194272	93
1194274	93
1194275	93
1194276	94
1196032	91
1196033	93
1196034	93
1196035	91
1196036	92
1196040	93
1196048	93
1196050	93
1196051	93
1196052	94
1196056	93
1196058	93
1196059	93
1196060	92
1196064	92
1196066	94
1196067	92
1196068	93
1196096	93
1196097	95
1196098	95
1196099	93
1196100	94
1196160	93
1196161	95
1196162	95
1196163	93
1196164	94
1196176	93
1196184	93
1196186	95
1196187	95
1196188	94
1196192	94
1196194	96
1196195	92
1196196	95
1196224	91
1196225	93
1196226	93
1196227	91
1196228	92
1196240	93
1196248	93
1196250	95
1196251	93
1196252	94
1196256	92
1196258	92
1196259	92
1196260	93
1196288	92
1196289	94
1196290	94
1196291	92
1196292	93
1196304	94
1196312	92
1196314	94
1196315	94
1196316	93
1196320	93
1196322	95
1196323	93
1196324	94
1197056	93
1197057	95
1197058	95
1197059	93
1197060	94
1197064	95
1197072	95
1197074	95
1197075	95
1197076	96
1197080	95
1197082	95
1197083	95
1197084	94
1197088	94
1197090	94
1197091	94
1197092	95
1197568	91
1197569	93
1197570	93
1197571	93
1197572	92
1197576	93
1197584	93
1197586	93
1197587	93
1197588	94
1197592	91
1197594	93
1197595	93
1197596	92
1197600	92
1197602	94
1197603	94
1197604	93
1197696	93
1197697	95
1197698	95
1197699	93
1197700	94
1197760	93
1197761	95
1197762	95
1197763	93
1197764	94
1197776	95
1197784	93
1197786	95
1197787	95
1197788	94
1197792	94
1197794	96
1197795	94
1197796	95
1197824	92
1197825	94
1197826	94
1197827	94
1197828	93
1197840	94
1197848	92
1197850	94
1197851	94
1197852	93
1197856	93
1197858	95
1197859	95
1197860	94
1198080	92
1198081	94
1198082	94
1198083	92
1198084	93
1198088	94
1198096	94
1198098	94
1198099	94
1198100	95
1198104	94
1198106	94
1198107	94
1198108	93
1198112	93
1198114	95
1198115	93
1198116	94
1198208	94
1198209	96
1198210	96
1198211	94
1198212	95
1198272	92
1198273	94
1198274	94
1198275	92
1198276	93
1198288	94
1198296	94
1198298	96
1198299	94
1198300	95
1198304	93
1198306	93
1198307	93
1198308	94
1198336	93
1198337	95
1198338	95
1198339	93
1198340	94
1198352	95
1198360	93
1198362	95
1198363	95
1198364	94
1198368	94
1198370	96
1198371	94
1198372	95
